userId,title,score
1,Boys  Les (1997),5.2429185
1,Santa with Muscles (1996),5.188044
1,Faust (1994),5.1451855
1,Angel Baby (1995),4.9448853
1,Close Shave  A (1995),4.9332767
1,Wallace & Gromit: The Best of Aardman Animation (1996),4.9175
1,Wrong Trousers  The (1993),4.9089613
1,Aiqing wansui (1994),4.8761344
1,Pather Panchali (1955),4.871785
1,Saint of Fort Washington  The (1993),4.8346534
2,Angel Baby (1995),5.2589087
2,Boys  Les (1997),4.9265437
2,Pather Panchali (1955),4.9027457
2,Anna (1996),4.7868514
2,Santa with Muscles (1996),4.721629
2,Some Mother's Son (1996),4.6866956
2,They Made Me a Criminal (1939),4.646717
2,Spanish Prisoner  The (1997),4.6424417
2,Butcher Boy  The (1998),4.6424417
2,Butcher Boy  The (1998),4.6424417
3,Love and Death on Long Island (1997),4.5351615
3,In the Line of Duty 2 (1987),4.466434
3,8 Heads in a Duffel Bag (1997),4.2946215
3,Boys  Les (1997),4.165404
3,Winter Guest  The (1997),4.1045423
3,Saint of Fort Washington  The (1993),4.1021447
3,Paradise Lost: The Child Murders at Robin Hood Hills (1996),4.0778313
3,Brother Minister: The Assassination of Malcolm X (1994),3.8464143
3,Clerks (1994),3.838382
3,Bad Taste (1987),3.8107529
4,Stalker (1979),6.4269533
4,Slingshot  The (1993),6.3198037
4,Bitter Sugar (Azucar Amargo) (1996),6.1837626
4,Some Mother's Son (1996),6.0596447
4,American Dream (1990),6.052496
4,To Live (Huozhe) (1994),5.9352
4,Margaret's Museum (1995),5.9160643
4,Star Kid (1997),5.8215346
4,Spanish Prisoner  The (1997),5.7987347
4,Butcher Boy  The (1998),5.7987347
5,Santa with Muscles (1996),4.8116455
5,Faust (1994),4.756447
5,Little City (1998),4.603143
5,Wallace & Gromit: The Best of Aardman Animation (1996),4.556378
5,Mina Tannenbaum (1994),4.530726
5,Wrong Trousers  The (1993),4.502177
5,Nico Icon (1995),4.4326134
5,Maya Lin: A Strong Clear Vision (1994),4.4251847
5,Close Shave  A (1995),4.3936205
5,Boys  Les (1997),4.3646407
6,Angel Baby (1995),5.8261485
6,Boys  Les (1997),5.6716676
6,World of Apu  The (Apur Sansar) (1959),4.96366
6,Pather Panchali (1955),4.6576014
6,The Deadly Cure (1996),4.5962334
6,In the Bleak Midwinter (1995),4.486977
6,Anna (1996),4.3908415
6,Aiqing wansui (1994),4.3759303
6,Sunset Blvd. (1950),4.374563
6,When We Were Kings (1996),4.365232
7,Angel Baby (1995),5.641545
7,Boys  Les (1997),5.588483
7,Saint of Fort Washington  The (1993),5.271012
7,Pather Panchali (1955),5.202661
7,Santa with Muscles (1996),5.0794206
7,Schindler's List (1993),5.0050025
7,Anna (1996),5.004577
7,Shawshank Redemption  The (1994),4.976754
7,Spanish Prisoner  The (1997),4.965947
7,Butcher Boy  The (1998),4.965947
8,Boys  Les (1997),5.7980433
8,Angel Baby (1995),5.427055
8,Santa with Muscles (1996),5.15977
8,Saint of Fort Washington  The (1993),5.0680947
8,Faust (1994),4.98922
8,Pather Panchali (1955),4.8614154
8,Star Wars (1977),4.851214
8,Wrong Trousers  The (1993),4.766126
8,Close Shave  A (1995),4.7578554
8,They Made Me a Criminal (1939),4.7262297
9,8 Heads in a Duffel Bag (1997),5.4257255
9,Saint of Fort Washington  The (1993),5.414683
9,Boys  Les (1997),5.3533125
9,Angel Baby (1995),5.3259306
9,Pather Panchali (1955),5.249036
9,Golden Earrings (1947),5.211969
9,Spanish Prisoner  The (1997),5.110658
9,Butcher Boy  The (1998),5.110658
9,Butcher Boy  The (1998),5.110658
9,Brothers in Trouble (1995),5.110658
10,Angel Baby (1995),5.473832
10,Boys  Les (1997),5.4562507
10,Pather Panchali (1955),5.177573
10,Saint of Fort Washington  The (1993),5.139489
10,Anna (1996),4.9961715
10,Santa with Muscles (1996),4.9729304
10,Spanish Prisoner  The (1997),4.965638
10,Butcher Boy  The (1998),4.965638
10,Butcher Boy  The (1998),4.965638
10,Brothers in Trouble (1995),4.965638
11,Angel Baby (1995),4.518253
11,Pather Panchali (1955),4.4905667
11,N?nette et Boni (1996),4.4448924
11,Anna (1996),4.444728
11,Santa with Muscles (1996),4.4254317
11,Star Kid (1997),4.41563
11,Some Mother's Son (1996),4.4028163
11,Horseman on the Roof  The (Hussard sur le toit  Le) (1995),4.366144
11,Spanish Prisoner  The (1997),4.3427906
11,Butcher Boy  The (1998),4.3427906
12,Hurricane Streets (1998),5.461845
12,8 Heads in a Duffel Bag (1997),5.2442427
12,Golden Earrings (1947),5.186067
12,Pather Panchali (1955),5.073217
12,Saint of Fort Washington  The (1993),5.05731
12,Star Kid (1997),5.0538526
12,Some Mother's Son (1996),5.0533075
12,Anna (1996),5.0235023
12,Schindler's List (1993),5.022524
12,Shawshank Redemption  The (1994),4.9892936
13,Angel Baby (1995),5.113944
13,Close Shave  A (1995),4.863452
13,Great Day in Harlem  A (1994),4.8450875
13,Faust (1994),4.7569537
13,Santa with Muscles (1996),4.7470684
13,Boys  Les (1997),4.73615
13,Whole Wide World  The (1996),4.7281113
13,N?nette et Boni (1996),4.704119
13,Wrong Trousers  The (1993),4.6871357
13,Two or Three Things I Know About Her (1966),4.6702995
14,Santa with Muscles (1996),5.15822
14,Boys  Les (1997),5.1063476
14,Faust (1994),5.1023498
14,Close Shave  A (1995),4.953284
14,Wrong Trousers  The (1993),4.914868
14,Angel Baby (1995),4.91308
14,Wallace & Gromit: The Best of Aardman Animation (1996),4.898789
14,Pather Panchali (1955),4.8214097
14,Aiqing wansui (1994),4.80393
14,Two or Three Things I Know About Her (1966),4.7822304
15,N?nette et Boni (1996),4.9278846
15,Sum of Us  The (1994),4.470945
15,Whole Wide World  The (1996),4.394857
15,Hugo Pool (1997),4.193167
15,So Dear to My Heart (1949),4.1350613
15,Horseman on the Roof  The (Hussard sur le toit  Le) (1995),4.0530186
15,Boys of St. Vincent  The (1993),4.0481067
15,Crooklyn (1994),4.013768
15,Swept from the Sea (1997),3.9960177
15,Love! Valour! Compassion! (1997),3.9751334
16,Boys  Les (1997),6.2366977
16,Angel Baby (1995),5.7683096
16,Saint of Fort Washington  The (1993),5.682782
16,Santa with Muscles (1996),5.343355
16,Pather Panchali (1955),5.243317
16,Golden Earrings (1947),5.1938753
16,Star Wars (1977),5.1906166
16,Shawshank Redemption  The (1994),5.182058
16,Raiders of the Lost Ark (1981),5.1407857
16,Schindler's List (1993),5.1099463
17,Mina Tannenbaum (1994),4.4177403
17,Faust (1994),4.3043036
17,Little City (1998),4.3026857
17,Santa with Muscles (1996),4.301688
17,Kaspar Hauser (1993),4.227045
17,Aiqing wansui (1994),4.214912
17,Nico Icon (1995),4.199896
17,American Dream (1990),4.1961713
17,Boy's Life 2 (1997),4.185218
17,Wallace & Gromit: The Best of Aardman Animation (1996),4.175955
18,Angel Baby (1995),5.007226
18,Pather Panchali (1955),4.8980384
18,Some Mother's Son (1996),4.855036
18,Anna (1996),4.8182054
18,Spanish Prisoner  The (1997),4.6661434
18,Butcher Boy  The (1998),4.6661434
18,Butcher Boy  The (1998),4.6661434
18,Brothers in Trouble (1995),4.6661434
18,N?nette et Boni (1996),4.662562
18,Someone Else's America (1995),4.601256
19,Angel Baby (1995),5.4452806
19,Boys  Les (1997),5.215219
19,Pather Panchali (1955),4.801378
19,World of Apu  The (Apur Sansar) (1959),4.6066384
19,Anna (1996),4.593943
19,The Deadly Cure (1996),4.5808783
19,Some Mother's Son (1996),4.483282
19,Saint of Fort Washington  The (1993),4.473546
19,Someone Else's America (1995),4.4543424
19,Spanish Prisoner  The (1997),4.4454036
20,Visitors  The (Visiteurs  Les) (1993),4.6529107
20,Hurricane Streets (1998),4.1650395
20,Golden Earrings (1947),3.9964066
20,Sum of Us  The (1994),3.877635
20,Rough Magic (1995),3.874499
20,Horseman on the Roof  The (Hussard sur le toit  Le) (1995),3.8632374
20,Boys of St. Vincent  The (1993),3.7901886
20,Sixth Man  The (1997),3.7842677
20,Doom Generation  The (1995),3.7716222
20,Mondo (1996),3.7640018
21,Boys  Les (1997),5.337626
21,Angel Baby (1995),4.877056
21,Pather Panchali (1955),4.562422
21,Saint of Fort Washington  The (1993),4.534267
21,Mina Tannenbaum (1994),4.390424
21,Spanish Prisoner  The (1997),4.3809714
21,Butcher Boy  The (1998),4.3809714
21,Butcher Boy  The (1998),4.3809714
21,Brothers in Trouble (1995),4.3809714
21,Santa with Muscles (1996),4.353005
22,Boys  Les (1997),6.1466374
22,Angel Baby (1995),5.3808737
22,Saint of Fort Washington  The (1993),5.1695995
22,Santa with Muscles (1996),5.0293436
22,Faust (1994),4.8477798
22,Pather Panchali (1955),4.7764535
22,Star Wars (1977),4.7677
22,Godfather  The (1972),4.7197723
22,Usual Suspects  The (1995),4.6852155
22,Godfather: Part II  The (1974),4.647432
23,Angel Baby (1995),4.825166
23,Boys  Les (1997),4.7749577
23,Santa with Muscles (1996),4.7382936
23,Faust (1994),4.7076716
23,Close Shave  A (1995),4.6563725
23,Pather Panchali (1955),4.6181946
23,Wrong Trousers  The (1993),4.5609517
23,Wallace & Gromit: The Best of Aardman Animation (1996),4.536321
23,Anna (1996),4.531089
23,Aiqing wansui (1994),4.5301967
24,Saint of Fort Washington  The (1993),5.38595
24,Pather Panchali (1955),5.3817515
24,Boys  Les (1997),5.308988
24,Spanish Prisoner  The (1997),5.293076
24,Butcher Boy  The (1998),5.293076
24,Butcher Boy  The (1998),5.293076
24,Brothers in Trouble (1995),5.293076
24,Some Mother's Son (1996),5.2767715
24,Anna (1996),5.2232814
24,Angel Baby (1995),5.211742
25,Santa with Muscles (1996),4.8832693
25,Star Kid (1997),4.811212
25,Horseman on the Roof  The (Hussard sur le toit  Le) (1995),4.7937684
25,Saint of Fort Washington  The (1993),4.75016
25,Pather Panchali (1955),4.6717587
25,Spanish Prisoner  The (1997),4.6617618
25,Butcher Boy  The (1998),4.6617618
25,Butcher Boy  The (1998),4.6617618
25,Brothers in Trouble (1995),4.6617618
25,Wrong Trousers  The (1993),4.6565046
26,Angel Baby (1995),4.268305
26,Boys  Les (1997),4.2352824
26,Saint of Fort Washington  The (1993),4.097698
26,Pather Panchali (1955),4.0858984
26,Santa with Muscles (1996),4.0847735
26,Anna (1996),3.969585
26,Star Kid (1997),3.96068
26,Spanish Prisoner  The (1997),3.9454558
26,Butcher Boy  The (1998),3.9454558
26,Butcher Boy  The (1998),3.9454558
27,Saint of Fort Washington  The (1993),4.310663
27,Star Kid (1997),4.1909943
27,Spanish Prisoner  The (1997),4.1842365
27,Butcher Boy  The (1998),4.1842365
27,Butcher Boy  The (1998),4.1842365
27,Brothers in Trouble (1995),4.1842365
27,Santa with Muscles (1996),4.140744
27,Some Mother's Son (1996),4.129034
27,Pather Panchali (1955),4.120009
27,Anna (1996),4.0632615
28,Boys  Les (1997),5.0403204
28,Saint of Fort Washington  The (1993),5.0351048
28,Santa with Muscles (1996),4.998496
28,Mina Tannenbaum (1994),4.68005
28,Star Kid (1997),4.5858035
28,Faust (1994),4.565017
28,Star Wars (1977),4.5487547
28,My Man Godfrey (1936),4.536677
28,Perfect Candidate  A (1996),4.5233417
28,Spanish Prisoner  The (1997),4.5212355
29,Some Mother's Son (1996),4.891942
29,Pather Panchali (1955),4.854156
29,Anna (1996),4.821343
29,Santa with Muscles (1996),4.821046
29,Spanish Prisoner  The (1997),4.809533
29,Butcher Boy  The (1998),4.809533
29,Butcher Boy  The (1998),4.809533
29,Brothers in Trouble (1995),4.809533
29,Star Kid (1997),4.7913527
29,American Dream (1990),4.7076707
30,Some Mother's Son (1996),5.23315
30,Pather Panchali (1955),5.185724
30,Anna (1996),5.113565
30,Spanish Prisoner  The (1997),5.0893173
30,Butcher Boy  The (1998),5.0893173
30,Butcher Boy  The (1998),5.0893173
30,Brothers in Trouble (1995),5.0893173
30,Star Kid (1997),4.9887605
30,Saint of Fort Washington  The (1993),4.9784718
30,Angel Baby (1995),4.889053
31,Boys  Les (1997),5.128018
31,Boy's Life 2 (1997),5.032018
31,Aiqing wansui (1994),4.9410276
31,Angel Baby (1995),4.937047
31,Pather Panchali (1955),4.9058566
31,American Dream (1990),4.8419676
31,Some Mother's Son (1996),4.808734
31,Faust (1994),4.7839417
31,Anna (1996),4.7805014
31,Kaspar Hauser (1993),4.7783284
32,Saint of Fort Washington  The (1993),4.441835
32,Santa with Muscles (1996),4.323649
32,Spanish Prisoner  The (1997),4.2789383
32,Butcher Boy  The (1998),4.2789383
32,Butcher Boy  The (1998),4.2789383
32,Brothers in Trouble (1995),4.2789383
32,Star Kid (1997),4.2270694
32,Boys  Les (1997),4.218692
32,Pather Panchali (1955),4.2079086
32,Some Mother's Son (1996),4.1478972
33,Saint of Fort Washington  The (1993),4.9860554
33,Santa with Muscles (1996),4.731422
33,Winter Guest  The (1997),4.6781077
33,Golden Earrings (1947),4.670806
33,Star Kid (1997),4.621816
33,Titanic (1997),4.5410523
33,Ayn Rand: A Sense of Life (1997),4.4847546
33,Shawshank Redemption  The (1994),4.478573
33,Spanish Prisoner  The (1997),4.477578
33,Butcher Boy  The (1998),4.477578
34,Year of the Horse (1997),6.0550404
34,Some Mother's Son (1996),5.862492
34,The Deadly Cure (1996),5.7259016
34,Bitter Sugar (Azucar Amargo) (1996),5.7258625
34,Incognito (1997),5.7010894
34,Pather Panchali (1955),5.6809382
34,Anna (1996),5.5931416
34,Burnt By the Sun (1994),5.5851903
34,Love and Death on Long Island (1997),5.505051
34,8 Heads in a Duffel Bag (1997),5.4654956
35,Hurricane Streets (1998),4.592303
35,Golden Earrings (1947),4.242847
35,Doom Generation  The (1995),4.1231318
35,Visitors  The (Visiteurs  Les) (1993),4.0590277
35,Ayn Rand: A Sense of Life (1997),3.9988437
35,Rough Magic (1995),3.9336855
35,Titanic (1997),3.8996584
35,8 Heads in a Duffel Bag (1997),3.8898506
35,Horseman on the Roof  The (Hussard sur le toit  Le) (1995),3.8818054
35,Leading Man  The (1996),3.8310964
36,8 Heads in a Duffel Bag (1997),7.4704366
36,Hurricane Streets (1998),7.2194195
36,Old Lady Who Walked in the Sea  The (Vieille qui marchait dans la mer  La) (1991),6.6550655
36,Rendezvous in Paris (Rendez-vous de Paris  Les) (1995),6.2220044
36,Golden Earrings (1947),6.101253
36,Selena (1997),5.9138837
36,Legal Deceit (1997),5.9071827
36,Kull the Conqueror (1997),5.5987134
36,Radioland Murders (1994),5.5665545
36,Kull the Conqueror (1997),5.516555
37,Saint of Fort Washington  The (1993),4.8537674
37,Santa with Muscles (1996),4.8305583
37,Star Kid (1997),4.520736
37,Harlem (1993),4.441013
37,My Man Godfrey (1936),4.4365373
37,Winter Guest  The (1997),4.4255295
37,Mina Tannenbaum (1994),4.382605
37,Spanish Prisoner  The (1997),4.3806124
37,Butcher Boy  The (1998),4.3806124
37,Butcher Boy  The (1998),4.3806124
38,Hurricane Streets (1998),7.534949
38,8 Heads in a Duffel Bag (1997),7.0029078
38,Rendezvous in Paris (Rendez-vous de Paris  Les) (1995),6.655188
38,Old Lady Who Walked in the Sea  The (Vieille qui marchait dans la mer  La) (1991),6.358302
38,Radioland Murders (1994),5.915923
38,Golden Earrings (1947),5.6924043
38,Frisk (1995),5.5279694
38,Doom Generation  The (1995),5.5130806
38,Legal Deceit (1997),5.506055
38,Hugo Pool (1997),5.481818
39,Slingshot  The (1993),5.144506
39,Winter Guest  The (1997),5.119377
39,Little City (1998),5.035954
39,Stalker (1979),5.0310645
39,Killer (Bulletproof Heart) (1994),4.890043
39,Double vie de V?ronique  La (Double Life of Veronique  The) (1991),4.818668
39,Pillow Book  The (1995),4.7805233
39,Cure  The (1995),4.7632036
39,American Dream (1990),4.6621127
39,Ruby in Paradise (1993),4.660312
40,Santa with Muscles (1996),3.8913338
40,Star Kid (1997),3.7452192
40,Wrong Trousers  The (1993),3.7091627
40,Saint of Fort Washington  The (1993),3.7024295
40,Horseman on the Roof  The (Hussard sur le toit  Le) (1995),3.701525
40,Close Shave  A (1995),3.6762335
40,Wallace & Gromit: The Best of Aardman Animation (1996),3.672242
40,Pather Panchali (1955),3.646034
40,Whole Wide World  The (1996),3.6430643
40,Spanish Prisoner  The (1997),3.6391761
41,Boys  Les (1997),5.298707
41,Angel Baby (1995),4.87019
41,Faust (1994),4.7458797
41,Santa with Muscles (1996),4.706042
41,Saint of Fort Washington  The (1993),4.4912
41,Pather Panchali (1955),4.476459
41,Aiqing wansui (1994),4.461538
41,Close Shave  A (1995),4.4140697
41,Maya Lin: A Strong Clear Vision (1994),4.40684
41,Wrong Trousers  The (1993),4.3813844
42,Golden Earrings (1947),4.9982147
42,Visitors  The (Visiteurs  Les) (1993),4.8519764
42,Love in the Afternoon (1957),4.6671715
42,Raiders of the Lost Ark (1981),4.660019
42,Angel Baby (1995),4.6296215
42,Titanic (1997),4.627705
42,Horseman on the Roof  The (Hussard sur le toit  Le) (1995),4.602162
42,Braveheart (1995),4.591711
42,Selena (1997),4.5753865
42,It's a Wonderful Life (1946),4.572932
43,Horseman on the Roof  The (Hussard sur le toit  Le) (1995),4.681507
43,Star Kid (1997),4.618571
43,Golden Earrings (1947),4.607053
43,Saint of Fort Washington  The (1993),4.5905805
43,Hurricane Streets (1998),4.5886626
43,Santa with Muscles (1996),4.5753164
43,Pather Panchali (1955),4.557782
43,Schindler's List (1993),4.5384054
43,Anna (1996),4.519896
43,N?nette et Boni (1996),4.518778
44,Boys  Les (1997),4.9227304
44,Santa with Muscles (1996),4.804704
44,Saint of Fort Washington  The (1993),4.799194
44,Star Wars (1977),4.521606
44,Angel Baby (1995),4.4775734
44,Star Kid (1997),4.437402
44,Faust (1994),4.389103
44,Wrong Trousers  The (1993),4.3875504
44,Raiders of the Lost Ark (1981),4.3825703
44,Empire Strikes Back  The (1980),4.3664083
45,Santa with Muscles (1996),5.0511227
45,Pather Panchali (1955),5.0488853
45,Angel Baby (1995),5.0407248
45,Saint of Fort Washington  The (1993),5.0381513
45,Star Kid (1997),4.956957
45,Boys  Les (1997),4.956909
45,Anna (1996),4.945908
45,Spanish Prisoner  The (1997),4.9342203
45,Butcher Boy  The (1998),4.9342203
45,Butcher Boy  The (1998),4.9342203
46,N?nette et Boni (1996),5.4180617
46,Some Mother's Son (1996),5.380288
46,Anna (1996),5.273221
46,Pather Panchali (1955),5.2694173
46,Spanish Prisoner  The (1997),5.1335864
46,Butcher Boy  The (1998),5.1335864
46,Butcher Boy  The (1998),5.1335864
46,Brothers in Trouble (1995),5.1335864
46,Star Kid (1997),5.1283884
46,Whole Wide World  The (1996),5.1205273
47,Angel Baby (1995),5.005834
47,Pather Panchali (1955),5.003649
47,Boys  Les (1997),4.96655
47,Some Mother's Son (1996),4.9407425
47,Anna (1996),4.8826404
47,Spanish Prisoner  The (1997),4.832396
47,Butcher Boy  The (1998),4.832396
47,Butcher Boy  The (1998),4.832396
47,Brothers in Trouble (1995),4.832396
47,Boy's Life 2 (1997),4.7774096
48,Boys  Les (1997),5.089129
48,Angel Baby (1995),5.059148
48,Saint of Fort Washington  The (1993),4.6991568
48,Pather Panchali (1955),4.5255337
48,Santa with Muscles (1996),4.474119
48,Golden Earrings (1947),4.46827
48,Schindler's List (1993),4.441264
48,Shawshank Redemption  The (1994),4.429894
48,Star Wars (1977),4.3721123
48,Raiders of the Lost Ark (1981),4.3673887
49,Boy's Life 2 (1997),4.6078563
49,Boys  Les (1997),4.488932
49,Aiqing wansui (1994),4.408899
49,Aparajito (1956),4.3717046
49,Angel Baby (1995),4.30576
49,World of Apu  The (Apur Sansar) (1959),4.2515163
49,Kaspar Hauser (1993),4.2388515
49,American Dream (1990),4.2378473
49,Pather Panchali (1955),4.1469874
49,The Deadly Cure (1996),4.137011
50,Love and Death on Long Island (1997),6.058501
50,Winter Guest  The (1997),5.404491
50,Slingshot  The (1993),5.286791
50,Double vie de V?ronique  La (Double Life of Veronique  The) (1991),5.1990848
50,Mina Tannenbaum (1994),5.1156316
50,Bad Taste (1987),5.100606
50,Brother Minister: The Assassination of Malcolm X (1994),5.09003
50,Pillow Book  The (1995),5.054824
50,Stalker (1979),4.991501
50,Bitter Sugar (Azucar Amargo) (1996),4.952586
51,Man in the Iron Mask  The (1998),4.5551147
51,Saint of Fort Washington  The (1993),4.5336676
51,Santa with Muscles (1996),4.45115
51,Harlem (1993),4.388229
51,Terminator  The (1984),4.3829765
51,Ayn Rand: A Sense of Life (1997),4.3733697
51,8 Seconds (1994),4.371739
51,Star Wars (1977),4.3635855
51,Love in the Afternoon (1957),4.3332453
51,Boys  Les (1997),4.3287907
52,Pather Panchali (1955),5.4844475
52,Some Mother's Son (1996),5.4575253
52,Anna (1996),5.418596
52,Angel Baby (1995),5.3924537
52,Spanish Prisoner  The (1997),5.3209085
52,Butcher Boy  The (1998),5.3209085
52,Butcher Boy  The (1998),5.3209085
52,Brothers in Trouble (1995),5.3209085
52,Star Kid (1997),5.289027
52,Santa with Muscles (1996),5.209904
53,Angel Baby (1995),5.182172
53,N?nette et Boni (1996),4.7951784
53,Horseman on the Roof  The (Hussard sur le toit  Le) (1995),4.6979146
53,Golden Earrings (1947),4.695449
53,Someone Else's America (1995),4.691709
53,Schindler's List (1993),4.6865716
53,It's a Wonderful Life (1946),4.6718407
53,Pather Panchali (1955),4.6393023
53,Great Day in Harlem  A (1994),4.6176295
53,Santa with Muscles (1996),4.5780563
54,Winter Guest  The (1997),5.4457984
54,Love and Death on Long Island (1997),5.2623963
54,Slingshot  The (1993),5.2580395
54,Frisk (1995),5.0931435
54,Hurricane Streets (1998),5.0107985
54,Saint of Fort Washington  The (1993),4.884698
54,Stalker (1979),4.881525
54,Some Mother's Son (1996),4.877854
54,Spanish Prisoner  The (1997),4.87014
54,Butcher Boy  The (1998),4.87014
55,Boys  Les (1997),6.038012
55,Angel Baby (1995),5.176301
55,In the Line of Duty 2 (1987),4.7928042
55,Faster Pussycat! Kill! Kill! (1965),4.7744093
55,Saint of Fort Washington  The (1993),4.723985
55,Safe Passage (1994),4.474497
55,Unzipped (1995),4.434916
55,Raging Bull (1980),4.431558
55,Truman Show  The (1998),4.408861
55,Captives (1994),4.392624
56,Saint of Fort Washington  The (1993),4.9222765
56,Santa with Muscles (1996),4.733468
56,Golden Earrings (1947),4.6951766
56,Star Kid (1997),4.5662518
56,Titanic (1997),4.5532317
56,Shawshank Redemption  The (1994),4.502338
56,Star Wars (1977),4.4958935
56,Raiders of the Lost Ark (1981),4.4934053
56,My Man Godfrey (1936),4.4314756
56,Horseman on the Roof  The (Hussard sur le toit  Le) (1995),4.422918
57,Saint of Fort Washington  The (1993),4.7760925
57,Golden Earrings (1947),4.6488504
57,Star Kid (1997),4.617557
57,Santa with Muscles (1996),4.584551
57,Shawshank Redemption  The (1994),4.52148
57,Spanish Prisoner  The (1997),4.52118
57,Butcher Boy  The (1998),4.52118
57,Butcher Boy  The (1998),4.52118
57,Brothers in Trouble (1995),4.52118
57,Pather Panchali (1955),4.517669
58,Santa with Muscles (1996),5.1530137
58,Mina Tannenbaum (1994),5.0884075
58,Faust (1994),4.983782
58,Little City (1998),4.93486
58,Wallace & Gromit: The Best of Aardman Animation (1996),4.897215
58,Maya Lin: A Strong Clear Vision (1994),4.84994
58,Saint of Fort Washington  The (1993),4.843293
58,Boys  Les (1997),4.7982645
58,Wrong Trousers  The (1993),4.776115
58,Star Kid (1997),4.75572
59,Boys  Les (1997),5.480258
59,Saint of Fort Washington  The (1993),5.2758594
59,Santa with Muscles (1996),5.174003
59,Pather Panchali (1955),5.14615
59,Spanish Prisoner  The (1997),5.122553
59,Butcher Boy  The (1998),5.122553
59,Butcher Boy  The (1998),5.122553
59,Brothers in Trouble (1995),5.122553
59,Mina Tannenbaum (1994),5.056008
59,Star Kid (1997),4.992848
60,Angel Baby (1995),5.253617
60,Boys  Les (1997),5.2101183
60,Pather Panchali (1955),5.0693655
60,Santa with Muscles (1996),5.0150585
60,Saint of Fort Washington  The (1993),4.940137
60,Anna (1996),4.939781
60,Spanish Prisoner  The (1997),4.88816
60,Butcher Boy  The (1998),4.88816
60,Butcher Boy  The (1998),4.88816
60,Brothers in Trouble (1995),4.88816
61,Angel Baby (1995),5.4383335
61,Boys  Les (1997),5.182681
61,Little Princess  A (1995),4.5434756
61,Golden Earrings (1947),4.52628
61,Best Men (1997),4.50561
61,Selena (1997),4.4979606
61,Love Serenade (1996),4.495548
61,Raiders of the Lost Ark (1981),4.4766717
61,Love in the Afternoon (1957),4.4619093
61,Little Princess  The (1939),4.455479
62,Boys  Les (1997),5.096971
62,Angel Baby (1995),5.0008483
62,Pather Panchali (1955),4.537498
62,Santa with Muscles (1996),4.3866305
62,Saint of Fort Washington  The (1993),4.3769813
62,Anna (1996),4.355046
62,Faust (1994),4.3240347
62,Spanish Prisoner  The (1997),4.289784
62,Butcher Boy  The (1998),4.289784
62,Butcher Boy  The (1998),4.289784
63,American Dream (1990),4.308107
63,Santa with Muscles (1996),4.251519
63,Some Mother's Son (1996),4.211826
63,Spanish Prisoner  The (1997),4.201382
63,Butcher Boy  The (1998),4.201382
63,Butcher Boy  The (1998),4.201382
63,Brothers in Trouble (1995),4.201382
63,Mina Tannenbaum (1994),4.1667657
63,Kaspar Hauser (1993),4.1514816
63,Bitter Sugar (Azucar Amargo) (1996),4.140166
64,Boys  Les (1997),5.2147937
64,Angel Baby (1995),5.071424
64,Santa with Muscles (1996),4.6562057
64,Saint of Fort Washington  The (1993),4.591465
64,Pather Panchali (1955),4.544339
64,Faust (1994),4.495326
64,Star Wars (1977),4.374583
64,Close Shave  A (1995),4.372902
64,They Made Me a Criminal (1939),4.369839
64,Anna (1996),4.3605485
65,Angel Baby (1995),5.0332017
65,N?nette et Boni (1996),4.6648664
65,Golden Earrings (1947),4.663112
65,Schindler's List (1993),4.6289897
65,Someone Else's America (1995),4.6244946
65,Pather Panchali (1955),4.6176667
65,It's a Wonderful Life (1946),4.58125
65,8 Heads in a Duffel Bag (1997),4.525762
65,Anna (1996),4.5221667
65,Horseman on the Roof  The (Hussard sur le toit  Le) (1995),4.5164046
66,Saint of Fort Washington  The (1993),4.739246
66,Golden Earrings (1947),4.5765557
66,Boys  Les (1997),4.4385867
66,Santa with Muscles (1996),4.3336906
66,Raiders of the Lost Ark (1981),4.2660546
66,Braveheart (1995),4.223882
66,Shawshank Redemption  The (1994),4.222549
66,Star Wars (1977),4.2214947
66,Terminator 2: Judgment Day (1991),4.199953
66,Titanic (1997),4.189423
67,Winter Guest  The (1997),5.3705077
67,Saint of Fort Washington  The (1993),5.2027607
67,Santa with Muscles (1996),5.1362495
67,Slingshot  The (1993),5.111682
67,Star Kid (1997),5.101366
67,Spanish Prisoner  The (1997),4.9872966
67,Butcher Boy  The (1998),4.9872966
67,Butcher Boy  The (1998),4.9872966
67,Brothers in Trouble (1995),4.9872966
67,Little City (1998),4.958594
68,Angel Baby (1995),5.18158
68,Boys  Les (1997),5.1207447
68,Aiqing wansui (1994),5.081609
68,Faust (1994),5.022461
68,Boy's Life 2 (1997),4.9997754
68,Two or Three Things I Know About Her (1966),4.968282
68,Aparajito (1956),4.8287687
68,Close Shave  A (1995),4.8286324
68,Grosse Fatigue (1994),4.7878284
68,Pather Panchali (1955),4.750693
69,Boys  Les (1997),5.770906
69,Angel Baby (1995),5.211438
69,Santa with Muscles (1996),5.0151725
69,Saint of Fort Washington  The (1993),4.998052
69,Pather Panchali (1955),4.9656
69,Faust (1994),4.9609795
69,Mina Tannenbaum (1994),4.895523
69,Spanish Prisoner  The (1997),4.8196125
69,Butcher Boy  The (1998),4.8196125
69,Butcher Boy  The (1998),4.8196125
70,Angel Baby (1995),4.7669215
70,Boys  Les (1997),4.760711
70,Saint of Fort Washington  The (1993),4.569019
70,Pather Panchali (1955),4.4688077
70,Santa with Muscles (1996),4.4542446
70,Star Kid (1997),4.3212576
70,Anna (1996),4.3129168
70,Spanish Prisoner  The (1997),4.2982445
70,Butcher Boy  The (1998),4.2982445
70,Butcher Boy  The (1998),4.2982445
71,Angel Baby (1995),4.8538475
71,Pather Panchali (1955),4.7633276
71,World of Apu  The (Apur Sansar) (1959),4.7621174
71,The Deadly Cure (1996),4.7471576
71,Some Mother's Son (1996),4.719686
71,Boys  Les (1997),4.7111063
71,Anna (1996),4.610164
71,Year of the Horse (1997),4.602972
71,Spanish Prisoner  The (1997),4.5376287
71,Butcher Boy  The (1998),4.5376287
72,8 Heads in a Duffel Bag (1997),5.2314496
72,Some Mother's Son (1996),4.9812284
72,Pather Panchali (1955),4.977021
72,Year of the Horse (1997),4.9215083
72,Angel Baby (1995),4.9002905
72,Hurricane Streets (1998),4.859793
72,Anna (1996),4.8582387
72,Incognito (1997),4.8450847
72,Spanish Prisoner  The (1997),4.792415
72,Butcher Boy  The (1998),4.792415
73,Boys  Les (1997),5.7319045
73,Angel Baby (1995),5.330379
73,Aiqing wansui (1994),4.8708744
73,Faust (1994),4.8272204
73,Boy's Life 2 (1997),4.8227158
73,Pather Panchali (1955),4.6829877
73,Paths of Glory (1957),4.5913267
73,Mina Tannenbaum (1994),4.5511265
73,Santa with Muscles (1996),4.543777
73,World of Apu  The (Apur Sansar) (1959),4.535948
74,Saint of Fort Washington  The (1993),4.7921267
74,8 Heads in a Duffel Bag (1997),4.5939403
74,Pather Panchali (1955),4.5601754
74,Golden Earrings (1947),4.55358
74,Spanish Prisoner  The (1997),4.535088
74,Butcher Boy  The (1998),4.535088
74,Butcher Boy  The (1998),4.535088
74,Brothers in Trouble (1995),4.535088
74,Star Kid (1997),4.501941
74,Shawshank Redemption  The (1994),4.47546
75,Love and Death on Long Island (1997),5.5981226
75,Boys  Les (1997),5.3680987
75,World of Apu  The (Apur Sansar) (1959),5.2350497
75,Pather Panchali (1955),5.158624
75,Angel Baby (1995),5.1456523
75,Bad Taste (1987),5.134407
75,In the Line of Duty 2 (1987),5.065788
75,The Deadly Cure (1996),5.0652895
75,Some Mother's Son (1996),5.048849
75,8 Heads in a Duffel Bag (1997),5.0294223
76,Boys  Les (1997),5.735992
76,Angel Baby (1995),5.5565553
76,World of Apu  The (Apur Sansar) (1959),4.832098
76,Aiqing wansui (1994),4.809031
76,Boy's Life 2 (1997),4.787374
76,Pather Panchali (1955),4.76552
76,Faust (1994),4.7095423
76,Aparajito (1956),4.616673
76,The Deadly Cure (1996),4.584379
76,Paths of Glory (1957),4.533464
77,Boys  Les (1997),5.406508
77,Angel Baby (1995),4.713402
77,Faust (1994),4.635965
77,Santa with Muscles (1996),4.5630283
77,Mina Tannenbaum (1994),4.454729
77,Saint of Fort Washington  The (1993),4.4349313
77,Aiqing wansui (1994),4.3485384
77,Paths of Glory (1957),4.323767
77,Maya Lin: A Strong Clear Vision (1994),4.3214483
77,Pather Panchali (1955),4.3073373
78,Whole Wide World  The (1996),4.887941
78,Stalker (1979),4.7693796
78,N?nette et Boni (1996),4.662266
78,Sum of Us  The (1994),4.584791
78,Story of Xinghua  The (1993),4.583274
78,Horseman on the Roof  The (Hussard sur le toit  Le) (1995),4.580388
78,To Live (Huozhe) (1994),4.578021
78,American Dream (1990),4.5678144
78,Crooklyn (1994),4.550568
78,Little City (1998),4.5496984
79,Angel Baby (1995),5.148106
79,Pather Panchali (1955),5.124218
79,Some Mother's Son (1996),5.078771
79,Anna (1996),5.024093
79,Boys  Les (1997),5.0095496
79,Boy's Life 2 (1997),5.0005255
79,American Dream (1990),4.94464
79,Spanish Prisoner  The (1997),4.931798
79,Butcher Boy  The (1998),4.931798
79,Butcher Boy  The (1998),4.931798
80,Santa with Muscles (1996),4.4771895
80,Pather Panchali (1955),4.475383
80,Angel Baby (1995),4.4711843
80,Saint of Fort Washington  The (1993),4.438069
80,Star Kid (1997),4.420768
80,Anna (1996),4.403191
80,Spanish Prisoner  The (1997),4.3638663
80,Butcher Boy  The (1998),4.3638663
80,Butcher Boy  The (1998),4.3638663
80,Brothers in Trouble (1995),4.3638663
81,Saint of Fort Washington  The (1993),4.590491
81,Boys  Les (1997),4.4779253
81,Pather Panchali (1955),4.359673
81,Angel Baby (1995),4.324806
81,Santa with Muscles (1996),4.315683
81,Spanish Prisoner  The (1997),4.300724
81,Butcher Boy  The (1998),4.300724
81,Butcher Boy  The (1998),4.300724
81,Brothers in Trouble (1995),4.300724
81,Star Kid (1997),4.2839146
82,Angel Baby (1995),4.949683
82,Boys  Les (1997),4.5534186
82,Pather Panchali (1955),4.2319045
82,Someone Else's America (1995),4.107932
82,Anna (1996),4.0649476
82,Schindler's List (1993),4.057686
82,Casablanca (1942),4.018441
82,Saint of Fort Washington  The (1993),4.0058293
82,They Made Me a Criminal (1939),3.9638877
82,To Kill a Mockingbird (1962),3.9611685
83,Golden Earrings (1947),4.9765844
83,Visitors  The (Visiteurs  Les) (1993),4.865907
83,Love in the Afternoon (1957),4.5543056
83,Titanic (1997),4.522757
83,Raiders of the Lost Ark (1981),4.5066442
83,Selena (1997),4.4889216
83,Braveheart (1995),4.4865117
83,8 Seconds (1994),4.474365
83,Horseman on the Roof  The (Hussard sur le toit  Le) (1995),4.4326987
83,Affair to Remember  An (1957),4.3910503
84,N?nette et Boni (1996),5.1220293
84,Pather Panchali (1955),4.882038
84,Anna (1996),4.8698525
84,Some Mother's Son (1996),4.8612566
84,Horseman on the Roof  The (Hussard sur le toit  Le) (1995),4.859284
84,Whole Wide World  The (1996),4.858758
84,Star Kid (1997),4.83173
84,Angel Baby (1995),4.822728
84,Someone Else's America (1995),4.7695074
84,Santa with Muscles (1996),4.7630887
85,Angel Baby (1995),4.905956
85,Boys  Les (1997),4.6709785
85,Pather Panchali (1955),4.5075707
85,Anna (1996),4.3792906
85,Santa with Muscles (1996),4.318803
85,Some Mother's Son (1996),4.272957
85,Saint of Fort Washington  The (1993),4.251815
85,Spanish Prisoner  The (1997),4.2513146
85,Butcher Boy  The (1998),4.2513146
85,Butcher Boy  The (1998),4.2513146
86,Stalker (1979),4.848981
86,Bitter Sugar (Azucar Amargo) (1996),4.685947
86,Some Mother's Son (1996),4.6338267
86,Slingshot  The (1993),4.62733
86,American Dream (1990),4.6085405
86,Whole Wide World  The (1996),4.5951552
86,To Live (Huozhe) (1994),4.5863433
86,Hugo Pool (1997),4.53194
86,N?nette et Boni (1996),4.516789
86,Margaret's Museum (1995),4.4890914
87,Golden Earrings (1947),5.2682486
87,Saint of Fort Washington  The (1993),5.1255436
87,Titanic (1997),4.894947
87,Shawshank Redemption  The (1994),4.894459
87,Santa with Muscles (1996),4.8912444
87,Raiders of the Lost Ark (1981),4.8774896
87,Braveheart (1995),4.8451524
87,8 Heads in a Duffel Bag (1997),4.836401
87,Schindler's List (1993),4.8301506
87,Star Kid (1997),4.826407
88,Hurricane Streets (1998),6.8183565
88,Slingshot  The (1993),5.745092
88,Frisk (1995),5.6597085
88,Rendezvous in Paris (Rendez-vous de Paris  Les) (1995),5.652663
88,Hugo Pool (1997),5.556189
88,Radioland Murders (1994),5.5017304
88,One Night Stand (1997),5.4733224
88,Stalker (1979),5.463448
88,Love & Human Remains (1993),5.454705
88,Doom Generation  The (1995),5.3706646
89,Santa with Muscles (1996),5.424233
89,Saint of Fort Washington  The (1993),5.330725
89,Star Kid (1997),5.2884655
89,Spanish Prisoner  The (1997),5.1449456
89,Butcher Boy  The (1998),5.1449456
89,Butcher Boy  The (1998),5.1449456
89,Brothers in Trouble (1995),5.1449456
89,Horseman on the Roof  The (Hussard sur le toit  Le) (1995),5.0856466
89,Wallace & Gromit: The Best of Aardman Animation (1996),5.0743055
89,Wrong Trousers  The (1993),5.041338
90,Angel Baby (1995),6.190022
90,Boys  Les (1997),5.7807956
90,Pather Panchali (1955),5.366072
90,Anna (1996),5.148439
90,Someone Else's America (1995),5.1054115
90,The Deadly Cure (1996),5.0289245
90,Schindler's List (1993),5.0114217
90,Casablanca (1942),5.0042834
90,Saint of Fort Washington  The (1993),5.0007796
90,Some Mother's Son (1996),4.9729886
91,Saint of Fort Washington  The (1993),4.928125
91,Santa with Muscles (1996),4.750275
91,Golden Earrings (1947),4.6738954
91,Boys  Les (1997),4.601475
91,Star Kid (1997),4.55268
91,Star Wars (1977),4.5376196
91,Titanic (1997),4.526747
91,Raiders of the Lost Ark (1981),4.5255575
91,Shawshank Redemption  The (1994),4.51943
91,My Man Godfrey (1936),4.425173
92,Boys  Les (1997),4.840157
92,Angel Baby (1995),4.698509
92,Pather Panchali (1955),4.641744
92,Saint of Fort Washington  The (1993),4.627621
92,Santa with Muscles (1996),4.5624814
92,Spanish Prisoner  The (1997),4.523365
92,Butcher Boy  The (1998),4.523365
92,Butcher Boy  The (1998),4.523365
92,Brothers in Trouble (1995),4.523365
92,Anna (1996),4.5015564
93,Hurricane Streets (1998),4.909626
93,N?nette et Boni (1996),4.7455626
93,Sum of Us  The (1994),4.7390537
93,Hugo Pool (1997),4.7140193
93,Rendezvous in Paris (Rendez-vous de Paris  Les) (1995),4.5464835
93,Love! Valour! Compassion! (1997),4.5034733
93,Whole Wide World  The (1996),4.475925
93,To Live (Huozhe) (1994),4.4221535
93,Stalker (1979),4.410838
93,Some Mother's Son (1996),4.406998
94,Boys  Les (1997),5.624593
94,Angel Baby (1995),5.4970427
94,Pather Panchali (1955),5.250148
94,Anna (1996),5.0700936
94,Some Mother's Son (1996),5.038276
94,Spanish Prisoner  The (1997),5.0262012
94,Butcher Boy  The (1998),5.0262012
94,Butcher Boy  The (1998),5.0262012
94,Brothers in Trouble (1995),5.0262012
94,Saint of Fort Washington  The (1993),4.9766393
95,Angel Baby (1995),4.917927
95,Boys  Les (1997),4.530776
95,Pather Panchali (1955),4.4700646
95,Saint of Fort Washington  The (1993),4.4157763
95,Schindler's List (1993),4.3972344
95,Golden Earrings (1947),4.352986
95,Anna (1996),4.334917
95,Someone Else's America (1995),4.321208
95,Shawshank Redemption  The (1994),4.317989
95,Santa with Muscles (1996),4.305697
96,Santa with Muscles (1996),5.307239
96,Faust (1994),5.039432
96,Wrong Trousers  The (1993),5.027096
96,Wallace & Gromit: The Best of Aardman Animation (1996),4.9975734
96,Close Shave  A (1995),4.984323
96,Saint of Fort Washington  The (1993),4.969074
96,Star Kid (1997),4.9568477
96,Boys  Les (1997),4.893748
96,Pather Panchali (1955),4.8471932
96,Spanish Prisoner  The (1997),4.8348556
97,Santa with Muscles (1996),5.2516804
97,Faust (1994),4.960723
97,Saint of Fort Washington  The (1993),4.924733
97,Wrong Trousers  The (1993),4.891802
97,Boys  Les (1997),4.88806
97,Wallace & Gromit: The Best of Aardman Animation (1996),4.8441105
97,Close Shave  A (1995),4.7695384
97,Star Kid (1997),4.7607574
97,Star Wars (1977),4.712526
97,Maya Lin: A Strong Clear Vision (1994),4.6612554
98,Year of the Horse (1997),5.413816
98,Bitter Sugar (Azucar Amargo) (1996),5.2152576
98,Some Mother's Son (1996),5.15654
98,The Deadly Cure (1996),5.0869737
98,N?nette et Boni (1996),5.020016
98,Incognito (1997),4.967119
98,Burnt By the Sun (1994),4.9395156
98,Rendezvous in Paris (Rendez-vous de Paris  Les) (1995),4.9319153
98,Pather Panchali (1955),4.9144
98,Red Firecracker  Green Firecracker (1994),4.9097943
99,Saint of Fort Washington  The (1993),5.0933986
99,Boys  Les (1997),5.0109053
99,In the Line of Duty 2 (1987),4.788225
99,Winter Guest  The (1997),4.6465592
99,Golden Earrings (1947),4.6424828
99,Paradise Lost: The Child Murders at Robin Hood Hills (1996),4.6080394
99,Santa with Muscles (1996),4.5594287
99,8 Heads in a Duffel Bag (1997),4.512101
99,Shawshank Redemption  The (1994),4.5106606
99,Spanish Prisoner  The (1997),4.50513
100,Angel Baby (1995),4.749743
100,Boys  Les (1997),4.5841765
100,Golden Earrings (1947),4.535889
100,8 Heads in a Duffel Bag (1997),4.3454523
100,Saint of Fort Washington  The (1993),4.340394
100,Schindler's List (1993),4.2407303
100,Raiders of the Lost Ark (1981),4.223121
100,Shawshank Redemption  The (1994),4.212363
100,Braveheart (1995),4.2022457
100,It's a Wonderful Life (1946),4.1984577
101,Golden Earrings (1947),4.233388
101,Saint of Fort Washington  The (1993),4.0587163
101,8 Heads in a Duffel Bag (1997),3.9321976
101,Shawshank Redemption  The (1994),3.8602831
101,Braveheart (1995),3.856728
101,Raiders of the Lost Ark (1981),3.8535342
101,Titanic (1997),3.841166
101,Santa with Muscles (1996),3.79841
101,Schindler's List (1993),3.790506
101,Star Kid (1997),3.7523484
102,Saint of Fort Washington  The (1993),3.5369081
102,Santa with Muscles (1996),3.5196183
102,Pather Panchali (1955),3.4773295
102,Angel Baby (1995),3.466504
102,Star Kid (1997),3.453976
102,Spanish Prisoner  The (1997),3.4091177
102,Butcher Boy  The (1998),3.4091177
102,Butcher Boy  The (1998),3.4091177
102,Brothers in Trouble (1995),3.4091177
102,Boys  Les (1997),3.407135
103,Santa with Muscles (1996),4.7092214
103,Saint of Fort Washington  The (1993),4.6993937
103,Star Kid (1997),4.6029477
103,Spanish Prisoner  The (1997),4.58407
103,Butcher Boy  The (1998),4.58407
103,Butcher Boy  The (1998),4.58407
103,Brothers in Trouble (1995),4.58407
103,Some Mother's Son (1996),4.476421
103,Pather Panchali (1955),4.46019
103,Wallace & Gromit: The Best of Aardman Animation (1996),4.415242
104,Boys  Les (1997),4.0084357
104,Angel Baby (1995),3.9909878
104,Santa with Muscles (1996),3.9586775
104,Faust (1994),3.8505247
104,Close Shave  A (1995),3.8187318
104,Wrong Trousers  The (1993),3.777051
104,Saint of Fort Washington  The (1993),3.6992576
104,Pather Panchali (1955),3.6983476
104,Wallace & Gromit: The Best of Aardman Animation (1996),3.6832013
104,Great Day in Harlem  A (1994),3.6766114
105,Santa with Muscles (1996),4.666219
105,Faust (1994),4.541566
105,Wallace & Gromit: The Best of Aardman Animation (1996),4.504814
105,American Dream (1990),4.4822006
105,Pather Panchali (1955),4.4585695
105,Spanish Prisoner  The (1997),4.452373
105,Butcher Boy  The (1998),4.452373
105,Butcher Boy  The (1998),4.452373
105,Brothers in Trouble (1995),4.452373
105,Aiqing wansui (1994),4.435927
106,Angel Baby (1995),5.1475167
106,Boys  Les (1997),4.674114
106,Pather Panchali (1955),4.655129
106,8 Heads in a Duffel Bag (1997),4.536585
106,Anna (1996),4.4934573
106,Someone Else's America (1995),4.45962
106,Schindler's List (1993),4.450945
106,Some Mother's Son (1996),4.408016
106,Saint of Fort Washington  The (1993),4.3931575
106,The Deadly Cure (1996),4.343294
107,World of Apu  The (Apur Sansar) (1959),4.8223543
107,Boy's Life 2 (1997),4.7844124
107,Bad Taste (1987),4.768108
107,Love and Death on Long Island (1997),4.6886635
107,The Deadly Cure (1996),4.6468654
107,Boys  Les (1997),4.626161
107,Bitter Sugar (Azucar Amargo) (1996),4.616187
107,American Dream (1990),4.566221
107,Some Mother's Son (1996),4.554881
107,Braindead (1992),4.552782
108,Some Mother's Son (1996),5.0518603
108,Pather Panchali (1955),4.96548
108,Bitter Sugar (Azucar Amargo) (1996),4.960972
108,American Dream (1990),4.9181333
108,Anna (1996),4.8986635
108,Spanish Prisoner  The (1997),4.8512573
108,Butcher Boy  The (1998),4.8512573
108,Butcher Boy  The (1998),4.8512573
108,Brothers in Trouble (1995),4.8512573
108,Boy's Life 2 (1997),4.805692
109,Titanic (1997),4.557408
109,Santa with Muscles (1996),4.5400147
109,Horseman on the Roof  The (Hussard sur le toit  Le) (1995),4.526857
109,Ayn Rand: A Sense of Life (1997),4.5145984
109,Saint of Fort Washington  The (1993),4.502681
109,Golden Earrings (1947),4.4743485
109,Rough Magic (1995),4.351602
109,Love in the Afternoon (1957),4.345106
109,Raiders of the Lost Ark (1981),4.331512
109,Star Kid (1997),4.3222795
110,Hurricane Streets (1998),4.5980487
110,8 Heads in a Duffel Bag (1997),4.4648113
110,Golden Earrings (1947),4.3509865
110,Saint of Fort Washington  The (1993),3.9594865
110,Shawshank Redemption  The (1994),3.8788002
110,Leading Man  The (1996),3.8323767
110,Schindler's List (1993),3.8223832
110,Star Kid (1997),3.8111913
110,Braveheart (1995),3.80553
110,Rendezvous in Paris (Rendez-vous de Paris  Les) (1995),3.7975516
111,Star Kid (1997),4.342722
111,Santa with Muscles (1996),4.332108
111,Horseman on the Roof  The (Hussard sur le toit  Le) (1995),4.328779
111,Saint of Fort Washington  The (1993),4.3053684
111,Spanish Prisoner  The (1997),4.1947355
111,Butcher Boy  The (1998),4.1947355
111,Butcher Boy  The (1998),4.1947355
111,Brothers in Trouble (1995),4.1947355
111,Hurricane Streets (1998),4.174245
111,Some Mother's Son (1996),4.163276
112,N?nette et Boni (1996),5.200967
112,Whole Wide World  The (1996),5.0862827
112,Sum of Us  The (1994),5.0838275
112,Horseman on the Roof  The (Hussard sur le toit  Le) (1995),5.014931
112,Boys of St. Vincent  The (1993),4.840245
112,Hurricane Streets (1998),4.7477493
112,Hugo Pool (1997),4.6927614
112,Star Kid (1997),4.6517487
112,Close Shave  A (1995),4.624928
112,Some Folks Call It a Sling Blade (1993),4.6243954
113,Winter Guest  The (1997),5.119784
113,Harlem (1993),4.9730477
113,Ayn Rand: A Sense of Life (1997),4.917395
113,Hurricane Streets (1998),4.8974915
113,Slingshot  The (1993),4.8822017
113,Leading Man  The (1996),4.876375
113,Killer (Bulletproof Heart) (1994),4.854621
113,Saint of Fort Washington  The (1993),4.836616
113,Star Kid (1997),4.8234034
113,Santa with Muscles (1996),4.816325
114,Boys  Les (1997),5.2966704
114,Angel Baby (1995),5.019432
114,Faust (1994),4.6740103
114,Paths of Glory (1957),4.4393873
114,Santa with Muscles (1996),4.367133
114,Aiqing wansui (1994),4.3536615
114,Hearts and Minds (1996),4.345936
114,Close Shave  A (1995),4.3020873
114,Ballad of Narayama  The (Narayama Bushiko) (1958),4.2758665
114,When We Were Kings (1996),4.2506967
115,Boys  Les (1997),5.761711
115,Mina Tannenbaum (1994),5.62282
115,Faust (1994),5.1984134
115,Aiqing wansui (1994),5.126073
115,Boy's Life 2 (1997),5.1063085
115,Santa with Muscles (1996),5.0926833
115,Maya Lin: A Strong Clear Vision (1994),5.0200815
115,Kaspar Hauser (1993),5.0134654
115,Paradise Lost: The Child Murders at Robin Hood Hills (1996),5.0053945
115,Saint of Fort Washington  The (1993),4.9344606
116,Boys  Les (1997),4.4767404
116,Santa with Muscles (1996),4.244647
116,Saint of Fort Washington  The (1993),4.2099695
116,Angel Baby (1995),4.0996733
116,Pather Panchali (1955),4.0198045
116,Faust (1994),4.016296
116,Star Kid (1997),3.9657977
116,Spanish Prisoner  The (1997),3.9585514
116,Butcher Boy  The (1998),3.9585514
116,Butcher Boy  The (1998),3.9585514
117,Saint of Fort Washington  The (1993),5.363707
117,Santa with Muscles (1996),5.2468348
117,Star Kid (1997),5.049524
117,Boys  Les (1997),4.9740076
117,Spanish Prisoner  The (1997),4.9607034
117,Butcher Boy  The (1998),4.9607034
117,Butcher Boy  The (1998),4.9607034
117,Brothers in Trouble (1995),4.9607034
117,Pather Panchali (1955),4.88329
117,Star Wars (1977),4.8357434
118,Santa with Muscles (1996),5.958586
118,Saint of Fort Washington  The (1993),5.9011846
118,Mina Tannenbaum (1994),5.8907943
118,Boys  Les (1997),5.817469
118,Spanish Prisoner  The (1997),5.6450315
118,Butcher Boy  The (1998),5.6450315
118,Butcher Boy  The (1998),5.6450315
118,Brothers in Trouble (1995),5.6450315
118,Star Kid (1997),5.6092525
118,Faust (1994),5.5705614
119,N?nette et Boni (1996),5.18104
119,Star Kid (1997),5.156697
119,Some Mother's Son (1996),5.1550856
119,Whole Wide World  The (1996),5.1497025
119,Horseman on the Roof  The (Hussard sur le toit  Le) (1995),5.144954
119,Anna (1996),5.088697
119,Santa with Muscles (1996),5.0886426
119,Pather Panchali (1955),5.062673
119,Spanish Prisoner  The (1997),5.033055
119,Butcher Boy  The (1998),5.033055
120,N?nette et Boni (1996),5.119413
120,Some Mother's Son (1996),4.8025007
120,Rendezvous in Paris (Rendez-vous de Paris  Les) (1995),4.771395
120,Hugo Pool (1997),4.722015
120,Hurricane Streets (1998),4.71612
120,Anna (1996),4.7134914
120,Pather Panchali (1955),4.712509
120,Someone Else's America (1995),4.6761165
120,Sum of Us  The (1994),4.6429334
120,Angel Baby (1995),4.6387877
121,Angel Baby (1995),5.606394
121,Boys  Les (1997),5.189608
121,Close Shave  A (1995),4.835322
121,Faust (1994),4.803524
121,N?nette et Boni (1996),4.770124
121,Pather Panchali (1955),4.717886
121,Great Day in Harlem  A (1994),4.716574
121,In the Bleak Midwinter (1995),4.7136106
121,C'est arriv? pr?s de chez vous (1992),4.6972184
121,Santa with Muscles (1996),4.682275
122,Bitter Sugar (Azucar Amargo) (1996),5.3112183
122,Some Mother's Son (1996),5.3098664
122,Pather Panchali (1955),5.175806
122,American Dream (1990),5.1454635
122,Anna (1996),5.135344
122,N?nette et Boni (1996),5.134761
122,Year of the Horse (1997),5.1339474
122,The Deadly Cure (1996),5.1266947
122,Angel Baby (1995),5.106141
122,Aparajito (1956),5.100446
123,Angel Baby (1995),5.538599
123,World of Apu  The (Apur Sansar) (1959),5.5187664
123,Boys  Les (1997),5.257602
123,The Deadly Cure (1996),5.1432767
123,Aparajito (1956),4.957745
123,Boy's Life 2 (1997),4.9196844
123,Pather Panchali (1955),4.87217
123,Aiqing wansui (1994),4.6868424
123,Some Mother's Son (1996),4.679676
123,Anna (1996),4.6684103
124,Mina Tannenbaum (1994),5.037922
124,Little City (1998),4.620139
124,Santa with Muscles (1996),4.579195
124,Bitter Moon (1992),4.5157065
124,Paradise Lost: The Child Murders at Robin Hood Hills (1996),4.4712105
124,Fear of a Black Hat (1993),4.46662
124,Harlem (1993),4.4537845
124,Haunted World of Edward D. Wood Jr.  The (1995),4.4392786
124,Saint of Fort Washington  The (1993),4.3963003
124,Perfect Candidate  A (1996),4.3304453
125,Golden Earrings (1947),5.097941
125,Visitors  The (Visiteurs  Les) (1993),4.802319
125,Raiders of the Lost Ark (1981),4.7010436
125,Love in the Afternoon (1957),4.696015
125,Selena (1997),4.668468
125,Angel Baby (1995),4.6615086
125,Braveheart (1995),4.6540217
125,8 Seconds (1994),4.604578
125,Titanic (1997),4.597794
125,It's a Wonderful Life (1946),4.5787463
126,Hurricane Streets (1998),5.7495775
126,8 Heads in a Duffel Bag (1997),5.6787176
126,Rendezvous in Paris (Rendez-vous de Paris  Les) (1995),5.550543
126,Old Lady Who Walked in the Sea  The (Vieille qui marchait dans la mer  La) (1991),5.2688627
126,Selena (1997),4.805905
126,Golden Earrings (1947),4.803763
126,Year of the Horse (1997),4.784621
126,N?nette et Boni (1996),4.751131
126,Hugo Pool (1997),4.706726
126,Incognito (1997),4.6880465
127,Harlem (1993),7.24952
127,Ayn Rand: A Sense of Life (1997),6.8965855
127,Man in the Iron Mask  The (1998),6.5891623
127,8 Seconds (1994),6.086937
127,Rough Magic (1995),5.8918114
127,Lost in Space (1998),5.6374316
127,Doom Generation  The (1995),5.62082
127,Striking Distance (1993),5.616635
127,Deceiver (1997),5.590275
127,Sixth Man  The (1997),5.552841
128,Boys  Les (1997),4.848401
128,Saint of Fort Washington  The (1993),4.7836037
128,Angel Baby (1995),4.76553
128,Pather Panchali (1955),4.750741
128,Spanish Prisoner  The (1997),4.62924
128,Butcher Boy  The (1998),4.62924
128,Butcher Boy  The (1998),4.62924
128,Brothers in Trouble (1995),4.62924
128,Anna (1996),4.581509
128,Some Mother's Son (1996),4.5805583
129,N?nette et Boni (1996),4.325913
129,Aparajito (1956),4.1230316
129,Boy's Life 2 (1997),4.010711
129,Two or Three Things I Know About Her (1966),3.9965875
129,Angel Baby (1995),3.9930465
129,Aiqing wansui (1994),3.9292526
129,In the Bleak Midwinter (1995),3.9151096
129,Crooklyn (1994),3.9124756
129,American Dream (1990),3.8740568
129,Bitter Sugar (Azucar Amargo) (1996),3.8721263
130,Saint of Fort Washington  The (1993),5.5918355
130,8 Heads in a Duffel Bag (1997),5.5126557
130,Golden Earrings (1947),5.505295
130,Winter Guest  The (1997),5.3052874
130,Hurricane Streets (1998),5.2506137
130,Shawshank Redemption  The (1994),5.181928
130,Star Kid (1997),5.1801553
130,Spanish Prisoner  The (1997),5.1600356
130,Butcher Boy  The (1998),5.1600356
130,Butcher Boy  The (1998),5.1600356
131,Angel Baby (1995),5.0223365
131,Pather Panchali (1955),4.978275
131,Some Mother's Son (1996),4.9721904
131,Anna (1996),4.9092317
131,N?nette et Boni (1996),4.8417554
131,Someone Else's America (1995),4.7661724
131,Spanish Prisoner  The (1997),4.7500896
131,Butcher Boy  The (1998),4.7500896
131,Butcher Boy  The (1998),4.7500896
131,Brothers in Trouble (1995),4.7500896
132,Boys  Les (1997),4.9421988
132,Boy's Life 2 (1997),4.78415
132,World of Apu  The (Apur Sansar) (1959),4.7172213
132,Angel Baby (1995),4.6633224
132,Aiqing wansui (1994),4.5483437
132,Aparajito (1956),4.510384
132,Braindead (1992),4.507662
132,The Deadly Cure (1996),4.4816923
132,Bad Taste (1987),4.46735
132,Mina Tannenbaum (1994),4.466886
133,Santa with Muscles (1996),4.4001403
133,Saint of Fort Washington  The (1993),4.257328
133,Star Kid (1997),4.2179546
133,Pather Panchali (1955),4.186706
133,Angel Baby (1995),4.178652
133,Wrong Trousers  The (1993),4.1689105
133,Close Shave  A (1995),4.148289
133,Horseman on the Roof  The (Hussard sur le toit  Le) (1995),4.1464596
133,Boys  Les (1997),4.1374154
133,They Made Me a Criminal (1939),4.121156
134,Golden Earrings (1947),5.3709254
134,8 Seconds (1994),5.0999594
134,8 Heads in a Duffel Bag (1997),4.824017
134,Safe Passage (1994),4.7889724
134,Braveheart (1995),4.71469
134,Ayn Rand: A Sense of Life (1997),4.7009068
134,Saint of Fort Washington  The (1993),4.663343
134,Raiders of the Lost Ark (1981),4.6350083
134,Titanic (1997),4.611283
134,Love in the Afternoon (1957),4.5880027
135,Boys  Les (1997),4.960316
135,Saint of Fort Washington  The (1993),4.6710324
135,Angel Baby (1995),4.5427656
135,Santa with Muscles (1996),4.531707
135,Pather Panchali (1955),4.492076
135,Spanish Prisoner  The (1997),4.418052
135,Butcher Boy  The (1998),4.418052
135,Butcher Boy  The (1998),4.418052
135,Brothers in Trouble (1995),4.418052
135,Star Kid (1997),4.342109
136,Angel Baby (1995),5.543952
136,Pather Panchali (1955),5.336157
136,Some Mother's Son (1996),5.296493
136,Anna (1996),5.245348
136,The Deadly Cure (1996),5.1337905
136,N?nette et Boni (1996),5.129771
136,Boy's Life 2 (1997),5.1000924
136,Aparajito (1956),5.0827193
136,Bitter Sugar (Azucar Amargo) (1996),5.065956
136,Spanish Prisoner  The (1997),5.038102
137,Golden Earrings (1947),5.870005
137,Winter Guest  The (1997),5.749661
137,8 Heads in a Duffel Bag (1997),5.7011213
137,Saint of Fort Washington  The (1993),5.620681
137,Hurricane Streets (1998),5.433254
137,Leading Man  The (1996),5.3022175
137,Ayn Rand: A Sense of Life (1997),5.2809815
137,Braveheart (1995),5.1453424
137,Shawshank Redemption  The (1994),5.1321106
137,Frisk (1995),5.091508
138,Boys  Les (1997),5.3920007
138,Angel Baby (1995),5.2009807
138,Saint of Fort Washington  The (1993),5.1996837
138,Pather Panchali (1955),5.091031
138,Santa with Muscles (1996),5.0316405
138,Spanish Prisoner  The (1997),4.964531
138,Butcher Boy  The (1998),4.964531
138,Butcher Boy  The (1998),4.964531
138,Brothers in Trouble (1995),4.964531
138,Anna (1996),4.9165325
139,Some Mother's Son (1996),5.0163937
139,Pather Panchali (1955),4.9760885
139,Spanish Prisoner  The (1997),4.9194427
139,Butcher Boy  The (1998),4.9194427
139,Butcher Boy  The (1998),4.9194427
139,Brothers in Trouble (1995),4.9194427
139,Anna (1996),4.8982706
139,American Dream (1990),4.8457947
139,Bitter Sugar (Azucar Amargo) (1996),4.812003
139,Star Kid (1997),4.7727904
140,N?nette et Boni (1996),5.060254
140,Angel Baby (1995),5.056193
140,Pather Panchali (1955),4.8945174
140,Anna (1996),4.8495326
140,Some Mother's Son (1996),4.8424516
140,Someone Else's America (1995),4.7334905
140,Close Shave  A (1995),4.6843095
140,Whole Wide World  The (1996),4.6833606
140,Spanish Prisoner  The (1997),4.646334
140,Butcher Boy  The (1998),4.646334
141,Hurricane Streets (1998),5.5412464
141,Golden Earrings (1947),5.3645563
141,8 Heads in a Duffel Bag (1997),5.1426654
141,Doom Generation  The (1995),5.1046805
141,Ayn Rand: A Sense of Life (1997),4.8683233
141,Visitors  The (Visiteurs  Les) (1993),4.788721
141,8 Seconds (1994),4.780378
141,Leading Man  The (1996),4.6008434
141,Daniel Defoe's Robinson Crusoe (1996),4.557547
141,Deceiver (1997),4.5146346
142,Santa with Muscles (1996),4.812088
142,Spanish Prisoner  The (1997),4.691076
142,Butcher Boy  The (1998),4.691076
142,Butcher Boy  The (1998),4.691076
142,Brothers in Trouble (1995),4.691076
142,Saint of Fort Washington  The (1993),4.674658
142,American Dream (1990),4.654909
142,Mina Tannenbaum (1994),4.6486707
142,Star Kid (1997),4.6441464
142,Some Mother's Son (1996),4.6312623
143,8 Heads in a Duffel Bag (1997),5.923492
143,Winter Guest  The (1997),5.541238
143,Golden Earrings (1947),5.533323
143,In the Line of Duty 2 (1987),5.419553
143,Saint of Fort Washington  The (1993),5.292398
143,Love and Death on Long Island (1997),5.230216
143,Legal Deceit (1997),5.0197635
143,Happy Gilmore (1996),4.9218607
143,Frisk (1995),4.8728094
143,Safe Passage (1994),4.8625684
144,Angel Baby (1995),5.1083374
144,Boys  Les (1997),4.778434
144,Pather Panchali (1955),4.6965585
144,Anna (1996),4.5604806
144,Saint of Fort Washington  The (1993),4.5505133
144,Santa with Muscles (1996),4.502394
144,Schindler's List (1993),4.4789033
144,Someone Else's America (1995),4.466188
144,They Made Me a Criminal (1939),4.4603457
144,Star Kid (1997),4.4471793
145,Boys  Les (1997),5.4610815
145,Saint of Fort Washington  The (1993),5.2215776
145,Santa with Muscles (1996),5.030107
145,Star Wars (1977),4.759076
145,My Man Godfrey (1936),4.645273
145,Empire Strikes Back  The (1980),4.6305547
145,Raiders of the Lost Ark (1981),4.621336
145,Usual Suspects  The (1995),4.6130285
145,Star Kid (1997),4.605152
145,Terminator  The (1984),4.5999484
146,Some Mother's Son (1996),4.842319
146,American Dream (1990),4.8031616
146,Pather Panchali (1955),4.7598033
146,Santa with Muscles (1996),4.756954
146,Anna (1996),4.747416
146,Spanish Prisoner  The (1997),4.7271094
146,Butcher Boy  The (1998),4.7271094
146,Butcher Boy  The (1998),4.7271094
146,Brothers in Trouble (1995),4.7271094
146,Bitter Sugar (Azucar Amargo) (1996),4.698453
147,N?nette et Boni (1996),5.927123
147,Rendezvous in Paris (Rendez-vous de Paris  Les) (1995),5.678628
147,Hugo Pool (1997),5.634606
147,Hurricane Streets (1998),5.465133
147,Year of the Horse (1997),5.454863
147,Some Mother's Son (1996),5.413162
147,Sum of Us  The (1994),5.364402
147,Bitter Sugar (Azucar Amargo) (1996),5.361454
147,Love! Valour! Compassion! (1997),5.293019
147,Late Bloomers (1996),5.168436
148,Santa with Muscles (1996),5.083848
148,Faust (1994),5.0301204
148,Close Shave  A (1995),5.010628
148,Angel Baby (1995),4.997313
148,Boys  Les (1997),4.942446
148,Wrong Trousers  The (1993),4.922789
148,Great Day in Harlem  A (1994),4.8190017
148,Two or Three Things I Know About Her (1966),4.8184433
148,Whole Wide World  The (1996),4.811814
148,Wallace & Gromit: The Best of Aardman Animation (1996),4.8006682
149,American Dream (1990),4.0236015
149,Some Mother's Son (1996),3.960088
149,Bitter Sugar (Azucar Amargo) (1996),3.95877
149,Stalker (1979),3.8947446
149,Spanish Prisoner  The (1997),3.8938234
149,Butcher Boy  The (1998),3.8938234
149,Butcher Boy  The (1998),3.8938234
149,Brothers in Trouble (1995),3.8938234
149,Slingshot  The (1993),3.8359196
149,Santa with Muscles (1996),3.8154597
150,Saint of Fort Washington  The (1993),4.940262
150,Spanish Prisoner  The (1997),4.912536
150,Butcher Boy  The (1998),4.912536
150,Butcher Boy  The (1998),4.912536
150,Brothers in Trouble (1995),4.912536
150,Santa with Muscles (1996),4.907955
150,Mina Tannenbaum (1994),4.8984556
150,Some Mother's Son (1996),4.838969
150,Star Kid (1997),4.834789
150,American Dream (1990),4.7930274
151,Angel Baby (1995),5.8699055
151,Boys  Les (1997),5.370406
151,Pather Panchali (1955),5.1306067
151,N?nette et Boni (1996),5.0220246
151,Anna (1996),4.9857316
151,Someone Else's America (1995),4.9689674
151,Close Shave  A (1995),4.953811
151,In the Bleak Midwinter (1995),4.920118
151,Santa with Muscles (1996),4.8825936
151,Casablanca (1942),4.864154
152,8 Heads in a Duffel Bag (1997),6.0671215
152,Hurricane Streets (1998),6.0449357
152,Golden Earrings (1947),5.9328847
152,Selena (1997),5.4417787
152,Rendezvous in Paris (Rendez-vous de Paris  Les) (1995),5.2493563
152,Schindler's List (1993),5.235011
152,Visitors  The (Visiteurs  Les) (1993),5.2228885
152,It's a Wonderful Life (1946),5.2154007
152,Shawshank Redemption  The (1994),5.209117
152,Braveheart (1995),5.201159
153,Love and Death on Long Island (1997),4.9785914
153,Year of the Horse (1997),4.473966
153,Bitter Sugar (Azucar Amargo) (1996),4.4238615
153,Some Mother's Son (1996),4.347114
153,Burnt By the Sun (1994),4.3411016
153,Slingshot  The (1993),4.3081813
153,Bad Taste (1987),4.2970734
153,Incognito (1997),4.1970115
153,Frisk (1995),4.1936874
153,Winter Guest  The (1997),4.146945
154,Boys  Les (1997),6.017251
154,Angel Baby (1995),5.3292365
154,Faust (1994),4.8325763
154,Saint of Fort Washington  The (1993),4.7898417
154,Mina Tannenbaum (1994),4.7880683
154,Santa with Muscles (1996),4.7512107
154,Pather Panchali (1955),4.7489433
154,Aiqing wansui (1994),4.6503444
154,Paths of Glory (1957),4.6275387
154,Godfather  The (1972),4.5975294
155,Angel Baby (1995),4.1910086
155,Some Mother's Son (1996),4.1408253
155,Pather Panchali (1955),4.1232243
155,The Deadly Cure (1996),4.059399
155,Anna (1996),4.0471363
155,Year of the Horse (1997),4.044906
155,Bitter Sugar (Azucar Amargo) (1996),3.9508467
155,Spanish Prisoner  The (1997),3.906131
155,Butcher Boy  The (1998),3.906131
155,Butcher Boy  The (1998),3.906131
156,Boys  Les (1997),5.5913014
156,Angel Baby (1995),5.477022
156,World of Apu  The (Apur Sansar) (1959),4.7465353
156,Pather Panchali (1955),4.4328446
156,Aiqing wansui (1994),4.401903
156,Faust (1994),4.347557
156,The Deadly Cure (1996),4.340317
156,Boy's Life 2 (1997),4.3345723
156,Paths of Glory (1957),4.320484
156,When We Were Kings (1996),4.2767057
157,Angel Baby (1995),5.446415
157,Pather Panchali (1955),5.3946023
157,Boys  Les (1997),5.343834
157,Some Mother's Son (1996),5.2754326
157,8 Heads in a Duffel Bag (1997),5.258215
157,Anna (1996),5.203621
157,Saint of Fort Washington  The (1993),5.197002
157,Spanish Prisoner  The (1997),5.195515
157,Butcher Boy  The (1998),5.195515
157,Butcher Boy  The (1998),5.195515
158,Angel Baby (1995),5.4816236
158,Boys  Les (1997),5.429619
158,Pather Panchali (1955),5.133017
158,Saint of Fort Washington  The (1993),5.029247
158,Anna (1996),4.9564548
158,Santa with Muscles (1996),4.926549
158,Spanish Prisoner  The (1997),4.899362
158,Butcher Boy  The (1998),4.899362
158,Butcher Boy  The (1998),4.899362
158,Brothers in Trouble (1995),4.899362
159,Golden Earrings (1947),4.7385535
159,Ayn Rand: A Sense of Life (1997),4.730327
159,Titanic (1997),4.715188
159,Horseman on the Roof  The (Hussard sur le toit  Le) (1995),4.687931
159,Saint of Fort Washington  The (1993),4.646843
159,Santa with Muscles (1996),4.6123605
159,Rough Magic (1995),4.566801
159,Hurricane Streets (1998),4.5291896
159,Star Kid (1997),4.497612
159,Raiders of the Lost Ark (1981),4.4368863
160,Boys  Les (1997),5.725728
160,Mina Tannenbaum (1994),5.2651443
160,In the Line of Duty 2 (1987),5.1644063
160,Saint of Fort Washington  The (1993),5.125152
160,Paradise Lost: The Child Murders at Robin Hood Hills (1996),5.0982356
160,Pather Panchali (1955),4.9951925
160,Angel Baby (1995),4.953642
160,Love and Death on Long Island (1997),4.948924
160,Spanish Prisoner  The (1997),4.9352
160,Butcher Boy  The (1998),4.9352
161,Saint of Fort Washington  The (1993),3.2063851
161,Some Mother's Son (1996),3.2028472
161,Spanish Prisoner  The (1997),3.1994362
161,Butcher Boy  The (1998),3.1994362
161,Butcher Boy  The (1998),3.1994362
161,Brothers in Trouble (1995),3.1994362
161,Pather Panchali (1955),3.1865613
161,Anna (1996),3.1256793
161,Star Kid (1997),3.1205812
161,Santa with Muscles (1996),3.0696232
162,Saint of Fort Washington  The (1993),4.663497
162,Hurricane Streets (1998),4.656553
162,Golden Earrings (1947),4.598851
162,8 Heads in a Duffel Bag (1997),4.5460024
162,Winter Guest  The (1997),4.51761
162,Star Kid (1997),4.432445
162,Spanish Prisoner  The (1997),4.376092
162,Butcher Boy  The (1998),4.376092
162,Butcher Boy  The (1998),4.376092
162,Brothers in Trouble (1995),4.376092
163,Boys  Les (1997),4.5996957
163,Angel Baby (1995),4.5604553
163,Saint of Fort Washington  The (1993),4.1139903
163,Golden Earrings (1947),3.9868014
163,Pather Panchali (1955),3.9667134
163,8 Heads in a Duffel Bag (1997),3.915283
163,Schindler's List (1993),3.9097228
163,Shawshank Redemption  The (1994),3.8910294
163,Raiders of the Lost Ark (1981),3.8121994
163,Santa with Muscles (1996),3.8089154
164,Hurricane Streets (1998),5.508535
164,Golden Earrings (1947),5.3538656
164,Horseman on the Roof  The (Hussard sur le toit  Le) (1995),5.3425865
164,Titanic (1997),5.2206287
164,Visitors  The (Visiteurs  Les) (1993),5.1940064
164,Star Kid (1997),5.054886
164,Rough Magic (1995),5.0446515
164,Saint of Fort Washington  The (1993),5.0355554
164,Santa with Muscles (1996),5.02073
164,Sum of Us  The (1994),4.9774146
165,Santa with Muscles (1996),4.896142
165,Saint of Fort Washington  The (1993),4.8732195
165,Star Kid (1997),4.825665
165,Pather Panchali (1955),4.726464
165,Spanish Prisoner  The (1997),4.715591
165,Butcher Boy  The (1998),4.715591
165,Butcher Boy  The (1998),4.715591
165,Brothers in Trouble (1995),4.715591
165,Horseman on the Roof  The (Hussard sur le toit  Le) (1995),4.705699
165,Anna (1996),4.6721344
166,8 Seconds (1994),5.9702415
166,Golden Earrings (1947),5.8025217
166,Safe Passage (1994),5.7541
166,8 Heads in a Duffel Bag (1997),5.2069154
166,Selena (1997),5.1345854
166,Visitors  The (Visiteurs  Les) (1993),5.0101695
166,Braveheart (1995),4.983122
166,Daniel Defoe's Robinson Crusoe (1996),4.9543123
166,Love in the Afternoon (1957),4.8935738
166,Raiders of the Lost Ark (1981),4.841109
167,World of Apu  The (Apur Sansar) (1959),5.7924294
167,Angel Baby (1995),5.772203
167,The Deadly Cure (1996),5.423401
167,Year of the Horse (1997),5.288124
167,8 Heads in a Duffel Bag (1997),5.0729
167,Red Firecracker  Green Firecracker (1994),5.006605
167,Pather Panchali (1955),4.9810185
167,Incognito (1997),4.962286
167,Apostle  The (1997),4.9144864
167,Boys  Les (1997),4.9029202
168,Visitors  The (Visiteurs  Les) (1993),4.8541117
168,Horseman on the Roof  The (Hussard sur le toit  Le) (1995),4.818397
168,Whole Wide World  The (1996),4.6806855
168,Boys of St. Vincent  The (1993),4.680208
168,Titanic (1997),4.5396338
168,Sum of Us  The (1994),4.5181417
168,Rough Magic (1995),4.5180674
168,Great Day in Harlem  A (1994),4.46815
168,N?nette et Boni (1996),4.4654145
168,Love in the Afternoon (1957),4.4581003
169,Horseman on the Roof  The (Hussard sur le toit  Le) (1995),4.9083695
169,Santa with Muscles (1996),4.831075
169,Star Kid (1997),4.807735
169,Saint of Fort Washington  The (1993),4.747601
169,Titanic (1997),4.69091
169,Whole Wide World  The (1996),4.671938
169,Wrong Trousers  The (1993),4.617218
169,Hurricane Streets (1998),4.615852
169,Some Folks Call It a Sling Blade (1993),4.612671
169,Pather Panchali (1955),4.6092877
170,Hurricane Streets (1998),5.837718
170,Visitors  The (Visiteurs  Les) (1993),5.425222
170,Golden Earrings (1947),5.408802
170,8 Heads in a Duffel Bag (1997),5.2144847
170,Rendezvous in Paris (Rendez-vous de Paris  Les) (1995),4.938916
170,Selena (1997),4.9374795
170,Doom Generation  The (1995),4.9047923
170,Horseman on the Roof  The (Hussard sur le toit  Le) (1995),4.8512325
170,Sum of Us  The (1994),4.850969
170,Titanic (1997),4.783989
171,Angel Baby (1995),4.572244
171,Boys  Les (1997),4.552429
171,Santa with Muscles (1996),4.511308
171,Pather Panchali (1955),4.3419776
171,Close Shave  A (1995),4.323584
171,Faust (1994),4.3217754
171,Saint of Fort Washington  The (1993),4.3107696
171,Wrong Trousers  The (1993),4.287527
171,Star Kid (1997),4.254433
171,Anna (1996),4.239818
172,Angel Baby (1995),4.2576876
172,N?nette et Boni (1996),4.061752
172,Close Shave  A (1995),4.0186296
172,Great Day in Harlem  A (1994),4.007801
172,Whole Wide World  The (1996),3.970008
172,Santa with Muscles (1996),3.9352448
172,Wrong Trousers  The (1993),3.883546
172,Horseman on the Roof  The (Hussard sur le toit  Le) (1995),3.8768706
172,Faust (1994),3.8321497
172,Boys  Les (1997),3.825391
173,Saint of Fort Washington  The (1993),5.89673
173,Pather Panchali (1955),5.8013515
173,Spanish Prisoner  The (1997),5.744426
173,Butcher Boy  The (1998),5.744426
173,Butcher Boy  The (1998),5.744426
173,Brothers in Trouble (1995),5.744426
173,Star Kid (1997),5.7180533
173,Some Mother's Son (1996),5.7010694
173,Anna (1996),5.680478
173,Santa with Muscles (1996),5.660703
174,Angel Baby (1995),5.8897357
174,N?nette et Boni (1996),5.8267074
174,Someone Else's America (1995),5.381958
174,Pather Panchali (1955),5.2879043
174,In the Bleak Midwinter (1995),5.2187753
174,Anna (1996),5.213799
174,Some Mother's Son (1996),5.103843
174,Whole Wide World  The (1996),5.0762005
174,Close Shave  A (1995),5.0491953
174,So Dear to My Heart (1949),5.0488577
175,Angel Baby (1995),5.2843995
175,Boys  Les (1997),4.8568892
175,Golden Earrings (1947),4.64718
175,Selena (1997),4.5320854
175,8 Heads in a Duffel Bag (1997),4.516923
175,It's a Wonderful Life (1946),4.5011454
175,Little Princess  The (1939),4.449783
175,Schindler's List (1993),4.4297066
175,Love Serenade (1996),4.3772225
175,Little Princess  A (1995),4.3717294
176,Mina Tannenbaum (1994),4.966189
176,Love and Death on Long Island (1997),4.858772
176,American Dream (1990),4.8302884
176,Some Mother's Son (1996),4.807114
176,Spanish Prisoner  The (1997),4.8070846
176,Butcher Boy  The (1998),4.8070846
176,Butcher Boy  The (1998),4.8070846
176,Brothers in Trouble (1995),4.8070846
176,Pather Panchali (1955),4.752418
176,Saint of Fort Washington  The (1993),4.7130647
177,Boys  Les (1997),5.2878175
177,Saint of Fort Washington  The (1993),4.7203894
177,Santa with Muscles (1996),4.7091465
177,Mina Tannenbaum (1994),4.6935244
177,Faust (1994),4.577938
177,Angel Baby (1995),4.5677276
177,Pather Panchali (1955),4.5030255
177,Maya Lin: A Strong Clear Vision (1994),4.4522653
177,Spanish Prisoner  The (1997),4.4519978
177,Butcher Boy  The (1998),4.4519978
178,Golden Earrings (1947),4.8051753
178,Saint of Fort Washington  The (1993),4.7851524
178,Santa with Muscles (1996),4.692885
178,Raiders of the Lost Ark (1981),4.6234317
178,Titanic (1997),4.621118
178,Star Wars (1977),4.577779
178,Horseman on the Roof  The (Hussard sur le toit  Le) (1995),4.5757256
178,Shawshank Redemption  The (1994),4.546574
178,Angel Baby (1995),4.522195
178,Star Kid (1997),4.5161147
179,Harlem (1993),5.4490695
179,Ayn Rand: A Sense of Life (1997),4.636767
179,Wild Things (1998),4.5637474
179,Man in the Iron Mask  The (1998),4.5437727
179,Winter Guest  The (1997),4.488551
179,Haunted World of Edward D. Wood Jr.  The (1995),4.470771
179,Little City (1998),4.4511776
179,Santa with Muscles (1996),4.4435534
179,Killer (Bulletproof Heart) (1994),4.4076543
179,Saint of Fort Washington  The (1993),4.260638
180,Some Mother's Son (1996),5.1566253
180,Santa with Muscles (1996),5.111275
180,Pather Panchali (1955),5.098835
180,Anna (1996),5.081506
180,American Dream (1990),5.058298
180,Spanish Prisoner  The (1997),5.0471306
180,Butcher Boy  The (1998),5.0471306
180,Butcher Boy  The (1998),5.0471306
180,Brothers in Trouble (1995),5.0471306
180,Star Kid (1997),5.0393305
181,Golden Earrings (1947),2.4553878
181,Saint of Fort Washington  The (1993),2.3573358
181,Ayn Rand: A Sense of Life (1997),2.3168108
181,Hurricane Streets (1998),2.2943966
181,Titanic (1997),2.2861536
181,Santa with Muscles (1996),2.2137809
181,Braveheart (1995),2.20531
181,Leading Man  The (1996),2.203533
181,Raiders of the Lost Ark (1981),2.1965609
181,Star Kid (1997),2.1952095
182,Angel Baby (1995),4.6235013
182,Golden Earrings (1947),4.6185455
182,Saint of Fort Washington  The (1993),4.5748367
182,Santa with Muscles (1996),4.5237546
182,Raiders of the Lost Ark (1981),4.4719386
182,Horseman on the Roof  The (Hussard sur le toit  Le) (1995),4.4587255
182,Titanic (1997),4.441095
182,Star Wars (1977),4.428322
182,Schindler's List (1993),4.417271
182,Shawshank Redemption  The (1994),4.413311
183,Angel Baby (1995),4.597993
183,N?nette et Boni (1996),4.324001
183,Pather Panchali (1955),4.3022804
183,Someone Else's America (1995),4.236509
183,Anna (1996),4.224928
183,Schindler's List (1993),4.15306
183,Some Mother's Son (1996),4.1497045
183,Star Kid (1997),4.0942817
183,They Made Me a Criminal (1939),4.0928135
183,Crossfire (1947),4.074257
184,Angel Baby (1995),4.9981174
184,Pather Panchali (1955),4.840361
184,Some Mother's Son (1996),4.790756
184,Anna (1996),4.754666
184,N?nette et Boni (1996),4.599267
184,Spanish Prisoner  The (1997),4.5903125
184,Butcher Boy  The (1998),4.5903125
184,Butcher Boy  The (1998),4.5903125
184,Brothers in Trouble (1995),4.5903125
184,The Deadly Cure (1996),4.5796776
185,Angel Baby (1995),4.971187
185,Some Mother's Son (1996),4.95841
185,Pather Panchali (1955),4.955563
185,Anna (1996),4.89525
185,N?nette et Boni (1996),4.8283286
185,Spanish Prisoner  The (1997),4.741951
185,Butcher Boy  The (1998),4.741951
185,Butcher Boy  The (1998),4.741951
185,Brothers in Trouble (1995),4.741951
185,Someone Else's America (1995),4.7009363
186,Hurricane Streets (1998),5.3310943
186,8 Heads in a Duffel Bag (1997),5.2876315
186,Golden Earrings (1947),5.0855875
186,Selena (1997),4.815708
186,Rendezvous in Paris (Rendez-vous de Paris  Les) (1995),4.728806
186,Visitors  The (Visiteurs  Les) (1993),4.687275
186,Old Lady Who Walked in the Sea  The (Vieille qui marchait dans la mer  La) (1991),4.6193743
186,It's a Wonderful Life (1946),4.5280437
186,Schindler's List (1993),4.442527
186,Dangerous Beauty (1998),4.426967
187,Angel Baby (1995),5.064655
187,Pather Panchali (1955),4.9389877
187,Anna (1996),4.8473225
187,Santa with Muscles (1996),4.8301635
187,Boys  Les (1997),4.816018
187,Some Mother's Son (1996),4.795647
187,Spanish Prisoner  The (1997),4.7547655
187,Butcher Boy  The (1998),4.7547655
187,Butcher Boy  The (1998),4.7547655
187,Brothers in Trouble (1995),4.7547655
188,8 Heads in a Duffel Bag (1997),4.9491653
188,Golden Earrings (1947),4.8284574
188,Saint of Fort Washington  The (1993),4.703617
188,Hurricane Streets (1998),4.684926
188,Pather Panchali (1955),4.5915747
188,Schindler's List (1993),4.5749516
188,Shawshank Redemption  The (1994),4.571967
188,Angel Baby (1995),4.5640693
188,Star Kid (1997),4.5013733
188,Spanish Prisoner  The (1997),4.4809127
189,Angel Baby (1995),5.698811
189,Boys  Les (1997),5.5033507
189,Pather Panchali (1955),5.179033
189,World of Apu  The (Apur Sansar) (1959),5.079286
189,The Deadly Cure (1996),5.024271
189,Anna (1996),4.9667645
189,Some Mother's Son (1996),4.921421
189,Spanish Prisoner  The (1997),4.835855
189,Butcher Boy  The (1998),4.835855
189,Butcher Boy  The (1998),4.835855
190,Santa with Muscles (1996),4.52444
190,Saint of Fort Washington  The (1993),4.5045376
190,Star Kid (1997),4.264561
190,Titanic (1997),4.2640862
190,Star Wars (1977),4.246985
190,Horseman on the Roof  The (Hussard sur le toit  Le) (1995),4.2434273
190,Raiders of the Lost Ark (1981),4.1741276
190,Wrong Trousers  The (1993),4.163339
190,My Man Godfrey (1936),4.1593623
190,Golden Earrings (1947),4.1325345
191,Angel Baby (1995),4.7446423
191,Pather Panchali (1955),4.7156787
191,Some Mother's Son (1996),4.616394
191,Anna (1996),4.6042676
191,Spanish Prisoner  The (1997),4.555177
191,Butcher Boy  The (1998),4.555177
191,Butcher Boy  The (1998),4.555177
191,Brothers in Trouble (1995),4.555177
191,Saint of Fort Washington  The (1993),4.5541925
191,Boys  Les (1997),4.4941525
192,Some Mother's Son (1996),4.6770434
192,Pather Panchali (1955),4.611108
192,Spanish Prisoner  The (1997),4.587481
192,Butcher Boy  The (1998),4.587481
192,Butcher Boy  The (1998),4.587481
192,Brothers in Trouble (1995),4.587481
192,American Dream (1990),4.5783725
192,Anna (1996),4.5561934
192,Bitter Sugar (Azucar Amargo) (1996),4.5266614
192,Star Kid (1997),4.4703593
193,Angel Baby (1995),5.043602
193,N?nette et Boni (1996),4.6880713
193,Someone Else's America (1995),4.5886593
193,Pather Panchali (1955),4.554575
193,8 Heads in a Duffel Bag (1997),4.509231
193,Anna (1996),4.4543962
193,Rendezvous in Paris (Rendez-vous de Paris  Les) (1995),4.4410567
193,Schindler's List (1993),4.4012175
193,Some Mother's Son (1996),4.3999643
193,It's a Wonderful Life (1946),4.342652
194,Boys  Les (1997),4.6394434
194,Angel Baby (1995),4.507017
194,Saint of Fort Washington  The (1993),4.0004883
194,Pather Panchali (1955),3.9969153
194,Santa with Muscles (1996),3.8193688
194,Anna (1996),3.794272
194,Spanish Prisoner  The (1997),3.765887
194,Butcher Boy  The (1998),3.765887
194,Butcher Boy  The (1998),3.765887
194,Brothers in Trouble (1995),3.765887
195,Angel Baby (1995),4.983939
195,Boys  Les (1997),4.822465
195,Pather Panchali (1955),4.672494
195,Saint of Fort Washington  The (1993),4.654932
195,Santa with Muscles (1996),4.5279784
195,Anna (1996),4.523586
195,Schindler's List (1993),4.4721184
195,Spanish Prisoner  The (1997),4.467004
195,Butcher Boy  The (1998),4.467004
195,Butcher Boy  The (1998),4.467004
196,Some Mother's Son (1996),4.717047
196,Pather Panchali (1955),4.7010636
196,Spanish Prisoner  The (1997),4.645388
196,Butcher Boy  The (1998),4.645388
196,Butcher Boy  The (1998),4.645388
196,Brothers in Trouble (1995),4.645388
196,Saint of Fort Washington  The (1993),4.6301684
196,Anna (1996),4.6086764
196,Star Kid (1997),4.527173
196,8 Heads in a Duffel Bag (1997),4.482315
197,Angel Baby (1995),4.9922853
197,Boys  Les (1997),4.719129
197,Golden Earrings (1947),4.548443
197,Raiders of the Lost Ark (1981),4.5198917
197,Love in the Afternoon (1957),4.5098314
197,Star Wars (1977),4.446839
197,It's a Wonderful Life (1946),4.3815274
197,Santa with Muscles (1996),4.3531456
197,Saint of Fort Washington  The (1993),4.3509564
197,Great Day in Harlem  A (1994),4.347091
198,Boys  Les (1997),5.126036
198,Angel Baby (1995),4.8875513
198,Santa with Muscles (1996),4.2907557
198,Saint of Fort Washington  The (1993),4.271952
198,Pather Panchali (1955),4.2540436
198,Faust (1994),4.2315154
198,Anna (1996),4.043771
198,Star Wars (1977),4.036634
198,They Made Me a Criminal (1939),4.03426
198,Godfather  The (1972),4.014739
199,Angel Baby (1995),5.0390215
199,Boys  Les (1997),4.892405
199,Aiqing wansui (1994),4.807461
199,Boy's Life 2 (1997),4.7713256
199,Faust (1994),4.677777
199,Aparajito (1956),4.669916
199,Two or Three Things I Know About Her (1966),4.6357822
199,Pather Panchali (1955),4.5511374
199,Close Shave  A (1995),4.518366
199,Grosse Fatigue (1994),4.4797535
200,Saint of Fort Washington  The (1993),5.4724345
200,Golden Earrings (1947),5.4252195
200,Santa with Muscles (1996),5.142402
200,Shawshank Redemption  The (1994),5.1166596
200,Star Kid (1997),5.0934143
200,8 Heads in a Duffel Bag (1997),5.0722833
200,Titanic (1997),5.0333643
200,Raiders of the Lost Ark (1981),5.010563
200,Schindler's List (1993),5.000765
200,Braveheart (1995),4.994942
201,Boys  Les (1997),4.7317576
201,In the Line of Duty 2 (1987),4.2126985
201,Angel Baby (1995),4.1886787
201,Mina Tannenbaum (1994),4.160721
201,Saint of Fort Washington  The (1993),4.1507697
201,Paradise Lost: The Child Murders at Robin Hood Hills (1996),4.110829
201,Pather Panchali (1955),4.1029143
201,Love and Death on Long Island (1997),4.0735383
201,Braindead (1992),4.045614
201,Spanish Prisoner  The (1997),4.0031056
202,Whole Wide World  The (1996),4.2643147
202,Boys of St. Vincent  The (1993),4.104054
202,Horseman on the Roof  The (Hussard sur le toit  Le) (1995),4.0110073
202,Picture Bride (1995),4.0101132
202,Great Day in Harlem  A (1994),3.9787717
202,Hearts and Minds (1996),3.9129226
202,Close Shave  A (1995),3.9042833
202,Wrong Trousers  The (1993),3.8930771
202,Two or Three Things I Know About Her (1966),3.8878202
202,Santa with Muscles (1996),3.8454497
203,Saint of Fort Washington  The (1993),4.6192956
203,Santa with Muscles (1996),4.540809
203,Star Kid (1997),4.4092374
203,Spanish Prisoner  The (1997),4.361203
203,Butcher Boy  The (1998),4.361203
203,Butcher Boy  The (1998),4.361203
203,Brothers in Trouble (1995),4.361203
203,Pather Panchali (1955),4.2934113
203,Boys  Les (1997),4.2534146
203,Anna (1996),4.2054553
204,Boy's Life 2 (1997),5.0780787
204,Aparajito (1956),5.0669527
204,Angel Baby (1995),5.0114284
204,The Deadly Cure (1996),4.892187
204,Bitter Sugar (Azucar Amargo) (1996),4.8531375
204,Aiqing wansui (1994),4.8328547
204,World of Apu  The (Apur Sansar) (1959),4.8323975
204,American Dream (1990),4.8163366
204,Some Mother's Son (1996),4.8040304
204,Pather Panchali (1955),4.7886667
205,Santa with Muscles (1996),3.9785182
205,Saint of Fort Washington  The (1993),3.8494148
205,Star Kid (1997),3.83084
205,Horseman on the Roof  The (Hussard sur le toit  Le) (1995),3.7704697
205,Wrong Trousers  The (1993),3.7643406
205,Pather Panchali (1955),3.7449963
205,Spanish Prisoner  The (1997),3.7250702
205,Butcher Boy  The (1998),3.7250702
205,Butcher Boy  The (1998),3.7250702
205,Brothers in Trouble (1995),3.7250702
206,Mina Tannenbaum (1994),4.672767
206,Fear of a Black Hat (1993),4.400845
206,Boys  Les (1997),4.370504
206,Santa with Muscles (1996),4.2992144
206,Haunted World of Edward D. Wood Jr.  The (1995),4.260817
206,Bitter Moon (1992),4.2268224
206,Paradise Lost: The Child Murders at Robin Hood Hills (1996),4.1736526
206,In the Line of Duty 2 (1987),4.1422944
206,Faust (1994),4.136859
206,Saint of Fort Washington  The (1993),4.1272564
207,8 Heads in a Duffel Bag (1997),4.334221
207,Hurricane Streets (1998),4.228522
207,Golden Earrings (1947),4.1695056
207,Pather Panchali (1955),4.1390843
207,Angel Baby (1995),4.125281
207,Saint of Fort Washington  The (1993),4.0853004
207,Schindler's List (1993),4.069253
207,Some Mother's Son (1996),4.0618887
207,Anna (1996),4.0598125
207,Shawshank Redemption  The (1994),4.0258374
208,Angel Baby (1995),5.7593207
208,Little Princess  The (1939),4.993428
208,Selena (1997),4.9881315
208,8 Heads in a Duffel Bag (1997),4.95273
208,It's a Wonderful Life (1946),4.886902
208,Best Men (1997),4.857706
208,Someone Else's America (1995),4.8371844
208,Love Serenade (1996),4.8166227
208,N?nette et Boni (1996),4.81041
208,Little Princess  A (1995),4.7494645
209,Boys  Les (1997),4.983268
209,Angel Baby (1995),4.937014
209,Pather Panchali (1955),4.3108425
209,Santa with Muscles (1996),4.2955127
209,Saint of Fort Washington  The (1993),4.2301702
209,Faust (1994),4.2241154
209,Anna (1996),4.126758
209,Close Shave  A (1995),4.10649
209,They Made Me a Criminal (1939),4.093401
209,Casablanca (1942),4.080423
210,Angel Baby (1995),5.4416
210,Boys  Les (1997),5.28416
210,Pather Panchali (1955),5.1586924
210,Saint of Fort Washington  The (1993),5.095904
210,Santa with Muscles (1996),5.0489526
210,Anna (1996),5.0119157
210,Star Kid (1997),4.9476094
210,Spanish Prisoner  The (1997),4.947561
210,Butcher Boy  The (1998),4.947561
210,Butcher Boy  The (1998),4.947561
211,Hurricane Streets (1998),4.4886436
211,N?nette et Boni (1996),4.158206
211,Rendezvous in Paris (Rendez-vous de Paris  Les) (1995),4.124548
211,Golden Earrings (1947),4.1067314
211,8 Heads in a Duffel Bag (1997),4.0710354
211,Sum of Us  The (1994),4.049796
211,Horseman on the Roof  The (Hussard sur le toit  Le) (1995),4.0096736
211,Dangerous Beauty (1998),3.9577198
211,Visitors  The (Visiteurs  Les) (1993),3.9322875
211,Schindler's List (1993),3.925102
212,N?nette et Boni (1996),5.9031887
212,Sum of Us  The (1994),5.6971025
212,Whole Wide World  The (1996),5.616962
212,Boys of St. Vincent  The (1993),5.310123
212,Horseman on the Roof  The (Hussard sur le toit  Le) (1995),5.2731924
212,Hugo Pool (1997),5.180307
212,Total Eclipse (1995),5.080938
212,So Dear to My Heart (1949),5.0356417
212,Visitors  The (Visiteurs  Les) (1993),5.000884
212,Love! Valour! Compassion! (1997),4.982159
213,Boys  Les (1997),5.5047045
213,Saint of Fort Washington  The (1993),5.4637165
213,Angel Baby (1995),5.2447877
213,Pather Panchali (1955),5.2426877
213,Santa with Muscles (1996),5.215967
213,Spanish Prisoner  The (1997),5.15878
213,Butcher Boy  The (1998),5.15878
213,Butcher Boy  The (1998),5.15878
213,Brothers in Trouble (1995),5.15878
213,Star Kid (1997),5.1142173
214,Boys  Les (1997),5.1580415
214,Angel Baby (1995),4.8763895
214,Pather Panchali (1955),4.7710624
214,Spanish Prisoner  The (1997),4.620208
214,Butcher Boy  The (1998),4.620208
214,Butcher Boy  The (1998),4.620208
214,Brothers in Trouble (1995),4.620208
214,Saint of Fort Washington  The (1993),4.61822
214,Anna (1996),4.601002
214,Some Mother's Son (1996),4.5905447
215,Boys  Les (1997),5.071572
215,Angel Baby (1995),4.99632
215,Santa with Muscles (1996),4.6530414
215,Saint of Fort Washington  The (1993),4.5634418
215,Pather Panchali (1955),4.4376335
215,Star Wars (1977),4.4354253
215,Faust (1994),4.4224863
215,Close Shave  A (1995),4.373061
215,Wrong Trousers  The (1993),4.3530493
215,They Made Me a Criminal (1939),4.3354626
216,Boys  Les (1997),5.6175222
216,Angel Baby (1995),5.109589
216,Saint of Fort Washington  The (1993),5.1068316
216,Pather Panchali (1955),4.9888973
216,Spanish Prisoner  The (1997),4.867672
216,Butcher Boy  The (1998),4.867672
216,Butcher Boy  The (1998),4.867672
216,Brothers in Trouble (1995),4.867672
216,Santa with Muscles (1996),4.7748346
216,In the Line of Duty 2 (1987),4.75709
217,Saint of Fort Washington  The (1993),4.024477
217,Santa with Muscles (1996),3.8582406
217,Star Kid (1997),3.8520713
217,Golden Earrings (1947),3.7964013
217,Spanish Prisoner  The (1997),3.777903
217,Butcher Boy  The (1998),3.777903
217,Butcher Boy  The (1998),3.777903
217,Brothers in Trouble (1995),3.777903
217,Shawshank Redemption  The (1994),3.7294524
217,Pather Panchali (1955),3.7149966
218,Boys  Les (1997),4.8926396
218,Angel Baby (1995),4.611034
218,Santa with Muscles (1996),4.4615035
218,Pather Panchali (1955),4.4194474
218,Saint of Fort Washington  The (1993),4.4137735
218,Faust (1994),4.3343024
218,Spanish Prisoner  The (1997),4.2836123
218,Butcher Boy  The (1998),4.2836123
218,Butcher Boy  The (1998),4.2836123
218,Brothers in Trouble (1995),4.2836123
219,Two or Three Things I Know About Her (1966),5.4463725
219,Aiqing wansui (1994),5.4372063
219,Faust (1994),5.4257784
219,Boy's Life 2 (1997),5.370201
219,Grosse Fatigue (1994),5.3122163
219,American Dream (1990),5.2325945
219,Kaspar Hauser (1993),5.2164397
219,Sweet Hereafter  The (1997),5.2142425
219,Santa with Muscles (1996),5.2099047
219,Wallace & Gromit: The Best of Aardman Animation (1996),5.1841793
220,Stalker (1979),5.1311617
220,Slingshot  The (1993),5.017051
220,Some Mother's Son (1996),4.99411
220,Star Kid (1997),4.9751787
220,Whole Wide World  The (1996),4.924835
220,To Live (Huozhe) (1994),4.9076967
220,Bitter Sugar (Azucar Amargo) (1996),4.878678
220,Santa with Muscles (1996),4.8783393
220,American Dream (1990),4.869478
220,Spanish Prisoner  The (1997),4.867048
221,Saint of Fort Washington  The (1993),4.988542
221,Winter Guest  The (1997),4.764662
221,Santa with Muscles (1996),4.7519894
221,Mina Tannenbaum (1994),4.726117
221,Spanish Prisoner  The (1997),4.725059
221,Butcher Boy  The (1998),4.725059
221,Butcher Boy  The (1998),4.725059
221,Brothers in Trouble (1995),4.725059
221,Love and Death on Long Island (1997),4.681246
221,Star Kid (1997),4.6583133
222,Boys  Les (1997),4.5408597
222,Saint of Fort Washington  The (1993),4.4920516
222,Santa with Muscles (1996),4.303631
222,Angel Baby (1995),4.248338
222,Golden Earrings (1947),4.1875243
222,Star Wars (1977),4.140869
222,Shawshank Redemption  The (1994),4.11959
222,Raiders of the Lost Ark (1981),4.113053
222,Star Kid (1997),4.0965104
222,Pather Panchali (1955),4.085557
223,Golden Earrings (1947),4.5119653
223,Visitors  The (Visiteurs  Les) (1993),4.2329726
223,8 Heads in a Duffel Bag (1997),4.1597548
223,Hurricane Streets (1998),4.1339054
223,Selena (1997),4.036031
223,Braveheart (1995),3.991967
223,8 Seconds (1994),3.987557
223,Titanic (1997),3.9698555
223,Raiders of the Lost Ark (1981),3.934659
223,Love in the Afternoon (1957),3.9231465
224,Golden Earrings (1947),4.6476965
224,8 Heads in a Duffel Bag (1997),4.5346704
224,Visitors  The (Visiteurs  Les) (1993),4.4822793
224,Selena (1997),4.4203873
224,Hurricane Streets (1998),4.3842373
224,It's a Wonderful Life (1946),4.0913467
224,Braveheart (1995),4.047223
224,Best Men (1997),4.037394
224,Affair to Remember  An (1957),4.0265365
224,8 Seconds (1994),4.018016
225,Boys  Les (1997),6.3297086
225,Angel Baby (1995),6.2704477
225,Santa with Muscles (1996),5.17797
225,Pather Panchali (1955),5.1746054
225,Saint of Fort Washington  The (1993),5.153645
225,Faust (1994),5.0987463
225,Star Wars (1977),5.0123787
225,Casablanca (1942),4.9803348
225,When We Were Kings (1996),4.94745
225,North by Northwest (1959),4.9452195
226,Santa with Muscles (1996),4.6957264
226,Saint of Fort Washington  The (1993),4.6132293
226,Star Kid (1997),4.574203
226,Pather Panchali (1955),4.506254
226,Spanish Prisoner  The (1997),4.4829235
226,Butcher Boy  The (1998),4.4829235
226,Butcher Boy  The (1998),4.4829235
226,Brothers in Trouble (1995),4.4829235
226,Anna (1996),4.447882
226,Horseman on the Roof  The (Hussard sur le toit  Le) (1995),4.4388747
227,Angel Baby (1995),5.127608
227,Pather Panchali (1955),4.883998
227,Some Mother's Son (1996),4.8163652
227,Anna (1996),4.7772737
227,Boys  Les (1997),4.7482724
227,The Deadly Cure (1996),4.741709
227,Boy's Life 2 (1997),4.706201
227,Aparajito (1956),4.668599
227,Spanish Prisoner  The (1997),4.600081
227,Butcher Boy  The (1998),4.600081
228,Hurricane Streets (1998),5.8946095
228,Rendezvous in Paris (Rendez-vous de Paris  Les) (1995),5.4257827
228,8 Heads in a Duffel Bag (1997),5.0676885
228,Old Lady Who Walked in the Sea  The (Vieille qui marchait dans la mer  La) (1991),4.7875266
228,Hugo Pool (1997),4.7586946
228,Radioland Murders (1994),4.712415
228,Sum of Us  The (1994),4.592874
228,N?nette et Boni (1996),4.529627
228,Two Much (1996),4.4445
228,Switchback (1997),4.433702
229,Rendezvous in Paris (Rendez-vous de Paris  Les) (1995),4.792719
229,Year of the Horse (1997),4.716056
229,Hurricane Streets (1998),4.675225
229,Hugo Pool (1997),4.666312
229,Bitter Sugar (Azucar Amargo) (1996),4.551459
229,Love! Valour! Compassion! (1997),4.434525
229,Stalker (1979),4.3335166
229,N?nette et Boni (1996),4.3245454
229,Burnt By the Sun (1994),4.2884917
229,Slingshot  The (1993),4.226113
230,Hurricane Streets (1998),5.3889723
230,8 Heads in a Duffel Bag (1997),5.266409
230,Rendezvous in Paris (Rendez-vous de Paris  Les) (1995),5.006337
230,Golden Earrings (1947),4.992532
230,Selena (1997),4.735853
230,N?nette et Boni (1996),4.7075896
230,Schindler's List (1993),4.6698623
230,It's a Wonderful Life (1946),4.6512084
230,Dangerous Beauty (1998),4.64858
230,Old Lady Who Walked in the Sea  The (Vieille qui marchait dans la mer  La) (1991),4.6459026
231,Hurricane Streets (1998),5.574369
231,Doom Generation  The (1995),4.6394544
231,Rendezvous in Paris (Rendez-vous de Paris  Les) (1995),4.5956683
231,Golden Earrings (1947),4.5355997
231,Radioland Murders (1994),4.5258183
231,8 Heads in a Duffel Bag (1997),4.522763
231,Sum of Us  The (1994),4.479181
231,Hugo Pool (1997),4.377649
231,Leading Man  The (1996),4.3456964
231,Visitors  The (Visiteurs  Les) (1993),4.2954206
232,Angel Baby (1995),5.132883
232,Boys  Les (1997),5.008099
232,Pather Panchali (1955),4.824473
232,Anna (1996),4.6861734
232,Some Mother's Son (1996),4.6366982
232,Spanish Prisoner  The (1997),4.575992
232,Butcher Boy  The (1998),4.575992
232,Butcher Boy  The (1998),4.575992
232,Brothers in Trouble (1995),4.575992
232,Santa with Muscles (1996),4.5487623
233,Angel Baby (1995),5.390664
233,Pather Panchali (1955),5.340943
233,Some Mother's Son (1996),5.3040404
233,8 Heads in a Duffel Bag (1997),5.295437
233,Anna (1996),5.232173
233,Spanish Prisoner  The (1997),5.104481
233,Butcher Boy  The (1998),5.104481
233,Butcher Boy  The (1998),5.104481
233,Brothers in Trouble (1995),5.104481
233,Year of the Horse (1997),5.081321
234,Angel Baby (1995),4.8423924
234,Boys  Les (1997),4.431915
234,Pather Panchali (1955),4.10948
234,Someone Else's America (1995),3.9937086
234,In the Bleak Midwinter (1995),3.9888515
234,Anna (1996),3.9683418
234,N?nette et Boni (1996),3.961483
234,Close Shave  A (1995),3.9076521
234,Casablanca (1942),3.8964317
234,They Made Me a Criminal (1939),3.8439233
235,Angel Baby (1995),5.671658
235,Boys  Les (1997),5.4312463
235,Pather Panchali (1955),4.9482713
235,Anna (1996),4.76322
235,The Deadly Cure (1996),4.633884
235,Faust (1994),4.631968
235,Someone Else's America (1995),4.6261873
235,Santa with Muscles (1996),4.6096864
235,Some Mother's Son (1996),4.6084094
235,In the Bleak Midwinter (1995),4.603743
236,Hurricane Streets (1998),4.4655695
236,N?nette et Boni (1996),4.4483304
236,Rendezvous in Paris (Rendez-vous de Paris  Les) (1995),4.3965564
236,Angel Baby (1995),4.3323445
236,8 Heads in a Duffel Bag (1997),4.308434
236,Some Mother's Son (1996),4.296555
236,Pather Panchali (1955),4.2928586
236,Someone Else's America (1995),4.2596235
236,Anna (1996),4.255322
236,Schindler's List (1993),4.1541424
237,Angel Baby (1995),5.0811114
237,Boys  Les (1997),4.9437275
237,Santa with Muscles (1996),4.777444
237,Faust (1994),4.697138
237,Close Shave  A (1995),4.6966996
237,Pather Panchali (1955),4.68869
237,Wrong Trousers  The (1993),4.5914087
237,Anna (1996),4.5771456
237,They Made Me a Criminal (1939),4.526459
237,Wallace & Gromit: The Best of Aardman Animation (1996),4.510029
238,Star Kid (1997),4.266108
238,Slingshot  The (1993),4.254712
238,Hurricane Streets (1998),4.2477326
238,Stalker (1979),4.2162337
238,Horseman on the Roof  The (Hussard sur le toit  Le) (1995),4.2038374
238,Santa with Muscles (1996),4.197709
238,Some Mother's Son (1996),4.133273
238,Spanish Prisoner  The (1997),4.121848
238,Butcher Boy  The (1998),4.121848
238,Butcher Boy  The (1998),4.121848
239,Boys  Les (1997),6.344339
239,Angel Baby (1995),6.009667
239,World of Apu  The (Apur Sansar) (1959),5.8013554
239,Boy's Life 2 (1997),5.5249095
239,Aiqing wansui (1994),5.3935366
239,Aparajito (1956),5.300102
239,The Deadly Cure (1996),5.262836
239,Braindead (1992),5.22059
239,Pather Panchali (1955),5.20402
239,Faust (1994),5.035443
240,American Dream (1990),5.7774916
240,Bitter Sugar (Azucar Amargo) (1996),5.6597686
240,Stalker (1979),5.6514897
240,Some Mother's Son (1996),5.5346746
240,Little City (1998),5.512073
240,Kaspar Hauser (1993),5.4550347
240,Slingshot  The (1993),5.410608
240,Boy's Life 2 (1997),5.409613
240,Spanish Prisoner  The (1997),5.394681
240,Butcher Boy  The (1998),5.394681
241,Angel Baby (1995),4.8309937
241,Santa with Muscles (1996),4.734444
241,Close Shave  A (1995),4.6436872
241,Boys  Les (1997),4.6188397
241,Pather Panchali (1955),4.600743
241,Wrong Trousers  The (1993),4.5659776
241,Faust (1994),4.5488644
241,Anna (1996),4.523711
241,Star Kid (1997),4.5052147
241,Whole Wide World  The (1996),4.486011
242,Sum of Us  The (1994),5.9992824
242,Hurricane Streets (1998),5.92471
242,Hugo Pool (1997),5.9218082
242,Stalker (1979),5.916978
242,N?nette et Boni (1996),5.8507237
242,Whole Wide World  The (1996),5.813999
242,Love! Valour! Compassion! (1997),5.78478
242,To Live (Huozhe) (1994),5.6945333
242,Slingshot  The (1993),5.63979
242,Love & Human Remains (1993),5.536047
243,Angel Baby (1995),5.0365605
243,Pather Panchali (1955),4.6682057
243,N?nette et Boni (1996),4.621014
243,Some Mother's Son (1996),4.58831
243,The Deadly Cure (1996),4.5865536
243,Anna (1996),4.5708995
243,Someone Else's America (1995),4.5200334
243,Year of the Horse (1997),4.42441
243,In the Bleak Midwinter (1995),4.3990555
243,World of Apu  The (Apur Sansar) (1959),4.3501396
244,Some Mother's Son (1996),5.123234
244,Love and Death on Long Island (1997),5.1090627
244,Pather Panchali (1955),5.0588818
244,Spanish Prisoner  The (1997),5.009983
244,Butcher Boy  The (1998),5.009983
244,Butcher Boy  The (1998),5.009983
244,Brothers in Trouble (1995),5.009983
244,Anna (1996),4.9470944
244,Bitter Sugar (Azucar Amargo) (1996),4.886894
244,Saint of Fort Washington  The (1993),4.8821864
245,Hurricane Streets (1998),5.3824415
245,Sum of Us  The (1994),4.964851
245,Doom Generation  The (1995),4.903539
245,Rough Magic (1995),4.8773155
245,Horseman on the Roof  The (Hussard sur le toit  Le) (1995),4.640053
245,Hugo Pool (1997),4.6126437
245,Three Wishes (1995),4.5880427
245,Whole Wide World  The (1996),4.5851283
245,Boys of St. Vincent  The (1993),4.582518
245,Ayn Rand: A Sense of Life (1997),4.5703754
246,Boys  Les (1997),5.1722126
246,Mina Tannenbaum (1994),4.8908157
246,Santa with Muscles (1996),4.5855346
246,Saint of Fort Washington  The (1993),4.5431614
246,Faust (1994),4.5272865
246,Paradise Lost: The Child Murders at Robin Hood Hills (1996),4.4846506
246,In the Line of Duty 2 (1987),4.422223
246,Maya Lin: A Strong Clear Vision (1994),4.3708997
246,Pulp Fiction (1994),4.2787
246,Perfect Candidate  A (1996),4.2607746
247,Angel Baby (1995),5.018952
247,N?nette et Boni (1996),4.808869
247,Pather Panchali (1955),4.806213
247,Santa with Muscles (1996),4.7438
247,Anna (1996),4.7402573
247,Close Shave  A (1995),4.685872
247,Star Kid (1997),4.674261
247,Horseman on the Roof  The (Hussard sur le toit  Le) (1995),4.6497
247,Some Mother's Son (1996),4.6465316
247,They Made Me a Criminal (1939),4.645649
248,Mina Tannenbaum (1994),5.142026
248,In the Line of Duty 2 (1987),5.078136
248,Paradise Lost: The Child Murders at Robin Hood Hills (1996),4.9190793
248,Bitter Moon (1992),4.721734
248,Love and Death on Long Island (1997),4.704541
248,Winter Guest  The (1997),4.69016
248,Saint of Fort Washington  The (1993),4.6464343
248,Boys  Les (1997),4.5737906
248,Brother Minister: The Assassination of Malcolm X (1994),4.527076
248,Santa with Muscles (1996),4.419153
249,Boys  Les (1997),5.4553475
249,Pather Panchali (1955),5.3589807
249,Saint of Fort Washington  The (1993),5.302696
249,Spanish Prisoner  The (1997),5.277487
249,Butcher Boy  The (1998),5.277487
249,Butcher Boy  The (1998),5.277487
249,Brothers in Trouble (1995),5.277487
249,Some Mother's Son (1996),5.244914
249,Anna (1996),5.212394
249,Angel Baby (1995),5.2047486
250,Angel Baby (1995),5.124378
250,Pather Panchali (1955),5.100686
250,Boys  Les (1997),5.0347056
250,Some Mother's Son (1996),4.9768767
250,Anna (1996),4.9599805
250,Saint of Fort Washington  The (1993),4.947769
250,Spanish Prisoner  The (1997),4.940507
250,Butcher Boy  The (1998),4.940507
250,Butcher Boy  The (1998),4.940507
250,Brothers in Trouble (1995),4.940507
251,Boys  Les (1997),5.355199
251,Angel Baby (1995),5.156318
251,Saint of Fort Washington  The (1993),5.055407
251,Pather Panchali (1955),4.8966765
251,Santa with Muscles (1996),4.808292
251,Spanish Prisoner  The (1997),4.7379074
251,Butcher Boy  The (1998),4.7379074
251,Butcher Boy  The (1998),4.7379074
251,Brothers in Trouble (1995),4.7379074
251,Anna (1996),4.695433
252,Boys  Les (1997),5.7353916
252,Pather Panchali (1955),5.712691
252,Angel Baby (1995),5.650726
252,Some Mother's Son (1996),5.609364
252,Spanish Prisoner  The (1997),5.553851
252,Butcher Boy  The (1998),5.553851
252,Butcher Boy  The (1998),5.553851
252,Brothers in Trouble (1995),5.553851
252,Saint of Fort Washington  The (1993),5.5296082
252,Anna (1996),5.5224133
253,Angel Baby (1995),5.2353845
253,Boys  Les (1997),4.844785
253,Golden Earrings (1947),4.8218865
253,Saint of Fort Washington  The (1993),4.7864494
253,Schindler's List (1993),4.7503185
253,Pather Panchali (1955),4.74955
253,Shawshank Redemption  The (1994),4.682446
253,Santa with Muscles (1996),4.649867
253,It's a Wonderful Life (1946),4.642206
253,Raiders of the Lost Ark (1981),4.6120653
254,Visitors  The (Visiteurs  Les) (1993),4.356473
254,Golden Earrings (1947),4.2504373
254,Love in the Afternoon (1957),4.093303
254,Angel Baby (1995),4.0351567
254,Raiders of the Lost Ark (1981),4.02251
254,Horseman on the Roof  The (Hussard sur le toit  Le) (1995),4.0133004
254,Titanic (1997),3.994241
254,It's a Wonderful Life (1946),3.9668493
254,Selena (1997),3.958765
254,Best Men (1997),3.950692
255,Mina Tannenbaum (1994),4.6625566
255,In the Line of Duty 2 (1987),4.5013676
255,Love and Death on Long Island (1997),4.4233704
255,Paradise Lost: The Child Murders at Robin Hood Hills (1996),4.39398
255,Winter Guest  The (1997),4.224912
255,Bitter Moon (1992),4.2108293
255,Brother Minister: The Assassination of Malcolm X (1994),4.1630816
255,Saint of Fort Washington  The (1993),4.0275574
255,Braindead (1992),3.9912276
255,Pulp Fiction (1994),3.9603999
256,Hurricane Streets (1998),5.7070603
256,Golden Earrings (1947),5.2831397
256,Star Kid (1997),5.1854196
256,Horseman on the Roof  The (Hussard sur le toit  Le) (1995),5.1672993
256,Saint of Fort Washington  The (1993),5.1624537
256,8 Heads in a Duffel Bag (1997),5.090755
256,Titanic (1997),5.027167
256,Some Mother's Son (1996),5.0227385
256,Shawshank Redemption  The (1994),5.019491
256,Spanish Prisoner  The (1997),5.0146365
257,Some Mother's Son (1996),5.2730565
257,Pather Panchali (1955),5.243878
257,Anna (1996),5.1148677
257,Spanish Prisoner  The (1997),5.112759
257,Butcher Boy  The (1998),5.112759
257,Butcher Boy  The (1998),5.112759
257,Brothers in Trouble (1995),5.112759
257,Bitter Sugar (Azucar Amargo) (1996),5.0829334
257,Love and Death on Long Island (1997),5.070321
257,Angel Baby (1995),5.032956
258,Hurricane Streets (1998),6.360687
258,Rendezvous in Paris (Rendez-vous de Paris  Les) (1995),5.4143324
258,Doom Generation  The (1995),5.2148867
258,Sum of Us  The (1994),5.200085
258,Visitors  The (Visiteurs  Les) (1993),5.1823606
258,Radioland Murders (1994),5.1204963
258,8 Heads in a Duffel Bag (1997),5.0706086
258,Golden Earrings (1947),5.00428
258,Hugo Pool (1997),5.0027018
258,Bastard Out of Carolina (1996),4.7999825
259,Saint of Fort Washington  The (1993),5.031992
259,Boys  Les (1997),5.0089426
259,Pather Panchali (1955),4.853137
259,Spanish Prisoner  The (1997),4.8297086
259,Butcher Boy  The (1998),4.8297086
259,Butcher Boy  The (1998),4.8297086
259,Brothers in Trouble (1995),4.8297086
259,Santa with Muscles (1996),4.806055
259,Star Kid (1997),4.73669
259,Anna (1996),4.7013783
260,Hurricane Streets (1998),6.94099
260,8 Heads in a Duffel Bag (1997),6.247778
260,Frisk (1995),5.725385
260,Doom Generation  The (1995),5.5203853
260,Rendezvous in Paris (Rendez-vous de Paris  Les) (1995),5.505668
260,Sliding Doors (1998),5.4188213
260,Radioland Murders (1994),5.4166355
260,Gumby: The Movie (1995),5.3734727
260,Winter Guest  The (1997),5.332787
260,Old Lady Who Walked in the Sea  The (Vieille qui marchait dans la mer  La) (1991),5.262826
261,Hurricane Streets (1998),7.1826315
261,8 Heads in a Duffel Bag (1997),6.622306
261,Frisk (1995),6.382244
261,Winter Guest  The (1997),6.17121
261,Love and Death on Long Island (1997),5.953956
261,Gumby: The Movie (1995),5.7317014
261,Rendezvous in Paris (Rendez-vous de Paris  Les) (1995),5.713335
261,Sliding Doors (1998),5.6842494
261,Radioland Murders (1994),5.6762524
261,Doom Generation  The (1995),5.6504703
262,Some Mother's Son (1996),4.272077
262,Pather Panchali (1955),4.206912
262,Hurricane Streets (1998),4.1659284
262,Anna (1996),4.163242
262,Spanish Prisoner  The (1997),4.091059
262,Butcher Boy  The (1998),4.091059
262,Butcher Boy  The (1998),4.091059
262,Brothers in Trouble (1995),4.091059
262,8 Heads in a Duffel Bag (1997),4.057645
262,Year of the Horse (1997),4.0366926
263,Angel Baby (1995),5.991573
263,Boys  Les (1997),5.486153
263,Pather Panchali (1955),4.9353657
263,Someone Else's America (1995),4.8529305
263,Little Princess  The (1939),4.7632637
263,Schindler's List (1993),4.7586102
263,Casablanca (1942),4.7375636
263,Anna (1996),4.7200103
263,In the Bleak Midwinter (1995),4.6907587
263,It's a Wonderful Life (1946),4.690329
264,Boys  Les (1997),5.8587008
264,Saint of Fort Washington  The (1993),5.4763727
264,Angel Baby (1995),5.4755907
264,Pather Panchali (1955),5.3821363
264,Santa with Muscles (1996),5.3609924
264,Spanish Prisoner  The (1997),5.2627845
264,Butcher Boy  The (1998),5.2627845
264,Butcher Boy  The (1998),5.2627845
264,Brothers in Trouble (1995),5.2627845
264,Anna (1996),5.187383
265,8 Heads in a Duffel Bag (1997),5.020375
265,Hurricane Streets (1998),5.0109925
265,Golden Earrings (1947),4.990192
265,Winter Guest  The (1997),4.9838943
265,Saint of Fort Washington  The (1993),4.6273212
265,Leading Man  The (1996),4.6127405
265,Frisk (1995),4.579677
265,Ayn Rand: A Sense of Life (1997),4.4683022
265,Doom Generation  The (1995),4.431252
265,Legal Deceit (1997),4.3250723
266,Angel Baby (1995),4.9344883
266,Boys  Les (1997),4.7637415
266,Faust (1994),4.415139
266,Aiqing wansui (1994),4.366365
266,Pather Panchali (1955),4.3563046
266,Close Shave  A (1995),4.323068
266,Santa with Muscles (1996),4.2638273
266,Two or Three Things I Know About Her (1966),4.2575893
266,Boy's Life 2 (1997),4.2460947
266,Anna (1996),4.229563
267,Boys  Les (1997),5.6945767
267,Saint of Fort Washington  The (1993),5.448797
267,Santa with Muscles (1996),5.3938775
267,Pather Panchali (1955),5.221587
267,Spanish Prisoner  The (1997),5.181318
267,Butcher Boy  The (1998),5.181318
267,Butcher Boy  The (1998),5.181318
267,Brothers in Trouble (1995),5.181318
267,Angel Baby (1995),5.154833
267,Star Kid (1997),5.1237044
268,Boys  Les (1997),4.8344674
268,Angel Baby (1995),4.508162
268,Saint of Fort Washington  The (1993),4.308527
268,Pather Panchali (1955),4.3067822
268,Santa with Muscles (1996),4.2860723
268,Spanish Prisoner  The (1997),4.169895
268,Butcher Boy  The (1998),4.169895
268,Butcher Boy  The (1998),4.169895
268,Brothers in Trouble (1995),4.169895
268,Faust (1994),4.1607165
269,World of Apu  The (Apur Sansar) (1959),5.368817
269,Boy's Life 2 (1997),5.0935826
269,Boys  Les (1997),5.054118
269,Aparajito (1956),4.9858885
269,Angel Baby (1995),4.9786506
269,The Deadly Cure (1996),4.832659
269,Aiqing wansui (1994),4.786926
269,Braindead (1992),4.6663494
269,Bad Taste (1987),4.6431384
269,Kaspar Hauser (1993),4.4961886
270,Some Mother's Son (1996),5.9059954
270,Love and Death on Long Island (1997),5.8270698
270,Spanish Prisoner  The (1997),5.779351
270,Butcher Boy  The (1998),5.779351
270,Butcher Boy  The (1998),5.779351
270,Brothers in Trouble (1995),5.779351
270,Slingshot  The (1993),5.7295885
270,Pather Panchali (1955),5.6927147
270,Saint of Fort Washington  The (1993),5.6631517
270,Anna (1996),5.644714
271,Angel Baby (1995),5.1673203
271,Boys  Les (1997),4.940451
271,Pather Panchali (1955),4.59503
271,Saint of Fort Washington  The (1993),4.4382176
271,Anna (1996),4.416225
271,Schindler's List (1993),4.3453364
271,Someone Else's America (1995),4.319375
271,Santa with Muscles (1996),4.315127
271,Casablanca (1942),4.30529
271,They Made Me a Criminal (1939),4.3010464
272,Boys  Les (1997),5.853175
272,Angel Baby (1995),5.4686584
272,Saint of Fort Washington  The (1993),5.1739826
272,Pather Panchali (1955),5.124864
272,Santa with Muscles (1996),5.10479
272,Spanish Prisoner  The (1997),4.938833
272,Butcher Boy  The (1998),4.938833
272,Butcher Boy  The (1998),4.938833
272,Brothers in Trouble (1995),4.938833
272,Faust (1994),4.926894
273,Pather Panchali (1955),4.66183
273,Some Mother's Son (1996),4.639533
273,Boys  Les (1997),4.567321
273,Spanish Prisoner  The (1997),4.566489
273,Butcher Boy  The (1998),4.566489
273,Butcher Boy  The (1998),4.566489
273,Brothers in Trouble (1995),4.566489
273,Anna (1996),4.5484624
273,Angel Baby (1995),4.491095
273,Saint of Fort Washington  The (1993),4.4492965
274,Angel Baby (1995),5.636385
274,Pather Panchali (1955),5.5092406
274,Santa with Muscles (1996),5.443156
274,Boys  Les (1997),5.422492
274,Anna (1996),5.3987308
274,Saint of Fort Washington  The (1993),5.3557477
274,Star Kid (1997),5.333783
274,Some Mother's Son (1996),5.3238683
274,Spanish Prisoner  The (1997),5.322988
274,Butcher Boy  The (1998),5.322988
275,Saint of Fort Washington  The (1993),3.9058764
275,Santa with Muscles (1996),3.846463
275,Golden Earrings (1947),3.7781358
275,Titanic (1997),3.721406
275,Star Kid (1997),3.7098136
275,Horseman on the Roof  The (Hussard sur le toit  Le) (1995),3.7005584
275,Star Wars (1977),3.669295
275,Raiders of the Lost Ark (1981),3.6673965
275,Shawshank Redemption  The (1994),3.6489692
275,Schindler's List (1993),3.5777059
276,Boys  Les (1997),5.681053
276,Angel Baby (1995),5.1943326
276,Saint of Fort Washington  The (1993),5.1718283
276,Pather Panchali (1955),5.002342
276,Santa with Muscles (1996),4.991924
276,Spanish Prisoner  The (1997),4.8778615
276,Butcher Boy  The (1998),4.8778615
276,Butcher Boy  The (1998),4.8778615
276,Brothers in Trouble (1995),4.8778615
276,Anna (1996),4.783531
277,Some Mother's Son (1996),4.579798
277,Spanish Prisoner  The (1997),4.5436244
277,Butcher Boy  The (1998),4.5436244
277,Butcher Boy  The (1998),4.5436244
277,Brothers in Trouble (1995),4.5436244
277,Pather Panchali (1955),4.5352063
277,Saint of Fort Washington  The (1993),4.535057
277,Anna (1996),4.46649
277,Star Kid (1997),4.4617686
277,Santa with Muscles (1996),4.3426676
278,Saint of Fort Washington  The (1993),5.302429
278,Boys  Les (1997),5.285362
278,Pather Panchali (1955),5.1491075
278,Angel Baby (1995),5.113336
278,Santa with Muscles (1996),5.108298
278,Spanish Prisoner  The (1997),5.065715
278,Butcher Boy  The (1998),5.065715
278,Butcher Boy  The (1998),5.065715
278,Brothers in Trouble (1995),5.065715
278,Star Kid (1997),5.027961
279,Little City (1998),4.978743
279,Santa with Muscles (1996),4.860915
279,Horseman on the Roof  The (Hussard sur le toit  Le) (1995),4.710149
279,Harlem (1993),4.7042284
279,Whole Wide World  The (1996),4.6974983
279,Wallace & Gromit: The Best of Aardman Animation (1996),4.6517234
279,Wrong Trousers  The (1993),4.6256266
279,Star Kid (1997),4.558536
279,Story of Xinghua  The (1993),4.5549555
279,Stalker (1979),4.520253
280,Hurricane Streets (1998),5.242469
280,Some Mother's Son (1996),5.0410075
280,Slingshot  The (1993),4.911361
280,Bitter Sugar (Azucar Amargo) (1996),4.8952255
280,Rendezvous in Paris (Rendez-vous de Paris  Les) (1995),4.8249555
280,Hugo Pool (1997),4.815613
280,Stalker (1979),4.8000107
280,Spanish Prisoner  The (1997),4.7810283
280,Butcher Boy  The (1998),4.7810283
280,Butcher Boy  The (1998),4.7810283
281,Harlem (1993),4.459267
281,Little City (1998),4.4159875
281,Rough Magic (1995),4.3064103
281,Horseman on the Roof  The (Hussard sur le toit  Le) (1995),4.2464786
281,Ayn Rand: A Sense of Life (1997),4.2250443
281,Whole Wide World  The (1996),4.1880655
281,Santa with Muscles (1996),4.170305
281,Stalker (1979),4.16158
281,Killer (Bulletproof Heart) (1994),4.1419997
281,Picture Bride (1995),4.0985827
282,Santa with Muscles (1996),4.907458
282,Saint of Fort Washington  The (1993),4.771646
282,Star Kid (1997),4.718513
282,Spanish Prisoner  The (1997),4.6988864
282,Butcher Boy  The (1998),4.6988864
282,Butcher Boy  The (1998),4.6988864
282,Brothers in Trouble (1995),4.6988864
282,Wallace & Gromit: The Best of Aardman Animation (1996),4.6507926
282,Little City (1998),4.6464047
282,Mina Tannenbaum (1994),4.6209373
283,Saint of Fort Washington  The (1993),5.451464
283,Santa with Muscles (1996),5.373002
283,Spanish Prisoner  The (1997),5.2798495
283,Butcher Boy  The (1998),5.2798495
283,Butcher Boy  The (1998),5.2798495
283,Brothers in Trouble (1995),5.2798495
283,Star Kid (1997),5.267076
283,Pather Panchali (1955),5.2585177
283,Boys  Les (1997),5.171435
283,Some Mother's Son (1996),5.1602263
284,Pather Panchali (1955),4.807578
284,Some Mother's Son (1996),4.7740445
284,Spanish Prisoner  The (1997),4.746726
284,Butcher Boy  The (1998),4.746726
284,Butcher Boy  The (1998),4.746726
284,Brothers in Trouble (1995),4.746726
284,Saint of Fort Washington  The (1993),4.733921
284,Anna (1996),4.7073207
284,Star Kid (1997),4.6402154
284,Santa with Muscles (1996),4.592238
285,Saint of Fort Washington  The (1993),5.0154624
285,Santa with Muscles (1996),4.9286437
285,Mina Tannenbaum (1994),4.9250636
285,Winter Guest  The (1997),4.9023333
285,Star Kid (1997),4.714795
285,Spanish Prisoner  The (1997),4.6949334
285,Butcher Boy  The (1998),4.6949334
285,Butcher Boy  The (1998),4.6949334
285,Brothers in Trouble (1995),4.6949334
285,Paradise Lost: The Child Murders at Robin Hood Hills (1996),4.6838427
286,Hurricane Streets (1998),5.467003
286,Some Mother's Son (1996),5.068886
286,Hugo Pool (1997),5.062685
286,Sum of Us  The (1994),4.969898
286,Slingshot  The (1993),4.9662805
286,Stalker (1979),4.951599
286,Rendezvous in Paris (Rendez-vous de Paris  Les) (1995),4.9435844
286,N?nette et Boni (1996),4.912904
286,To Live (Huozhe) (1994),4.9071574
286,Star Kid (1997),4.899036
287,Boys  Les (1997),5.612392
287,Saint of Fort Washington  The (1993),5.568593
287,Pather Panchali (1955),5.1934032
287,Spanish Prisoner  The (1997),5.155799
287,Butcher Boy  The (1998),5.155799
287,Butcher Boy  The (1998),5.155799
287,Brothers in Trouble (1995),5.155799
287,Santa with Muscles (1996),5.131595
287,Angel Baby (1995),5.1188827
287,Star Kid (1997),5.0573287
288,Angel Baby (1995),5.1596184
288,Pather Panchali (1955),4.860566
288,Boys  Les (1997),4.8192635
288,8 Heads in a Duffel Bag (1997),4.714416
288,Some Mother's Son (1996),4.695416
288,Anna (1996),4.691004
288,The Deadly Cure (1996),4.655562
288,Spanish Prisoner  The (1997),4.587102
288,Butcher Boy  The (1998),4.587102
288,Butcher Boy  The (1998),4.587102
289,Harlem (1993),4.3506236
289,Ayn Rand: A Sense of Life (1997),4.0867057
289,Winter Guest  The (1997),3.9809418
289,Saint of Fort Washington  The (1993),3.9247875
289,Man in the Iron Mask  The (1998),3.8240361
289,Santa with Muscles (1996),3.815881
289,Titanic (1997),3.70236
289,My Man Godfrey (1936),3.6652539
289,Wild Things (1998),3.6557722
289,Leading Man  The (1996),3.621093
290,Golden Earrings (1947),4.5518937
290,8 Heads in a Duffel Bag (1997),4.267147
290,Saint of Fort Washington  The (1993),4.1580143
290,Braveheart (1995),4.1066036
290,Raiders of the Lost Ark (1981),4.078813
290,Shawshank Redemption  The (1994),4.051508
290,Titanic (1997),4.0454273
290,Selena (1997),4.0376277
290,Schindler's List (1993),4.01662
290,Hurricane Streets (1998),3.9890466
291,Boys  Les (1997),5.4554605
291,Saint of Fort Washington  The (1993),5.4367204
291,Santa with Muscles (1996),5.263633
291,Pather Panchali (1955),5.2377067
291,Spanish Prisoner  The (1997),5.209122
291,Butcher Boy  The (1998),5.209122
291,Butcher Boy  The (1998),5.209122
291,Brothers in Trouble (1995),5.209122
291,Star Kid (1997),5.133901
291,Anna (1996),5.077274
292,Boys  Les (1997),5.795569
292,Angel Baby (1995),5.4478607
292,Saint of Fort Washington  The (1993),5.2679806
292,Santa with Muscles (1996),5.210019
292,Pather Panchali (1955),5.2023325
292,Spanish Prisoner  The (1997),5.042919
292,Butcher Boy  The (1998),5.042919
292,Butcher Boy  The (1998),5.042919
292,Brothers in Trouble (1995),5.042919
292,Anna (1996),5.0019336
293,Boys  Les (1997),5.2244987
293,Angel Baby (1995),5.0913014
293,Pather Panchali (1955),4.326468
293,Faust (1994),4.1658053
293,World of Apu  The (Apur Sansar) (1959),4.154284
293,Saint of Fort Washington  The (1993),4.114933
293,Anna (1996),4.097016
293,Santa with Muscles (1996),4.0935397
293,Aiqing wansui (1994),4.0678253
293,When We Were Kings (1996),4.041731
294,Saint of Fort Washington  The (1993),5.032608
294,Spanish Prisoner  The (1997),4.79175
294,Butcher Boy  The (1998),4.79175
294,Butcher Boy  The (1998),4.79175
294,Brothers in Trouble (1995),4.79175
294,Santa with Muscles (1996),4.7508526
294,Star Kid (1997),4.7282515
294,Pather Panchali (1955),4.7182984
294,Boys  Les (1997),4.6798997
294,Some Mother's Son (1996),4.6408587
295,Some Mother's Son (1996),5.564388
295,Pather Panchali (1955),5.5153837
295,Anna (1996),5.4717274
295,Spanish Prisoner  The (1997),5.43626
295,Butcher Boy  The (1998),5.43626
295,Butcher Boy  The (1998),5.43626
295,Brothers in Trouble (1995),5.43626
295,Star Kid (1997),5.420959
295,Saint of Fort Washington  The (1993),5.328631
295,Santa with Muscles (1996),5.2760744
296,Angel Baby (1995),6.2043014
296,Boys  Les (1997),5.7735515
296,Pather Panchali (1955),5.394224
296,Anna (1996),5.213635
296,Someone Else's America (1995),5.16554
296,In the Bleak Midwinter (1995),5.086556
296,Close Shave  A (1995),5.0849314
296,Casablanca (1942),5.083307
296,Santa with Muscles (1996),5.0758066
296,They Made Me a Criminal (1939),5.0515084
297,Pather Panchali (1955),4.6028676
297,Angel Baby (1995),4.5572453
297,Some Mother's Son (1996),4.5544834
297,Anna (1996),4.5026164
297,Spanish Prisoner  The (1997),4.461192
297,Butcher Boy  The (1998),4.461192
297,Butcher Boy  The (1998),4.461192
297,Brothers in Trouble (1995),4.461192
297,Boys  Les (1997),4.4177847
297,Saint of Fort Washington  The (1993),4.3521385
298,Angel Baby (1995),5.2325907
298,Boys  Les (1997),5.0158315
298,Saint of Fort Washington  The (1993),4.874585
298,Golden Earrings (1947),4.8022766
298,Pather Panchali (1955),4.793791
298,Schindler's List (1993),4.7359014
298,Shawshank Redemption  The (1994),4.6955633
298,8 Heads in a Duffel Bag (1997),4.664294
298,Santa with Muscles (1996),4.6381116
298,Anna (1996),4.61861
299,Angel Baby (1995),4.604627
299,Boys  Les (1997),4.5996532
299,Pather Panchali (1955),4.5499163
299,Some Mother's Son (1996),4.4321966
299,Anna (1996),4.4317856
299,Spanish Prisoner  The (1997),4.4002523
299,Butcher Boy  The (1998),4.4002523
299,Butcher Boy  The (1998),4.4002523
299,Brothers in Trouble (1995),4.4002523
299,Saint of Fort Washington  The (1993),4.348844
300,Slingshot  The (1993),6.0034695
300,Winter Guest  The (1997),5.7780704
300,Hurricane Streets (1998),5.7529635
300,Stalker (1979),5.739508
300,Frisk (1995),5.6510844
300,Love and Death on Long Island (1997),5.465477
300,Killer (Bulletproof Heart) (1994),5.340396
300,Bitter Sugar (Azucar Amargo) (1996),5.2827206
300,Love & Human Remains (1993),5.2783003
300,Double vie de V?ronique  La (Double Life of Veronique  The) (1991),5.24645
301,Saint of Fort Washington  The (1993),4.7954736
301,Santa with Muscles (1996),4.689504
301,Star Kid (1997),4.4869113
301,Titanic (1997),4.414209
301,Golden Earrings (1947),4.3850245
301,Star Wars (1977),4.371662
301,My Man Godfrey (1936),4.3508162
301,Horseman on the Roof  The (Hussard sur le toit  Le) (1995),4.329109
301,Spanish Prisoner  The (1997),4.326319
301,Butcher Boy  The (1998),4.326319
302,Love and Death on Long Island (1997),4.144114
302,In the Line of Duty 2 (1987),3.9367247
302,Boys  Les (1997),3.8457725
302,Saint of Fort Washington  The (1993),3.8335419
302,Paradise Lost: The Child Murders at Robin Hood Hills (1996),3.7778704
302,Winter Guest  The (1997),3.727623
302,Spanish Prisoner  The (1997),3.684421
302,Butcher Boy  The (1998),3.684421
302,Butcher Boy  The (1998),3.684421
302,Brothers in Trouble (1995),3.684421
303,Boys  Les (1997),5.8118153
303,Angel Baby (1995),5.5569267
303,Pather Panchali (1955),5.1261973
303,Saint of Fort Washington  The (1993),5.021088
303,Anna (1996),4.881272
303,Spanish Prisoner  The (1997),4.874955
303,Butcher Boy  The (1998),4.874955
303,Butcher Boy  The (1998),4.874955
303,Brothers in Trouble (1995),4.874955
303,Some Mother's Son (1996),4.7884173
304,Golden Earrings (1947),4.870246
304,Saint of Fort Washington  The (1993),4.5573716
304,8 Seconds (1994),4.463075
304,Braveheart (1995),4.389867
304,Raiders of the Lost Ark (1981),4.379662
304,8 Heads in a Duffel Bag (1997),4.378531
304,Titanic (1997),4.3342996
304,Shawshank Redemption  The (1994),4.262392
304,Love in the Afternoon (1957),4.255182
304,Safe Passage (1994),4.2381387
305,Angel Baby (1995),4.5642095
305,N?nette et Boni (1996),4.4324026
305,Pather Panchali (1955),4.315705
305,Close Shave  A (1995),4.292588
305,Anna (1996),4.265664
305,Whole Wide World  The (1996),4.2194357
305,Some Mother's Son (1996),4.216703
305,Two or Three Things I Know About Her (1966),4.1982555
305,Santa with Muscles (1996),4.1860666
305,Faust (1994),4.166661
306,N?nette et Boni (1996),5.030885
306,American Dream (1990),4.950198
306,Bitter Sugar (Azucar Amargo) (1996),4.935692
306,Boy's Life 2 (1997),4.8976727
306,Some Mother's Son (1996),4.864203
306,Aparajito (1956),4.8308663
306,Two or Three Things I Know About Her (1966),4.788441
306,Crooklyn (1994),4.7728815
306,Aiqing wansui (1994),4.771944
306,Whole Wide World  The (1996),4.7705197
307,Santa with Muscles (1996),5.105087
307,Faust (1994),4.89057
307,Wrong Trousers  The (1993),4.845628
307,Close Shave  A (1995),4.813176
307,Wallace & Gromit: The Best of Aardman Animation (1996),4.789164
307,Boys  Les (1997),4.738361
307,Saint of Fort Washington  The (1993),4.718671
307,Star Kid (1997),4.6964345
307,Horseman on the Roof  The (Hussard sur le toit  Le) (1995),4.6404276
307,Whole Wide World  The (1996),4.6034284
308,Boys  Les (1997),5.0012364
308,Saint of Fort Washington  The (1993),4.9124055
308,Santa with Muscles (1996),4.8191032
308,Pather Panchali (1955),4.8019924
308,Spanish Prisoner  The (1997),4.7824836
308,Butcher Boy  The (1998),4.7824836
308,Butcher Boy  The (1998),4.7824836
308,Brothers in Trouble (1995),4.7824836
308,Star Kid (1997),4.680906
308,Some Mother's Son (1996),4.6680975
309,Hurricane Streets (1998),5.490877
309,Winter Guest  The (1997),5.4192367
309,8 Heads in a Duffel Bag (1997),5.2938504
309,Frisk (1995),5.212678
309,Love and Death on Long Island (1997),5.088754
309,Golden Earrings (1947),4.872746
309,Leading Man  The (1996),4.8322105
309,Slingshot  The (1993),4.696381
309,Saint of Fort Washington  The (1993),4.684827
309,Gumby: The Movie (1995),4.6032667
310,Angel Baby (1995),5.954753
310,Boys  Les (1997),5.488631
310,Pather Panchali (1955),5.464948
310,Boy's Life 2 (1997),5.4576526
310,Aparajito (1956),5.4484277
310,Aiqing wansui (1994),5.442515
310,N?nette et Boni (1996),5.3943124
310,Anna (1996),5.3580446
310,Some Mother's Son (1996),5.308532
310,In the Bleak Midwinter (1995),5.2778687
311,Saint of Fort Washington  The (1993),4.756746
311,Santa with Muscles (1996),4.7240195
311,Star Kid (1997),4.681488
311,Horseman on the Roof  The (Hussard sur le toit  Le) (1995),4.6614537
311,Golden Earrings (1947),4.6023846
311,Pather Panchali (1955),4.59737
311,Shawshank Redemption  The (1994),4.5535517
311,Schindler's List (1993),4.5418916
311,Titanic (1997),4.5416646
311,Spanish Prisoner  The (1997),4.533492
312,Angel Baby (1995),6.2315826
312,Boys  Les (1997),5.872212
312,Pather Panchali (1955),5.386823
312,World of Apu  The (Apur Sansar) (1959),5.168757
312,Anna (1996),5.161296
312,The Deadly Cure (1996),5.1516123
312,Someone Else's America (1995),5.074759
312,Some Mother's Son (1996),5.0048413
312,Casablanca (1942),4.9808507
312,In the Bleak Midwinter (1995),4.9580297
313,Boys  Les (1997),5.2422657
313,Angel Baby (1995),5.0256443
313,Saint of Fort Washington  The (1993),4.7036104
313,Santa with Muscles (1996),4.631123
313,Pather Panchali (1955),4.5311913
313,Star Wars (1977),4.413551
313,They Made Me a Criminal (1939),4.3543577
313,Faust (1994),4.353861
313,Star Kid (1997),4.3463492
313,Spanish Prisoner  The (1997),4.330157
314,8 Heads in a Duffel Bag (1997),5.725093
314,Golden Earrings (1947),5.6604066
314,Hurricane Streets (1998),5.5862665
314,Selena (1997),4.8962235
314,Legal Deceit (1997),4.856157
314,Braveheart (1995),4.8381324
314,8 Seconds (1994),4.830972
314,Saint of Fort Washington  The (1993),4.7977805
314,Doom Generation  The (1995),4.79461
314,Shawshank Redemption  The (1994),4.7053914
315,Boys  Les (1997),5.280412
315,Angel Baby (1995),5.178462
315,Pather Panchali (1955),5.0128307
315,Boy's Life 2 (1997),4.967372
315,Aiqing wansui (1994),4.8855844
315,Some Mother's Son (1996),4.867556
315,Anna (1996),4.8651633
315,Spanish Prisoner  The (1997),4.807347
315,Butcher Boy  The (1998),4.807347
315,Butcher Boy  The (1998),4.807347
316,N?nette et Boni (1996),5.3609886
316,Year of the Horse (1997),5.3246717
316,Rendezvous in Paris (Rendez-vous de Paris  Les) (1995),5.165578
316,Hugo Pool (1997),4.947324
316,Red Firecracker  Green Firecracker (1994),4.8868175
316,Bitter Sugar (Azucar Amargo) (1996),4.856024
316,The Deadly Cure (1996),4.8402314
316,Duoluo tianshi (1995),4.8191705
316,Late Bloomers (1996),4.755477
316,Delta of Venus (1994),4.750449
317,Santa with Muscles (1996),4.8365736
317,Saint of Fort Washington  The (1993),4.8112664
317,Star Kid (1997),4.7337666
317,Winter Guest  The (1997),4.688996
317,Spanish Prisoner  The (1997),4.607654
317,Butcher Boy  The (1998),4.607654
317,Butcher Boy  The (1998),4.607654
317,Brothers in Trouble (1995),4.607654
317,Little City (1998),4.5902386
317,Slingshot  The (1993),4.5585866
318,8 Heads in a Duffel Bag (1997),5.220914
318,Hurricane Streets (1998),4.9945683
318,Angel Baby (1995),4.8850393
318,Pather Panchali (1955),4.8037834
318,Rendezvous in Paris (Rendez-vous de Paris  Les) (1995),4.7901025
318,Golden Earrings (1947),4.750736
318,Some Mother's Son (1996),4.7427835
318,Anna (1996),4.704817
318,Schindler's List (1993),4.6867933
318,Someone Else's America (1995),4.6445036
319,Hurricane Streets (1998),4.6005783
319,Star Kid (1997),4.499786
319,Horseman on the Roof  The (Hussard sur le toit  Le) (1995),4.4995766
319,Saint of Fort Washington  The (1993),4.464824
319,Santa with Muscles (1996),4.434901
319,Titanic (1997),4.347491
319,Golden Earrings (1947),4.3437023
319,Spanish Prisoner  The (1997),4.327591
319,Butcher Boy  The (1998),4.327591
319,Butcher Boy  The (1998),4.327591
320,Saint of Fort Washington  The (1993),5.1829185
320,Santa with Muscles (1996),4.871054
320,Winter Guest  The (1997),4.8417535
320,Golden Earrings (1947),4.7806296
320,Star Kid (1997),4.723322
320,Spanish Prisoner  The (1997),4.6121497
320,Butcher Boy  The (1998),4.6121497
320,Butcher Boy  The (1998),4.6121497
320,Brothers in Trouble (1995),4.6121497
320,Shawshank Redemption  The (1994),4.610192
321,Angel Baby (1995),4.978609
321,Boys  Les (1997),4.604314
321,Pather Panchali (1955),4.455023
321,Anna (1996),4.3174205
321,Someone Else's America (1995),4.2369704
321,Some Mother's Son (1996),4.2150865
321,The Deadly Cure (1996),4.1472974
321,Casablanca (1942),4.1455054
321,They Made Me a Criminal (1939),4.1398344
321,Spanish Prisoner  The (1997),4.1384716
322,Boys  Les (1997),5.7787023
322,Angel Baby (1995),5.3908815
322,Pather Panchali (1955),4.9067183
322,Saint of Fort Washington  The (1993),4.831029
322,Santa with Muscles (1996),4.745229
322,Faust (1994),4.708312
322,Anna (1996),4.6675835
322,Spanish Prisoner  The (1997),4.6663084
322,Butcher Boy  The (1998),4.6663084
322,Butcher Boy  The (1998),4.6663084
323,Boys  Les (1997),5.544384
323,Angel Baby (1995),5.1156354
323,Saint of Fort Washington  The (1993),4.910687
323,Pather Panchali (1955),4.7474613
323,Santa with Muscles (1996),4.6589074
323,Spanish Prisoner  The (1997),4.5731983
323,Butcher Boy  The (1998),4.5731983
323,Butcher Boy  The (1998),4.5731983
323,Brothers in Trouble (1995),4.5731983
323,Anna (1996),4.506866
324,Winter Guest  The (1997),6.0996704
324,Love and Death on Long Island (1997),5.7964783
324,Slingshot  The (1993),5.794407
324,Hurricane Streets (1998),5.7449846
324,Frisk (1995),5.687175
324,Saint of Fort Washington  The (1993),5.643556
324,Spanish Prisoner  The (1997),5.5311832
324,Butcher Boy  The (1998),5.5311832
324,Butcher Boy  The (1998),5.5311832
324,Brothers in Trouble (1995),5.5311832
325,Angel Baby (1995),5.3371882
325,Boys  Les (1997),5.1804233
325,Aiqing wansui (1994),4.651448
325,Faust (1994),4.5791955
325,Boy's Life 2 (1997),4.5375457
325,Aparajito (1956),4.531475
325,C'est arriv? pr?s de chez vous (1992),4.5202045
325,In the Bleak Midwinter (1995),4.433584
325,Top Hat (1935),4.4322867
325,Two or Three Things I Know About Her (1966),4.432208
326,Angel Baby (1995),4.5680094
326,Boys  Les (1997),4.496453
326,Santa with Muscles (1996),4.260082
326,Great Day in Harlem  A (1994),4.234467
326,Star Wars (1977),4.229658
326,Love in the Afternoon (1957),4.227829
326,Ballad of Narayama  The (Narayama Bushiko) (1958),4.208895
326,Raiders of the Lost Ark (1981),4.163278
326,Empire Strikes Back  The (1980),4.088932
326,Close Shave  A (1995),4.085193
327,Boys  Les (1997),4.621063
327,Angel Baby (1995),4.5742044
327,Pather Panchali (1955),4.4004064
327,Some Mother's Son (1996),4.2508373
327,Anna (1996),4.249104
327,Spanish Prisoner  The (1997),4.2110558
327,Butcher Boy  The (1998),4.2110558
327,Butcher Boy  The (1998),4.2110558
327,Brothers in Trouble (1995),4.2110558
327,Saint of Fort Washington  The (1993),4.152277
328,Angel Baby (1995),4.733253
328,Saint of Fort Washington  The (1993),4.4379773
328,Boys  Les (1997),4.4197865
328,Pather Panchali (1955),4.4131145
328,Golden Earrings (1947),4.391933
328,Schindler's List (1993),4.3609333
328,Shawshank Redemption  The (1994),4.311781
328,Santa with Muscles (1996),4.2920237
328,Anna (1996),4.285467
328,Star Kid (1997),4.2730236
329,Angel Baby (1995),4.432789
329,Pather Panchali (1955),4.3238516
329,Anna (1996),4.2468567
329,Santa with Muscles (1996),4.236638
329,Boys  Les (1997),4.218649
329,Some Mother's Son (1996),4.2039576
329,Spanish Prisoner  The (1997),4.161187
329,Butcher Boy  The (1998),4.161187
329,Butcher Boy  The (1998),4.161187
329,Brothers in Trouble (1995),4.161187
330,Hurricane Streets (1998),5.7585626
330,Golden Earrings (1947),5.5822463
330,8 Heads in a Duffel Bag (1997),5.506841
330,Saint of Fort Washington  The (1993),5.405371
330,Star Kid (1997),5.3826284
330,Schindler's List (1993),5.350967
330,Pather Panchali (1955),5.3475714
330,Horseman on the Roof  The (Hussard sur le toit  Le) (1995),5.3336935
330,Shawshank Redemption  The (1994),5.3265176
330,Anna (1996),5.2946587
331,Little City (1998),4.935272
331,Stalker (1979),4.8054657
331,American Dream (1990),4.784336
331,Santa with Muscles (1996),4.7594852
331,Wallace & Gromit: The Best of Aardman Animation (1996),4.6912575
331,Star Kid (1997),4.590355
331,Whole Wide World  The (1996),4.5632634
331,Bitter Sugar (Azucar Amargo) (1996),4.561651
331,Beautiful Thing (1996),4.5541954
331,Wrong Trousers  The (1993),4.5501113
332,Saint of Fort Washington  The (1993),5.7294273
332,Santa with Muscles (1996),5.3944235
332,Golden Earrings (1947),5.372013
332,Winter Guest  The (1997),5.2455053
332,Star Kid (1997),5.2177086
332,Titanic (1997),5.1586595
332,Shawshank Redemption  The (1994),5.1259546
332,My Man Godfrey (1936),5.104405
332,Star Wars (1977),5.075251
332,Raiders of the Lost Ark (1981),5.065871
333,Hurricane Streets (1998),4.9695425
333,Golden Earrings (1947),4.950226
333,Visitors  The (Visiteurs  Les) (1993),4.8094845
333,8 Heads in a Duffel Bag (1997),4.66727
333,Horseman on the Roof  The (Hussard sur le toit  Le) (1995),4.616651
333,Titanic (1997),4.530502
333,Selena (1997),4.51718
333,It's a Wonderful Life (1946),4.490415
333,Schindler's List (1993),4.4805984
333,Prefontaine (1997),4.4685955
334,Boys  Les (1997),4.7951584
334,Angel Baby (1995),4.6923933
334,Pather Panchali (1955),4.6435633
334,Santa with Muscles (1996),4.575125
334,Anna (1996),4.529031
334,Spanish Prisoner  The (1997),4.508552
334,Butcher Boy  The (1998),4.508552
334,Butcher Boy  The (1998),4.508552
334,Brothers in Trouble (1995),4.508552
334,Some Mother's Son (1996),4.5061483
335,8 Heads in a Duffel Bag (1997),6.233819
335,Hurricane Streets (1998),5.558151
335,Love and Death on Long Island (1997),5.379546
335,Golden Earrings (1947),5.152499
335,Frisk (1995),5.085238
335,Old Lady Who Walked in the Sea  The (Vieille qui marchait dans la mer  La) (1991),5.0600853
335,Winter Guest  The (1997),4.991894
335,Legal Deceit (1997),4.9842463
335,Incognito (1997),4.8253474
335,Rendezvous in Paris (Rendez-vous de Paris  Les) (1995),4.782155
336,Boys  Les (1997),5.1115394
336,Saint of Fort Washington  The (1993),4.6780915
336,In the Line of Duty 2 (1987),4.627314
336,Angel Baby (1995),4.4910707
336,Paradise Lost: The Child Murders at Robin Hood Hills (1996),4.420533
336,Pather Panchali (1955),4.372204
336,Love and Death on Long Island (1997),4.332978
336,Spanish Prisoner  The (1997),4.29167
336,Butcher Boy  The (1998),4.29167
336,Butcher Boy  The (1998),4.29167
337,Angel Baby (1995),5.237767
337,Golden Earrings (1947),5.0596294
337,Saint of Fort Washington  The (1993),5.017344
337,Santa with Muscles (1996),4.966568
337,Horseman on the Roof  The (Hussard sur le toit  Le) (1995),4.911014
337,Schindler's List (1993),4.91035
337,Raiders of the Lost Ark (1981),4.902492
337,Boys  Les (1997),4.900985
337,Shawshank Redemption  The (1994),4.8757043
337,Star Wars (1977),4.857606
338,Angel Baby (1995),5.3662987
338,Aparajito (1956),5.105696
338,Boy's Life 2 (1997),5.05515
338,Aiqing wansui (1994),4.966469
338,Boys  Les (1997),4.888634
338,Pather Panchali (1955),4.8479824
338,N?nette et Boni (1996),4.8263593
338,The Deadly Cure (1996),4.8219285
338,In the Bleak Midwinter (1995),4.8150406
338,Anna (1996),4.746266
339,Boys  Les (1997),5.8623624
339,Angel Baby (1995),5.645833
339,Pather Panchali (1955),5.3032236
339,Anna (1996),5.094595
339,Spanish Prisoner  The (1997),5.058137
339,Butcher Boy  The (1998),5.058137
339,Butcher Boy  The (1998),5.058137
339,Brothers in Trouble (1995),5.058137
339,Saint of Fort Washington  The (1993),5.053033
339,Some Mother's Son (1996),5.035898
340,Golden Earrings (1947),5.815486
340,8 Heads in a Duffel Bag (1997),5.703013
340,Selena (1997),5.570592
340,Visitors  The (Visiteurs  Les) (1993),5.452806
340,8 Seconds (1994),5.274613
340,Safe Passage (1994),5.1310267
340,Hurricane Streets (1998),5.1022553
340,Braveheart (1995),5.0023313
340,It's a Wonderful Life (1946),4.9801955
340,Best Men (1997),4.964584
341,Stalker (1979),5.7924843
341,Whole Wide World  The (1996),5.589329
341,Sum of Us  The (1994),5.527608
341,Slingshot  The (1993),5.429844
341,Love! Valour! Compassion! (1997),5.3660636
341,To Live (Huozhe) (1994),5.3601236
341,Little City (1998),5.3487024
341,Hugo Pool (1997),5.344302
341,Margaret's Museum (1995),5.3093386
341,Story of Xinghua  The (1993),5.2534256
342,Boys  Les (1997),5.5072145
342,Angel Baby (1995),4.9965096
342,Faust (1994),4.771661
342,Santa with Muscles (1996),4.6774364
342,Aiqing wansui (1994),4.6146545
342,Pather Panchali (1955),4.5876975
342,Saint of Fort Washington  The (1993),4.5410533
342,Mina Tannenbaum (1994),4.5289764
342,Boy's Life 2 (1997),4.4969244
342,Maya Lin: A Strong Clear Vision (1994),4.4900403
343,Boys  Les (1997),5.509292
343,Angel Baby (1995),5.4086328
343,Pather Panchali (1955),5.273892
343,Santa with Muscles (1996),5.1955314
343,Anna (1996),5.1375837
343,Faust (1994),5.1096115
343,Spanish Prisoner  The (1997),5.0955396
343,Butcher Boy  The (1998),5.0955396
343,Butcher Boy  The (1998),5.0955396
343,Brothers in Trouble (1995),5.0955396
344,Boys  Les (1997),5.369158
344,Angel Baby (1995),5.3470244
344,Pather Panchali (1955),4.8937263
344,Santa with Muscles (1996),4.81076
344,Faust (1994),4.7512627
344,Anna (1996),4.7270107
344,Saint of Fort Washington  The (1993),4.693433
344,Spanish Prisoner  The (1997),4.6373253
344,Butcher Boy  The (1998),4.6373253
344,Butcher Boy  The (1998),4.6373253
345,Angel Baby (1995),5.1523595
345,Pather Panchali (1955),4.9561944
345,Boys  Les (1997),4.945571
345,Anna (1996),4.838181
345,Some Mother's Son (1996),4.7857733
345,Santa with Muscles (1996),4.756156
345,Spanish Prisoner  The (1997),4.747778
345,Butcher Boy  The (1998),4.747778
345,Butcher Boy  The (1998),4.747778
345,Brothers in Trouble (1995),4.747778
346,Saint of Fort Washington  The (1993),4.483452
346,Golden Earrings (1947),4.4067483
346,Santa with Muscles (1996),4.3635554
346,Boys  Les (1997),4.340803
346,Raiders of the Lost Ark (1981),4.297148
346,Star Wars (1977),4.274251
346,Titanic (1997),4.241571
346,Love in the Afternoon (1957),4.1870036
346,Empire Strikes Back  The (1980),4.1787486
346,Shawshank Redemption  The (1994),4.1647
347,Boys  Les (1997),5.429647
347,Saint of Fort Washington  The (1993),5.1238656
347,In the Line of Duty 2 (1987),4.784183
347,Golden Earrings (1947),4.7734637
347,Santa with Muscles (1996),4.570074
347,Raiders of the Lost Ark (1981),4.518139
347,Paradise Lost: The Child Murders at Robin Hood Hills (1996),4.515896
347,Die Hard (1988),4.5143046
347,Angel Baby (1995),4.5102787
347,Shawshank Redemption  The (1994),4.509646
348,Hurricane Streets (1998),5.404101
348,Winter Guest  The (1997),5.206903
348,Ayn Rand: A Sense of Life (1997),5.1613746
348,Saint of Fort Washington  The (1993),5.1478586
348,Golden Earrings (1947),5.1403165
348,Leading Man  The (1996),5.115408
348,Titanic (1997),4.989003
348,Star Kid (1997),4.9883633
348,Horseman on the Roof  The (Hussard sur le toit  Le) (1995),4.929243
348,Santa with Muscles (1996),4.9186997
349,Pather Panchali (1955),4.774731
349,Some Mother's Son (1996),4.7633357
349,Angel Baby (1995),4.7077546
349,Love and Death on Long Island (1997),4.682097
349,The Deadly Cure (1996),4.6676526
349,Boys  Les (1997),4.643884
349,Anna (1996),4.629903
349,Spanish Prisoner  The (1997),4.6090684
349,Butcher Boy  The (1998),4.6090684
349,Butcher Boy  The (1998),4.6090684
350,Boys  Les (1997),5.8114734
350,Angel Baby (1995),5.7929897
350,Pather Panchali (1955),5.212011
350,Anna (1996),4.991989
350,Saint of Fort Washington  The (1993),4.9190474
350,Spanish Prisoner  The (1997),4.8875723
350,Butcher Boy  The (1998),4.8875723
350,Butcher Boy  The (1998),4.8875723
350,Brothers in Trouble (1995),4.8875723
350,Some Mother's Son (1996),4.873158
351,Hurricane Streets (1998),6.3038216
351,8 Heads in a Duffel Bag (1997),5.739226
351,Golden Earrings (1947),5.736871
351,Visitors  The (Visiteurs  Les) (1993),5.5420446
351,Rendezvous in Paris (Rendez-vous de Paris  Les) (1995),5.4653287
351,Selena (1997),5.272074
351,Sum of Us  The (1994),5.183857
351,Dangerous Beauty (1998),5.1378098
351,Horseman on the Roof  The (Hussard sur le toit  Le) (1995),5.12676
351,Radioland Murders (1994),5.1107354
352,Boys  Les (1997),5.182608
352,Angel Baby (1995),4.6893854
352,Saint of Fort Washington  The (1993),4.596605
352,Santa with Muscles (1996),4.3435354
352,Star Wars (1977),4.225969
352,Pather Panchali (1955),4.1892138
352,Raiders of the Lost Ark (1981),4.161457
352,Shawshank Redemption  The (1994),4.1450095
352,Empire Strikes Back  The (1980),4.1219125
352,Golden Earrings (1947),4.120678
353,Angel Baby (1995),5.0963845
353,Close Shave  A (1995),5.06208
353,Whole Wide World  The (1996),5.012052
353,N?nette et Boni (1996),4.9983187
353,Santa with Muscles (1996),4.984718
353,Faust (1994),4.930929
353,Two or Three Things I Know About Her (1966),4.9219112
353,Wrong Trousers  The (1993),4.909868
353,Great Day in Harlem  A (1994),4.8769426
353,Wallace & Gromit: The Best of Aardman Animation (1996),4.7954345
354,N?nette et Boni (1996),4.725428
354,Some Mother's Son (1996),4.706115
354,Bitter Sugar (Azucar Amargo) (1996),4.6873055
354,Boy's Life 2 (1997),4.657917
354,Aparajito (1956),4.652754
354,Angel Baby (1995),4.649908
354,American Dream (1990),4.6395426
354,Pather Panchali (1955),4.630446
354,Anna (1996),4.601491
354,Aiqing wansui (1994),4.4978194
355,Hurricane Streets (1998),5.649727
355,Slingshot  The (1993),5.58918
355,Winter Guest  The (1997),5.506364
355,Some Mother's Son (1996),5.4017453
355,Love and Death on Long Island (1997),5.3644423
355,Frisk (1995),5.314269
355,Spanish Prisoner  The (1997),5.30964
355,Butcher Boy  The (1998),5.30964
355,Butcher Boy  The (1998),5.30964
355,Brothers in Trouble (1995),5.30964
356,Boys  Les (1997),5.345066
356,Saint of Fort Washington  The (1993),5.0463486
356,Golden Earrings (1947),4.769491
356,Angel Baby (1995),4.7191267
356,Santa with Muscles (1996),4.6330895
356,Raiders of the Lost Ark (1981),4.5811315
356,Star Wars (1977),4.5665765
356,Shawshank Redemption  The (1994),4.545448
356,Braveheart (1995),4.496284
356,Empire Strikes Back  The (1980),4.494355
357,Saint of Fort Washington  The (1993),5.6608377
357,Star Kid (1997),5.515317
357,Golden Earrings (1947),5.4853663
357,Santa with Muscles (1996),5.4835386
357,Hurricane Streets (1998),5.4766874
357,Horseman on the Roof  The (Hussard sur le toit  Le) (1995),5.3884025
357,Titanic (1997),5.353229
357,Spanish Prisoner  The (1997),5.336471
357,Butcher Boy  The (1998),5.336471
357,Butcher Boy  The (1998),5.336471
358,Year of the Horse (1997),5.376057
358,World of Apu  The (Apur Sansar) (1959),5.2376013
358,Bitter Sugar (Azucar Amargo) (1996),5.1535892
358,The Deadly Cure (1996),5.150705
358,Aparajito (1956),5.0388737
358,Red Firecracker  Green Firecracker (1994),5.0073085
358,Burnt By the Sun (1994),4.986524
358,Lamerica (1994),4.929421
358,Duoluo tianshi (1995),4.871026
358,Boy's Life 2 (1997),4.8461056
359,Saint of Fort Washington  The (1993),5.11025
359,Santa with Muscles (1996),5.0785117
359,Star Kid (1997),4.938806
359,Pather Panchali (1955),4.892709
359,Boys  Les (1997),4.8546386
359,Angel Baby (1995),4.836909
359,Spanish Prisoner  The (1997),4.833599
359,Butcher Boy  The (1998),4.833599
359,Butcher Boy  The (1998),4.833599
359,Brothers in Trouble (1995),4.833599
360,Angel Baby (1995),5.329542
360,Boys  Les (1997),5.0760202
360,Pather Panchali (1955),5.041465
360,Some Mother's Son (1996),4.905462
360,Anna (1996),4.901443
360,The Deadly Cure (1996),4.809765
360,Spanish Prisoner  The (1997),4.763016
360,Butcher Boy  The (1998),4.763016
360,Butcher Boy  The (1998),4.763016
360,Brothers in Trouble (1995),4.763016
361,Angel Baby (1995),5.7965965
361,Boys  Les (1997),5.3925657
361,Pather Panchali (1955),4.9985943
361,World of Apu  The (Apur Sansar) (1959),4.961835
361,The Deadly Cure (1996),4.9010377
361,Anna (1996),4.805061
361,In the Bleak Midwinter (1995),4.7453337
361,Someone Else's America (1995),4.7235126
361,Some Mother's Son (1996),4.6880465
361,Aparajito (1956),4.6422186
362,8 Heads in a Duffel Bag (1997),5.719068
362,Angel Baby (1995),5.1007295
362,Golden Earrings (1947),5.0344324
362,Pather Panchali (1955),4.8734217
362,Hurricane Streets (1998),4.858623
362,Saint of Fort Washington  The (1993),4.8090715
362,Schindler's List (1993),4.7859936
362,Old Lady Who Walked in the Sea  The (Vieille qui marchait dans la mer  La) (1991),4.737807
362,Shawshank Redemption  The (1994),4.7304893
362,Boys  Les (1997),4.724663
363,Santa with Muscles (1996),4.6301765
363,Faust (1994),4.513984
363,Wrong Trousers  The (1993),4.367636
363,Wallace & Gromit: The Best of Aardman Animation (1996),4.318435
363,Close Shave  A (1995),4.301521
363,Boys  Les (1997),4.2773585
363,Saint of Fort Washington  The (1993),4.169073
363,Hearts and Minds (1996),4.133833
363,Two or Three Things I Know About Her (1966),4.123923
363,Maya Lin: A Strong Clear Vision (1994),4.122412
364,8 Heads in a Duffel Bag (1997),4.9686136
364,Hurricane Streets (1998),4.9544196
364,Winter Guest  The (1997),4.9194417
364,Saint of Fort Washington  The (1993),4.9013786
364,Love and Death on Long Island (1997),4.8895564
364,Spanish Prisoner  The (1997),4.758859
364,Butcher Boy  The (1998),4.758859
364,Butcher Boy  The (1998),4.758859
364,Brothers in Trouble (1995),4.758859
364,Some Mother's Son (1996),4.74118
365,Boys  Les (1997),4.765457
365,Pather Panchali (1955),4.7633824
365,Some Mother's Son (1996),4.6903186
365,Angel Baby (1995),4.668338
365,Spanish Prisoner  The (1997),4.6527452
365,Butcher Boy  The (1998),4.6527452
365,Butcher Boy  The (1998),4.6527452
365,Brothers in Trouble (1995),4.6527452
365,Anna (1996),4.634063
365,Saint of Fort Washington  The (1993),4.5956745
366,In the Line of Duty 2 (1987),6.290999
366,Boys  Les (1997),5.956283
366,Paradise Lost: The Child Murders at Robin Hood Hills (1996),5.8619657
366,Saint of Fort Washington  The (1993),5.8032217
366,Love and Death on Long Island (1997),5.7656846
366,Mina Tannenbaum (1994),5.650408
366,Winter Guest  The (1997),5.631198
366,Bitter Moon (1992),5.3775926
366,Clerks (1994),5.302891
366,Brother Minister: The Assassination of Malcolm X (1994),5.302238
367,Saint of Fort Washington  The (1993),5.700214
367,Winter Guest  The (1997),5.496286
367,Mina Tannenbaum (1994),5.480292
367,Santa with Muscles (1996),5.4678845
367,Paradise Lost: The Child Murders at Robin Hood Hills (1996),5.3398204
367,Spanish Prisoner  The (1997),5.3195095
367,Butcher Boy  The (1998),5.3195095
367,Butcher Boy  The (1998),5.3195095
367,Brothers in Trouble (1995),5.3195095
367,Star Kid (1997),5.2839203
368,Santa with Muscles (1996),4.4189887
368,Saint of Fort Washington  The (1993),4.3966227
368,Star Kid (1997),4.281486
368,Spanish Prisoner  The (1997),4.222829
368,Butcher Boy  The (1998),4.222829
368,Butcher Boy  The (1998),4.222829
368,Brothers in Trouble (1995),4.222829
368,Wallace & Gromit: The Best of Aardman Animation (1996),4.11754
368,Little City (1998),4.075706
368,Some Mother's Son (1996),4.0691266
369,Saint of Fort Washington  The (1993),5.4660664
369,Santa with Muscles (1996),5.2218785
369,Boys  Les (1997),5.150895
369,Star Kid (1997),5.0973196
369,Golden Earrings (1947),5.0516763
369,Spanish Prisoner  The (1997),5.0301523
369,Butcher Boy  The (1998),5.0301523
369,Butcher Boy  The (1998),5.0301523
369,Brothers in Trouble (1995),5.0301523
369,Pather Panchali (1955),5.0230594
370,Angel Baby (1995),5.32567
370,Boys  Les (1997),4.734581
370,Pather Panchali (1955),4.528705
370,Someone Else's America (1995),4.4554715
370,Anna (1996),4.3666835
370,N?nette et Boni (1996),4.3541026
370,In the Bleak Midwinter (1995),4.3464932
370,The Deadly Cure (1996),4.291627
370,Casablanca (1942),4.2690973
370,Schindler's List (1993),4.264523
371,Golden Earrings (1947),5.0034976
371,Saint of Fort Washington  The (1993),4.8721256
371,Angel Baby (1995),4.8699374
371,Boys  Les (1997),4.8057885
371,Raiders of the Lost Ark (1981),4.699524
371,Shawshank Redemption  The (1994),4.660724
371,Braveheart (1995),4.6441984
371,Schindler's List (1993),4.634646
371,Santa with Muscles (1996),4.6252427
371,Star Wars (1977),4.603478
372,Winter Guest  The (1997),5.8915505
372,Saint of Fort Washington  The (1993),5.8867273
372,Star Kid (1997),5.5040154
372,Spanish Prisoner  The (1997),5.4895134
372,Butcher Boy  The (1998),5.4895134
372,Butcher Boy  The (1998),5.4895134
372,Brothers in Trouble (1995),5.4895134
372,Golden Earrings (1947),5.4636006
372,Love and Death on Long Island (1997),5.456176
372,Santa with Muscles (1996),5.420533
373,Star Kid (1997),4.725944
373,Santa with Muscles (1996),4.702143
373,Horseman on the Roof  The (Hussard sur le toit  Le) (1995),4.692526
373,Saint of Fort Washington  The (1993),4.6847277
373,Pather Panchali (1955),4.589979
373,Spanish Prisoner  The (1997),4.5884256
373,Butcher Boy  The (1998),4.5884256
373,Butcher Boy  The (1998),4.5884256
373,Brothers in Trouble (1995),4.5884256
373,Some Mother's Son (1996),4.577065
374,Saint of Fort Washington  The (1993),4.55243
374,Santa with Muscles (1996),4.490406
374,Golden Earrings (1947),4.4078865
374,Titanic (1997),4.359088
374,Horseman on the Roof  The (Hussard sur le toit  Le) (1995),4.3186917
374,Star Kid (1997),4.3100705
374,Star Wars (1977),4.285538
374,Raiders of the Lost Ark (1981),4.283849
374,Shawshank Redemption  The (1994),4.2356286
374,My Man Godfrey (1936),4.168868
375,Boys  Les (1997),5.4463754
375,Angel Baby (1995),5.0294313
375,Saint of Fort Washington  The (1993),4.950405
375,Santa with Muscles (1996),4.823605
375,Star Wars (1977),4.7903824
375,Raiders of the Lost Ark (1981),4.763769
375,Empire Strikes Back  The (1980),4.6850038
375,Golden Earrings (1947),4.6780224
375,Love in the Afternoon (1957),4.61346
375,Braveheart (1995),4.5361576
376,Pather Panchali (1955),4.6048193
376,Angel Baby (1995),4.5529604
376,Boys  Les (1997),4.54623
376,Santa with Muscles (1996),4.5398526
376,Saint of Fort Washington  The (1993),4.516098
376,Anna (1996),4.508292
376,Spanish Prisoner  The (1997),4.503115
376,Butcher Boy  The (1998),4.503115
376,Butcher Boy  The (1998),4.503115
376,Brothers in Trouble (1995),4.503115
377,Saint of Fort Washington  The (1993),5.1926684
377,Boys  Les (1997),5.107506
377,Santa with Muscles (1996),5.039083
377,Pather Panchali (1955),4.8830423
377,Star Kid (1997),4.8766465
377,Spanish Prisoner  The (1997),4.849062
377,Butcher Boy  The (1998),4.849062
377,Butcher Boy  The (1998),4.849062
377,Brothers in Trouble (1995),4.849062
377,Angel Baby (1995),4.8100705
378,Angel Baby (1995),4.862437
378,Pather Panchali (1955),4.6522403
378,Boys  Les (1997),4.558646
378,Anna (1996),4.5361485
378,Saint of Fort Washington  The (1993),4.505082
378,Some Mother's Son (1996),4.4725876
378,Spanish Prisoner  The (1997),4.449279
378,Butcher Boy  The (1998),4.449279
378,Butcher Boy  The (1998),4.449279
378,Brothers in Trouble (1995),4.449279
379,Angel Baby (1995),5.826558
379,Boys  Les (1997),5.67151
379,Pather Panchali (1955),5.1920705
379,Anna (1996),4.9919825
379,Saint of Fort Washington  The (1993),4.991623
379,Santa with Muscles (1996),4.9461727
379,They Made Me a Criminal (1939),4.8658423
379,Spanish Prisoner  The (1997),4.8627076
379,Butcher Boy  The (1998),4.8627076
379,Butcher Boy  The (1998),4.8627076
380,Angel Baby (1995),4.3970857
380,Boys  Les (1997),4.13338
380,Pather Panchali (1955),4.085226
380,Anna (1996),3.9710636
380,Some Mother's Son (1996),3.9175255
380,Spanish Prisoner  The (1997),3.8509738
380,Butcher Boy  The (1998),3.8509738
380,Butcher Boy  The (1998),3.8509738
380,Brothers in Trouble (1995),3.8509738
380,Someone Else's America (1995),3.8189135
381,Angel Baby (1995),5.6489153
381,Boys  Les (1997),5.376628
381,Pather Panchali (1955),5.1696553
381,Anna (1996),5.0021706
381,Some Mother's Son (1996),4.9503636
381,The Deadly Cure (1996),4.9345784
381,Spanish Prisoner  The (1997),4.8345213
381,Butcher Boy  The (1998),4.8345213
381,Butcher Boy  The (1998),4.8345213
381,Brothers in Trouble (1995),4.8345213
382,Love and Death on Long Island (1997),5.465469
382,In the Line of Duty 2 (1987),4.9330144
382,Bad Taste (1987),4.752666
382,Winter Guest  The (1997),4.6932406
382,Paradise Lost: The Child Murders at Robin Hood Hills (1996),4.622599
382,Brother Minister: The Assassination of Malcolm X (1994),4.5888977
382,Braindead (1992),4.4532228
382,Mina Tannenbaum (1994),4.4282317
382,Saint of Fort Washington  The (1993),4.360871
382,Caught (1996),4.328964
383,Angel Baby (1995),6.148718
383,Boys  Les (1997),5.9185114
383,World of Apu  The (Apur Sansar) (1959),5.4491806
383,Pather Panchali (1955),5.2794576
383,The Deadly Cure (1996),5.2062287
383,Anna (1996),5.0217156
383,Some Mother's Son (1996),4.892858
383,Someone Else's America (1995),4.8735385
383,Spanish Prisoner  The (1997),4.826472
383,Butcher Boy  The (1998),4.826472
384,Hurricane Streets (1998),5.3588257
384,Star Kid (1997),5.221404
384,Some Mother's Son (1996),5.201808
384,Saint of Fort Washington  The (1993),5.1581163
384,Pather Panchali (1955),5.1468983
384,Spanish Prisoner  The (1997),5.133495
384,Butcher Boy  The (1998),5.133495
384,Butcher Boy  The (1998),5.133495
384,Brothers in Trouble (1995),5.133495
384,Anna (1996),5.129698
385,Boy's Life 2 (1997),4.8465834
385,Boys  Les (1997),4.8316593
385,Aiqing wansui (1994),4.829923
385,Aparajito (1956),4.6106567
385,Angel Baby (1995),4.6106143
385,Faust (1994),4.576819
385,Grosse Fatigue (1994),4.5210347
385,Two or Three Things I Know About Her (1966),4.4807677
385,Kaspar Hauser (1993),4.4243474
385,Fille seule  La (A Single Girl) (1995),4.363861
386,Saint of Fort Washington  The (1993),4.769514
386,Star Kid (1997),4.6566224
386,Hurricane Streets (1998),4.6128154
386,Spanish Prisoner  The (1997),4.593351
386,Butcher Boy  The (1998),4.593351
386,Butcher Boy  The (1998),4.593351
386,Brothers in Trouble (1995),4.593351
386,Santa with Muscles (1996),4.562186
386,Some Mother's Son (1996),4.5317216
386,Golden Earrings (1947),4.527215
387,Boys  Les (1997),5.7054396
387,Mina Tannenbaum (1994),5.001413
387,Faust (1994),4.7856903
387,Angel Baby (1995),4.723793
387,Santa with Muscles (1996),4.634811
387,Aiqing wansui (1994),4.5864215
387,Saint of Fort Washington  The (1993),4.5537558
387,Paradise Lost: The Child Murders at Robin Hood Hills (1996),4.5376043
387,Maya Lin: A Strong Clear Vision (1994),4.5103364
387,Paths of Glory (1957),4.5015345
388,8 Heads in a Duffel Bag (1997),5.8471193
388,Golden Earrings (1947),5.782576
388,Hurricane Streets (1998),5.554335
388,Winter Guest  The (1997),5.4844456
388,Saint of Fort Washington  The (1993),5.4388895
388,Leading Man  The (1996),5.1461873
388,Shawshank Redemption  The (1994),5.067075
388,Braveheart (1995),5.039941
388,Frisk (1995),5.028818
388,Legal Deceit (1997),5.003147
389,Angel Baby (1995),5.704943
389,Boys  Les (1997),5.591616
389,Pather Panchali (1955),4.998522
389,Anna (1996),4.797136
389,Faust (1994),4.712611
389,Santa with Muscles (1996),4.686727
389,Aiqing wansui (1994),4.6628428
389,The Deadly Cure (1996),4.6576805
389,Some Mother's Son (1996),4.639188
389,Spanish Prisoner  The (1997),4.634573
390,N?nette et Boni (1996),5.5093184
390,Angel Baby (1995),5.131695
390,Sum of Us  The (1994),4.9374394
390,Visitors  The (Visiteurs  Les) (1993),4.9279075
390,Whole Wide World  The (1996),4.914677
390,Horseman on the Roof  The (Hussard sur le toit  Le) (1995),4.911732
390,Someone Else's America (1995),4.8999834
390,Great Day in Harlem  A (1994),4.837045
390,Dangerous Beauty (1998),4.7868795
390,It's a Wonderful Life (1946),4.7447042
391,Angel Baby (1995),5.285782
391,Boys  Les (1997),5.118251
391,Pather Panchali (1955),4.888057
391,Anna (1996),4.708003
391,The Deadly Cure (1996),4.6779327
391,Some Mother's Son (1996),4.6771255
391,World of Apu  The (Apur Sansar) (1959),4.633399
391,Spanish Prisoner  The (1997),4.595953
391,Butcher Boy  The (1998),4.595953
391,Butcher Boy  The (1998),4.595953
392,Angel Baby (1995),5.996195
392,Boys  Les (1997),5.8580313
392,Pather Panchali (1955),5.1819415
392,Santa with Muscles (1996),5.0095286
392,Faust (1994),4.9879794
392,Anna (1996),4.973936
392,Close Shave  A (1995),4.907802
392,Saint of Fort Washington  The (1993),4.903175
392,Casablanca (1942),4.885181
392,They Made Me a Criminal (1939),4.8700347
393,Hurricane Streets (1998),4.731152
393,Golden Earrings (1947),4.5662894
393,Saint of Fort Washington  The (1993),4.3540826
393,Titanic (1997),4.318101
393,Horseman on the Roof  The (Hussard sur le toit  Le) (1995),4.302396
393,Ayn Rand: A Sense of Life (1997),4.2760754
393,Star Kid (1997),4.250486
393,Leading Man  The (1996),4.2315845
393,8 Heads in a Duffel Bag (1997),4.1930237
393,Santa with Muscles (1996),4.166543
394,Saint of Fort Washington  The (1993),5.3354535
394,Boys  Les (1997),5.272719
394,Santa with Muscles (1996),5.1149716
394,Pather Panchali (1955),5.0876813
394,Angel Baby (1995),5.0644526
394,Spanish Prisoner  The (1997),5.017762
394,Butcher Boy  The (1998),5.017762
394,Butcher Boy  The (1998),5.017762
394,Brothers in Trouble (1995),5.017762
394,Star Kid (1997),5.0137553
395,Angel Baby (1995),5.615002
395,Boys  Les (1997),5.5293727
395,Saint of Fort Washington  The (1993),5.0000467
395,Pather Panchali (1955),4.918392
395,Santa with Muscles (1996),4.864452
395,Schindler's List (1993),4.8008914
395,Shawshank Redemption  The (1994),4.750093
395,Star Wars (1977),4.7442894
395,Raiders of the Lost Ark (1981),4.7116323
395,Golden Earrings (1947),4.708398
396,Hurricane Streets (1998),4.9069076
396,Golden Earrings (1947),4.7765007
396,8 Heads in a Duffel Bag (1997),4.5039196
396,Doom Generation  The (1995),4.406617
396,Ayn Rand: A Sense of Life (1997),4.383386
396,Leading Man  The (1996),4.2652535
396,Titanic (1997),4.2488437
396,Saint of Fort Washington  The (1993),4.2266626
396,Visitors  The (Visiteurs  Les) (1993),4.157932
396,Braveheart (1995),4.1494527
397,Boys  Les (1997),6.2109685
397,Angel Baby (1995),5.865406
397,Faust (1994),5.14689
397,Santa with Muscles (1996),5.0040298
397,Paths of Glory (1957),4.9410734
397,Pather Panchali (1955),4.890809
397,When We Were Kings (1996),4.8533516
397,Saint of Fort Washington  The (1993),4.833762
397,Aiqing wansui (1994),4.7810493
397,Close Shave  A (1995),4.768433
398,Angel Baby (1995),5.068002
398,Boys  Les (1997),4.7042527
398,Golden Earrings (1947),4.514615
398,Pather Panchali (1955),4.4916434
398,Saint of Fort Washington  The (1993),4.4698505
398,Schindler's List (1993),4.463281
398,8 Heads in a Duffel Bag (1997),4.4570866
398,Shawshank Redemption  The (1994),4.382053
398,It's a Wonderful Life (1946),4.36885
398,Someone Else's America (1995),4.33738
399,Hurricane Streets (1998),4.0979867
399,Star Kid (1997),3.8957677
399,Some Mother's Son (1996),3.8943594
399,Spanish Prisoner  The (1997),3.8237429
399,Butcher Boy  The (1998),3.8237429
399,Butcher Boy  The (1998),3.8237429
399,Brothers in Trouble (1995),3.8237429
399,Slingshot  The (1993),3.8016968
399,Saint of Fort Washington  The (1993),3.7874935
399,Horseman on the Roof  The (Hussard sur le toit  Le) (1995),3.7851112
400,Saint of Fort Washington  The (1993),4.9749956
400,Santa with Muscles (1996),4.9559264
400,Star Kid (1997),4.7288823
400,Spanish Prisoner  The (1997),4.664255
400,Butcher Boy  The (1998),4.664255
400,Butcher Boy  The (1998),4.664255
400,Brothers in Trouble (1995),4.664255
400,Boys  Les (1997),4.6416492
400,Pather Panchali (1955),4.5616083
400,Wallace & Gromit: The Best of Aardman Animation (1996),4.5352445
401,8 Heads in a Duffel Bag (1997),4.4800053
401,Angel Baby (1995),4.2371783
401,Hurricane Streets (1998),4.044854
401,Rendezvous in Paris (Rendez-vous de Paris  Les) (1995),4.034812
401,Old Lady Who Walked in the Sea  The (Vieille qui marchait dans la mer  La) (1991),3.9791148
401,Golden Earrings (1947),3.915457
401,Pather Panchali (1955),3.898853
401,Selena (1997),3.8725095
401,Someone Else's America (1995),3.8722463
401,Schindler's List (1993),3.8419538
402,Angel Baby (1995),5.3090806
402,Boys  Les (1997),4.9984584
402,Pather Panchali (1955),4.9315658
402,Santa with Muscles (1996),4.866268
402,Anna (1996),4.808133
402,Saint of Fort Washington  The (1993),4.80527
402,Star Kid (1997),4.741148
402,They Made Me a Criminal (1939),4.7394333
402,Close Shave  A (1995),4.7063384
402,Spanish Prisoner  The (1997),4.689031
403,Horseman on the Roof  The (Hussard sur le toit  Le) (1995),5.0834723
403,Whole Wide World  The (1996),4.946696
403,Santa with Muscles (1996),4.844416
403,Sum of Us  The (1994),4.8121448
403,Boys of St. Vincent  The (1993),4.797294
403,Titanic (1997),4.779138
403,Star Kid (1997),4.772743
403,Wrong Trousers  The (1993),4.696514
403,N?nette et Boni (1996),4.6876097
403,Hurricane Streets (1998),4.6672544
404,Ayn Rand: A Sense of Life (1997),4.392664
404,Rough Magic (1995),4.2610903
404,Titanic (1997),4.2495093
404,Horseman on the Roof  The (Hussard sur le toit  Le) (1995),4.2481604
404,Santa with Muscles (1996),4.1499414
404,Harlem (1993),4.1148677
404,Golden Earrings (1947),4.112204
404,Saint of Fort Washington  The (1993),4.0829782
404,Man in the Iron Mask  The (1998),3.9966478
404,Star Kid (1997),3.9894335
405,Safe Passage (1994),3.705148
405,Golden Earrings (1947),3.666622
405,8 Seconds (1994),3.595058
405,8 Heads in a Duffel Bag (1997),3.5710156
405,Boys  Les (1997),3.5569892
405,Selena (1997),3.331839
405,Angel Baby (1995),3.2685585
405,Braveheart (1995),3.2456455
405,Saint of Fort Washington  The (1993),3.1948795
405,Raiders of the Lost Ark (1981),3.1627383
406,Boys  Les (1997),5.106015
406,Angel Baby (1995),4.6754346
406,Saint of Fort Washington  The (1993),4.6424108
406,Santa with Muscles (1996),4.60606
406,Pather Panchali (1955),4.466575
406,Faust (1994),4.385922
406,Spanish Prisoner  The (1997),4.356354
406,Butcher Boy  The (1998),4.356354
406,Butcher Boy  The (1998),4.356354
406,Brothers in Trouble (1995),4.356354
407,Boys  Les (1997),4.9771338
407,Angel Baby (1995),4.6792793
407,Saint of Fort Washington  The (1993),4.6318955
407,Santa with Muscles (1996),4.52497
407,Pather Panchali (1955),4.4482803
407,Spanish Prisoner  The (1997),4.323804
407,Butcher Boy  The (1998),4.323804
407,Butcher Boy  The (1998),4.323804
407,Brothers in Trouble (1995),4.323804
407,Star Kid (1997),4.3030553
408,Slingshot  The (1993),5.216713
408,Little City (1998),5.2164726
408,Stalker (1979),5.164375
408,American Dream (1990),5.0789695
408,Winter Guest  The (1997),5.0765624
408,Double vie de V?ronique  La (Double Life of Veronique  The) (1991),5.0692086
408,Mina Tannenbaum (1994),5.046135
408,Santa with Muscles (1996),5.045306
408,Spanish Prisoner  The (1997),4.991869
408,Butcher Boy  The (1998),4.991869
409,Angel Baby (1995),5.5356574
409,Boys  Les (1997),5.4746227
409,Pather Panchali (1955),4.6123166
409,World of Apu  The (Apur Sansar) (1959),4.516577
409,Faust (1994),4.4906473
409,Aiqing wansui (1994),4.4592686
409,Anna (1996),4.3889484
409,The Deadly Cure (1996),4.374846
409,In the Bleak Midwinter (1995),4.3529506
409,Boy's Life 2 (1997),4.3527155
410,Whole Wide World  The (1996),3.9899998
410,Horseman on the Roof  The (Hussard sur le toit  Le) (1995),3.9721498
410,Santa with Muscles (1996),3.9252117
410,Star Kid (1997),3.8689337
410,Wrong Trousers  The (1993),3.7994456
410,Wallace & Gromit: The Best of Aardman Animation (1996),3.7790878
410,Sum of Us  The (1994),3.7673957
410,Some Folks Call It a Sling Blade (1993),3.7493975
410,Story of Xinghua  The (1993),3.7482984
410,Stalker (1979),3.7350268
411,Angel Baby (1995),4.7781854
411,Boys  Les (1997),4.5622296
411,Saint of Fort Washington  The (1993),4.560527
411,Pather Panchali (1955),4.543231
411,Santa with Muscles (1996),4.51214
411,Star Kid (1997),4.431595
411,Anna (1996),4.4260926
411,Schindler's List (1993),4.3964715
411,They Made Me a Criminal (1939),4.383915
411,Spanish Prisoner  The (1997),4.3691945
412,Boys  Les (1997),4.986649
412,Saint of Fort Washington  The (1993),4.8831215
412,Santa with Muscles (1996),4.7149777
412,Angel Baby (1995),4.639052
412,Pather Panchali (1955),4.557123
412,Star Kid (1997),4.512396
412,Spanish Prisoner  The (1997),4.492489
412,Butcher Boy  The (1998),4.492489
412,Butcher Boy  The (1998),4.492489
412,Brothers in Trouble (1995),4.492489
413,Angel Baby (1995),5.1852064
413,N?nette et Boni (1996),5.110346
413,Pather Panchali (1955),4.852594
413,Anna (1996),4.796727
413,Close Shave  A (1995),4.76917
413,Someone Else's America (1995),4.756625
413,Whole Wide World  The (1996),4.7501793
413,Some Mother's Son (1996),4.717178
413,Santa with Muscles (1996),4.6630054
413,They Made Me a Criminal (1939),4.6385384
414,Boys  Les (1997),5.527321
414,Santa with Muscles (1996),5.5153885
414,Mina Tannenbaum (1994),5.4579067
414,Faust (1994),5.398985
414,Saint of Fort Washington  The (1993),5.270575
414,Maya Lin: A Strong Clear Vision (1994),5.247576
414,Wallace & Gromit: The Best of Aardman Animation (1996),5.2235823
414,Aiqing wansui (1994),5.19395
414,Spanish Prisoner  The (1997),5.1845145
414,Butcher Boy  The (1998),5.1845145
415,Saint of Fort Washington  The (1993),5.317529
415,Santa with Muscles (1996),5.255401
415,Star Kid (1997),5.192799
415,Spanish Prisoner  The (1997),5.179324
415,Butcher Boy  The (1998),5.179324
415,Butcher Boy  The (1998),5.179324
415,Brothers in Trouble (1995),5.179324
415,Pather Panchali (1955),5.12409
415,Some Mother's Son (1996),5.0878916
415,Anna (1996),5.0470395
416,Angel Baby (1995),5.3135085
416,Saint of Fort Washington  The (1993),5.151446
416,Pather Panchali (1955),5.0809464
416,Golden Earrings (1947),5.058411
416,Schindler's List (1993),5.014789
416,Santa with Muscles (1996),5.009769
416,Boys  Les (1997),4.9926786
416,Star Kid (1997),4.98494
416,Shawshank Redemption  The (1994),4.9793096
416,Anna (1996),4.952859
417,Saint of Fort Washington  The (1993),4.5305877
417,Santa with Muscles (1996),4.388704
417,Star Kid (1997),4.3187766
417,Pather Panchali (1955),4.268089
417,Spanish Prisoner  The (1997),4.257666
417,Butcher Boy  The (1998),4.257666
417,Butcher Boy  The (1998),4.257666
417,Brothers in Trouble (1995),4.257666
417,Boys  Les (1997),4.208611
417,Shawshank Redemption  The (1994),4.20131
418,Harlem (1993),4.788129
418,Little City (1998),4.34181
418,Wild Things (1998),4.217665
418,Killer (Bulletproof Heart) (1994),4.1957536
418,Winter Guest  The (1997),4.1399293
418,Ayn Rand: A Sense of Life (1997),3.9400415
418,Haunted World of Edward D. Wood Jr.  The (1995),3.9258099
418,Tough and Deadly (1995),3.9120188
418,Santa with Muscles (1996),3.911777
418,Mina Tannenbaum (1994),3.8984642
419,Angel Baby (1995),5.899153
419,Boys  Les (1997),5.352681
419,Pather Panchali (1955),4.9270525
419,Someone Else's America (1995),4.878251
419,N?nette et Boni (1996),4.843879
419,In the Bleak Midwinter (1995),4.7827606
419,Close Shave  A (1995),4.7809486
419,Great Day in Harlem  A (1994),4.775401
419,Casablanca (1942),4.768064
419,Anna (1996),4.7541723
420,Angel Baby (1995),5.1527224
420,Some Mother's Son (1996),5.060483
420,Pather Panchali (1955),5.054938
420,Boy's Life 2 (1997),4.9970083
420,Anna (1996),4.970109
420,Bitter Sugar (Azucar Amargo) (1996),4.946753
420,Aparajito (1956),4.929546
420,The Deadly Cure (1996),4.9166794
420,American Dream (1990),4.9155927
420,Aiqing wansui (1994),4.8145146
421,Boys  Les (1997),5.106859
421,Saint of Fort Washington  The (1993),4.8298683
421,Santa with Muscles (1996),4.8122015
421,Star Wars (1977),4.5393853
421,Faust (1994),4.4261556
421,Empire Strikes Back  The (1980),4.396103
421,My Man Godfrey (1936),4.3920445
421,Raiders of the Lost Ark (1981),4.3712177
421,Angel Baby (1995),4.3665395
421,Star Kid (1997),4.3310456
422,Boys  Les (1997),5.1181235
422,Saint of Fort Washington  The (1993),4.8002906
422,Pather Panchali (1955),4.702375
422,Mina Tannenbaum (1994),4.661185
422,Spanish Prisoner  The (1997),4.6530595
422,Butcher Boy  The (1998),4.6530595
422,Butcher Boy  The (1998),4.6530595
422,Brothers in Trouble (1995),4.6530595
422,Angel Baby (1995),4.5945415
422,Santa with Muscles (1996),4.5760136
423,Some Mother's Son (1996),4.9068956
423,Pather Panchali (1955),4.8549604
423,Anna (1996),4.823602
423,Spanish Prisoner  The (1997),4.734349
423,Butcher Boy  The (1998),4.734349
423,Butcher Boy  The (1998),4.734349
423,Brothers in Trouble (1995),4.734349
423,Star Kid (1997),4.6905384
423,N?nette et Boni (1996),4.682877
423,Angel Baby (1995),4.6490297
424,Hurricane Streets (1998),5.046419
424,Hugo Pool (1997),4.8395605
424,N?nette et Boni (1996),4.770773
424,Sum of Us  The (1994),4.7605376
424,Rendezvous in Paris (Rendez-vous de Paris  Les) (1995),4.731442
424,Love! Valour! Compassion! (1997),4.620783
424,Stalker (1979),4.498545
424,To Live (Huozhe) (1994),4.4417686
424,Some Mother's Son (1996),4.411109
424,Love & Human Remains (1993),4.400726
425,Mina Tannenbaum (1994),4.3894863
425,In the Line of Duty 2 (1987),4.270314
425,Paradise Lost: The Child Murders at Robin Hood Hills (1996),4.2262864
425,Saint of Fort Washington  The (1993),4.21186
425,Boys  Les (1997),4.168124
425,Love and Death on Long Island (1997),4.097018
425,Winter Guest  The (1997),4.0349064
425,Santa with Muscles (1996),4.0218277
425,Bitter Moon (1992),3.9674683
425,Spanish Prisoner  The (1997),3.9498017
426,Angel Baby (1995),5.4747853
426,Boys  Les (1997),5.312165
426,Pather Panchali (1955),4.498914
426,Anna (1996),4.271507
426,World of Apu  The (Apur Sansar) (1959),4.2572937
426,Casablanca (1942),4.246415
426,Someone Else's America (1995),4.238591
426,Faust (1994),4.228782
426,In the Bleak Midwinter (1995),4.2164516
426,Saint of Fort Washington  The (1993),4.21041
427,Hurricane Streets (1998),7.2255654
427,Slingshot  The (1993),6.4664416
427,Frisk (1995),6.317655
427,Winter Guest  The (1997),6.2176566
427,Stalker (1979),6.0982876
427,Doom Generation  The (1995),6.0102944
427,Love & Human Remains (1993),6.0080466
427,Three Wishes (1995),6.003322
427,Leading Man  The (1996),5.933344
427,Radioland Murders (1994),5.904964
428,Hurricane Streets (1998),5.355579
428,Star Kid (1997),5.092671
428,Horseman on the Roof  The (Hussard sur le toit  Le) (1995),5.038634
428,Saint of Fort Washington  The (1993),4.9843607
428,Some Mother's Son (1996),4.946685
428,Santa with Muscles (1996),4.946366
428,Spanish Prisoner  The (1997),4.9276247
428,Butcher Boy  The (1998),4.9276247
428,Butcher Boy  The (1998),4.9276247
428,Brothers in Trouble (1995),4.9276247
429,Boys  Les (1997),4.89907
429,Angel Baby (1995),4.726088
429,Saint of Fort Washington  The (1993),4.592046
429,Pather Panchali (1955),4.5656786
429,Santa with Muscles (1996),4.4735923
429,Spanish Prisoner  The (1997),4.42583
429,Butcher Boy  The (1998),4.42583
429,Butcher Boy  The (1998),4.42583
429,Brothers in Trouble (1995),4.42583
429,Anna (1996),4.4029255
430,Angel Baby (1995),5.3863053
430,Boys  Les (1997),5.248723
430,Santa with Muscles (1996),4.546047
430,Pather Panchali (1955),4.4970336
430,Faust (1994),4.4895587
430,Close Shave  A (1995),4.452106
430,Great Day in Harlem  A (1994),4.398343
430,Saint of Fort Washington  The (1993),4.38469
430,Casablanca (1942),4.3655562
430,Star Wars (1977),4.3596663
431,Horseman on the Roof  The (Hussard sur le toit  Le) (1995),4.439618
431,Hurricane Streets (1998),4.425573
431,Titanic (1997),4.275407
431,Rough Magic (1995),4.257428
431,Santa with Muscles (1996),4.222297
431,Star Kid (1997),4.2147894
431,Ayn Rand: A Sense of Life (1997),4.182703
431,Whole Wide World  The (1996),4.157156
431,Sum of Us  The (1994),4.144414
431,Golden Earrings (1947),4.1360006
432,8 Heads in a Duffel Bag (1997),5.317031
432,Golden Earrings (1947),5.03247
432,Saint of Fort Washington  The (1993),5.028559
432,Shawshank Redemption  The (1994),4.746731
432,Pather Panchali (1955),4.7420635
432,Hurricane Streets (1998),4.727642
432,Spanish Prisoner  The (1997),4.6994357
432,Butcher Boy  The (1998),4.6994357
432,Butcher Boy  The (1998),4.6994357
432,Brothers in Trouble (1995),4.6994357
433,Angel Baby (1995),5.0621204
433,Pather Panchali (1955),4.891718
433,N?nette et Boni (1996),4.8566637
433,Some Mother's Son (1996),4.841338
433,Anna (1996),4.8326015
433,Boy's Life 2 (1997),4.8228993
433,Aiqing wansui (1994),4.790172
433,Aparajito (1956),4.753418
433,American Dream (1990),4.738703
433,Close Shave  A (1995),4.7375793
434,Hurricane Streets (1998),5.6114492
434,Doom Generation  The (1995),5.442661
434,Ayn Rand: A Sense of Life (1997),5.4425907
434,Harlem (1993),5.42496
434,Winter Guest  The (1997),5.393183
434,Leading Man  The (1996),5.21165
434,Rough Magic (1995),5.1473737
434,Killer (Bulletproof Heart) (1994),5.1289425
434,Three Wishes (1995),5.0062714
434,Frisk (1995),4.922514
435,Saint of Fort Washington  The (1993),4.709635
435,Santa with Muscles (1996),4.574868
435,Spanish Prisoner  The (1997),4.50897
435,Butcher Boy  The (1998),4.50897
435,Butcher Boy  The (1998),4.50897
435,Brothers in Trouble (1995),4.50897
435,Star Kid (1997),4.476054
435,Pather Panchali (1955),4.4049473
435,Boys  Les (1997),4.36794
435,Some Mother's Son (1996),4.3537536
436,Saint of Fort Washington  The (1993),5.072555
436,Winter Guest  The (1997),4.9419465
436,Star Kid (1997),4.896375
436,Santa with Muscles (1996),4.891805
436,Spanish Prisoner  The (1997),4.818784
436,Butcher Boy  The (1998),4.818784
436,Butcher Boy  The (1998),4.818784
436,Brothers in Trouble (1995),4.818784
436,Some Mother's Son (1996),4.6605887
436,Slingshot  The (1993),4.65863
437,Angel Baby (1995),5.5844145
437,N?nette et Boni (1996),5.010172
437,Someone Else's America (1995),4.822182
437,In the Bleak Midwinter (1995),4.8114595
437,Pather Panchali (1955),4.8005943
437,The Deadly Cure (1996),4.7282667
437,Boys  Les (1997),4.6891446
437,Anna (1996),4.6739936
437,Some Mother's Son (1996),4.574005
437,World of Apu  The (Apur Sansar) (1959),4.5595784
438,Golden Earrings (1947),5.1511436
438,Horseman on the Roof  The (Hussard sur le toit  Le) (1995),5.0564036
438,Titanic (1997),5.0397882
438,Saint of Fort Washington  The (1993),4.9681973
438,Santa with Muscles (1996),4.944882
438,Raiders of the Lost Ark (1981),4.8596354
438,Visitors  The (Visiteurs  Les) (1993),4.846542
438,Love in the Afternoon (1957),4.8371053
438,Star Kid (1997),4.824222
438,Star Wars (1977),4.777938
439,Some Mother's Son (1996),4.9310966
439,Pather Panchali (1955),4.880882
439,Anna (1996),4.839322
439,Spanish Prisoner  The (1997),4.757388
439,Butcher Boy  The (1998),4.757388
439,Butcher Boy  The (1998),4.757388
439,Brothers in Trouble (1995),4.757388
439,Star Kid (1997),4.688637
439,Angel Baby (1995),4.6776032
439,Bitter Sugar (Azucar Amargo) (1996),4.663576
440,Stalker (1979),5.877242
440,Bitter Sugar (Azucar Amargo) (1996),5.7291775
440,Hugo Pool (1997),5.5836973
440,Slingshot  The (1993),5.578835
440,Some Mother's Son (1996),5.534019
440,American Dream (1990),5.5310802
440,N?nette et Boni (1996),5.520287
440,To Live (Huozhe) (1994),5.5086446
440,Love! Valour! Compassion! (1997),5.482089
440,Sum of Us  The (1994),5.42931
441,Golden Earrings (1947),4.7222404
441,Saint of Fort Washington  The (1993),4.6236076
441,Boys  Les (1997),4.4766917
441,8 Heads in a Duffel Bag (1997),4.4574356
441,Angel Baby (1995),4.402256
441,Shawshank Redemption  The (1994),4.371475
441,Raiders of the Lost Ark (1981),4.348303
441,Braveheart (1995),4.3415504
441,Schindler's List (1993),4.310125
441,Santa with Muscles (1996),4.286745
442,Boys  Les (1997),4.625137
442,Saint of Fort Washington  The (1993),4.4391103
442,Mina Tannenbaum (1994),4.2804294
442,In the Line of Duty 2 (1987),4.2398214
442,Santa with Muscles (1996),4.2241488
442,Paradise Lost: The Child Murders at Robin Hood Hills (1996),4.202962
442,Spanish Prisoner  The (1997),4.048029
442,Butcher Boy  The (1998),4.048029
442,Butcher Boy  The (1998),4.048029
442,Brothers in Trouble (1995),4.048029
443,Hurricane Streets (1998),5.0307446
443,Golden Earrings (1947),4.8139453
443,Horseman on the Roof  The (Hussard sur le toit  Le) (1995),4.6440816
443,8 Heads in a Duffel Bag (1997),4.6315103
443,Saint of Fort Washington  The (1993),4.617217
443,Star Kid (1997),4.6136556
443,Shawshank Redemption  The (1994),4.536467
443,Titanic (1997),4.527813
443,Schindler's List (1993),4.5271287
443,Pather Panchali (1955),4.468614
444,Angel Baby (1995),5.85075
444,Boys  Les (1997),5.6844044
444,Pather Panchali (1955),5.150221
444,Saint of Fort Washington  The (1993),4.9527454
444,Anna (1996),4.909341
444,Schindler's List (1993),4.8246303
444,The Deadly Cure (1996),4.7959304
444,World of Apu  The (Apur Sansar) (1959),4.792259
444,Spanish Prisoner  The (1997),4.7895226
444,Butcher Boy  The (1998),4.7895226
445,Angel Baby (1995),3.5122242
445,Boys  Les (1997),3.402241
445,World of Apu  The (Apur Sansar) (1959),3.3620174
445,The Deadly Cure (1996),3.0720396
445,Pather Panchali (1955),3.001708
445,8 Heads in a Duffel Bag (1997),2.9566033
445,Little Princess  The (1939),2.8300292
445,Anna (1996),2.8234072
445,Apostle  The (1997),2.8215232
445,Women  The (1939),2.787374
446,Angel Baby (1995),4.3387504
446,Boys  Les (1997),3.9665356
446,Pather Panchali (1955),3.8206441
446,Santa with Muscles (1996),3.7668066
446,Someone Else's America (1995),3.749879
446,Schindler's List (1993),3.7364123
446,Saint of Fort Washington  The (1993),3.7208078
446,Anna (1996),3.709095
446,Casablanca (1942),3.7002409
446,Great Day in Harlem  A (1994),3.700152
447,Boys  Les (1997),5.1378736
447,Saint of Fort Washington  The (1993),4.9475336
447,Santa with Muscles (1996),4.850818
447,Angel Baby (1995),4.6346707
447,Pather Panchali (1955),4.6189785
447,Spanish Prisoner  The (1997),4.5823145
447,Butcher Boy  The (1998),4.5823145
447,Butcher Boy  The (1998),4.5823145
447,Brothers in Trouble (1995),4.5823145
447,Star Kid (1997),4.5807214
448,Boy's Life 2 (1997),5.2606544
448,Boys  Les (1997),5.2233615
448,Aiqing wansui (1994),5.1404257
448,Angel Baby (1995),5.111202
448,Aparajito (1956),5.0825534
448,World of Apu  The (Apur Sansar) (1959),4.79552
448,Kaspar Hauser (1993),4.743253
448,Faust (1994),4.7317038
448,Grosse Fatigue (1994),4.71228
448,Fille seule  La (A Single Girl) (1995),4.6693563
449,Bitter Sugar (Azucar Amargo) (1996),5.1677895
449,Boy's Life 2 (1997),5.157017
449,American Dream (1990),5.10542
449,Some Mother's Son (1996),5.0825944
449,Pather Panchali (1955),4.9699106
449,Aparajito (1956),4.9259963
449,The Deadly Cure (1996),4.9074926
449,Anna (1996),4.881775
449,Kaspar Hauser (1993),4.851044
449,Aiqing wansui (1994),4.830003
450,Pather Panchali (1955),4.9995275
450,Angel Baby (1995),4.9843197
450,Saint of Fort Washington  The (1993),4.971695
450,Star Kid (1997),4.92521
450,Anna (1996),4.9170704
450,Some Mother's Son (1996),4.8755193
450,Spanish Prisoner  The (1997),4.864884
450,Butcher Boy  The (1998),4.864884
450,Butcher Boy  The (1998),4.864884
450,Brothers in Trouble (1995),4.864884
451,Harlem (1993),5.574174
451,Winter Guest  The (1997),5.088248
451,Ayn Rand: A Sense of Life (1997),4.9560313
451,Wild Things (1998),4.7549195
451,Killer (Bulletproof Heart) (1994),4.631827
451,Man in the Iron Mask  The (1998),4.563573
451,Prophecy  The (1995),4.4584355
451,Saint of Fort Washington  The (1993),4.456799
451,Leading Man  The (1996),4.3616586
451,Santa with Muscles (1996),4.29749
452,Angel Baby (1995),5.0575533
452,Boys  Les (1997),4.7868752
452,Pather Panchali (1955),4.194888
452,Santa with Muscles (1996),4.1910367
452,Saint of Fort Washington  The (1993),4.1588655
452,Star Wars (1977),4.1348634
452,Schindler's List (1993),4.1321907
452,Great Day in Harlem  A (1994),4.1251655
452,Casablanca (1942),4.1111317
452,Raiders of the Lost Ark (1981),4.098642
453,Boys  Les (1997),4.931196
453,Saint of Fort Washington  The (1993),4.7505774
453,Santa with Muscles (1996),4.491174
453,Mina Tannenbaum (1994),4.461216
453,Spanish Prisoner  The (1997),4.4357734
453,Butcher Boy  The (1998),4.4357734
453,Butcher Boy  The (1998),4.4357734
453,Brothers in Trouble (1995),4.4357734
453,Pather Panchali (1955),4.427993
453,Paradise Lost: The Child Murders at Robin Hood Hills (1996),4.418515
454,Golden Earrings (1947),3.8841603
454,Hurricane Streets (1998),3.7214146
454,Horseman on the Roof  The (Hussard sur le toit  Le) (1995),3.61849
454,Titanic (1997),3.6150048
454,Saint of Fort Washington  The (1993),3.6087794
454,8 Heads in a Duffel Bag (1997),3.5667
454,Visitors  The (Visiteurs  Les) (1993),3.5656343
454,Shawshank Redemption  The (1994),3.535204
454,Raiders of the Lost Ark (1981),3.525267
454,Braveheart (1995),3.5247805
455,Angel Baby (1995),4.5137205
455,Saint of Fort Washington  The (1993),4.4512677
455,Santa with Muscles (1996),4.4243937
455,Pather Panchali (1955),4.39283
455,Boys  Les (1997),4.3792143
455,Star Kid (1997),4.330988
455,Anna (1996),4.289381
455,Spanish Prisoner  The (1997),4.2645726
455,Butcher Boy  The (1998),4.2645726
455,Butcher Boy  The (1998),4.2645726
456,Boys  Les (1997),4.626381
456,Pather Panchali (1955),4.624306
456,Some Mother's Son (1996),4.5765133
456,Spanish Prisoner  The (1997),4.526412
456,Butcher Boy  The (1998),4.526412
456,Butcher Boy  The (1998),4.526412
456,Brothers in Trouble (1995),4.526412
456,Anna (1996),4.4892235
456,Angel Baby (1995),4.4836016
456,Saint of Fort Washington  The (1993),4.4530163
457,Angel Baby (1995),5.772298
457,Boys  Les (1997),5.7451234
457,Saint of Fort Washington  The (1993),5.4526377
457,Pather Panchali (1955),5.429998
457,Santa with Muscles (1996),5.3704495
457,Anna (1996),5.250844
457,Spanish Prisoner  The (1997),5.2144055
457,Butcher Boy  The (1998),5.2144055
457,Butcher Boy  The (1998),5.2144055
457,Brothers in Trouble (1995),5.2144055
458,Boys  Les (1997),5.0284657
458,Angel Baby (1995),4.963476
458,Pather Panchali (1955),4.7370553
458,Faust (1994),4.6934357
458,Aiqing wansui (1994),4.680308
458,Santa with Muscles (1996),4.664388
458,Boy's Life 2 (1997),4.6475053
458,Anna (1996),4.611904
458,Some Mother's Son (1996),4.5517116
458,Spanish Prisoner  The (1997),4.538305
459,Golden Earrings (1947),4.5464215
459,Hurricane Streets (1998),4.413651
459,Titanic (1997),4.391343
459,Visitors  The (Visiteurs  Les) (1993),4.3878794
459,Horseman on the Roof  The (Hussard sur le toit  Le) (1995),4.379053
459,Ayn Rand: A Sense of Life (1997),4.3494387
459,Rough Magic (1995),4.2769895
459,Saint of Fort Washington  The (1993),4.200157
459,Love in the Afternoon (1957),4.1864023
459,Raiders of the Lost Ark (1981),4.155377
460,Angel Baby (1995),4.859724
460,The Deadly Cure (1996),4.716143
460,World of Apu  The (Apur Sansar) (1959),4.643889
460,Year of the Horse (1997),4.640519
460,Pather Panchali (1955),4.593962
460,Some Mother's Son (1996),4.59081
460,Anna (1996),4.493266
460,Bitter Sugar (Azucar Amargo) (1996),4.427969
460,Aparajito (1956),4.408763
460,N?nette et Boni (1996),4.3809834
461,Angel Baby (1995),4.799975
461,World of Apu  The (Apur Sansar) (1959),4.63856
461,The Deadly Cure (1996),4.5812573
461,Year of the Horse (1997),4.5520425
461,Pather Panchali (1955),4.455496
461,8 Heads in a Duffel Bag (1997),4.454069
461,Some Mother's Son (1996),4.374845
461,Incognito (1997),4.353342
461,Anna (1996),4.306177
461,Boys  Les (1997),4.2327886
462,Horseman on the Roof  The (Hussard sur le toit  Le) (1995),5.554768
462,Titanic (1997),5.3234353
462,Santa with Muscles (1996),5.317261
462,Whole Wide World  The (1996),5.2803373
462,Visitors  The (Visiteurs  Les) (1993),5.258991
462,Boys of St. Vincent  The (1993),5.255473
462,Rough Magic (1995),5.2071958
462,Love in the Afternoon (1957),5.140651
462,Wrong Trousers  The (1993),5.125414
462,Great Day in Harlem  A (1994),5.064221
463,Whole Wide World  The (1996),4.60069
463,Two or Three Things I Know About Her (1966),4.445537
463,Close Shave  A (1995),4.351936
463,Santa with Muscles (1996),4.2902975
463,Wrong Trousers  The (1993),4.285752
463,N?nette et Boni (1996),4.2668633
463,Story of Xinghua  The (1993),4.2662325
463,Wallace & Gromit: The Best of Aardman Animation (1996),4.2573256
463,Faust (1994),4.21055
463,Crooklyn (1994),4.196414
464,Santa with Muscles (1996),5.310385
464,Pather Panchali (1955),5.2725763
464,Saint of Fort Washington  The (1993),5.246775
464,Star Kid (1997),5.222314
464,Anna (1996),5.1909904
464,Spanish Prisoner  The (1997),5.1889453
464,Butcher Boy  The (1998),5.1889453
464,Butcher Boy  The (1998),5.1889453
464,Brothers in Trouble (1995),5.1889453
464,Some Mother's Son (1996),5.1648927
465,Pather Panchali (1955),4.146764
465,Some Mother's Son (1996),4.093589
465,Angel Baby (1995),4.091502
465,Anna (1996),4.0912046
465,Santa with Muscles (1996),4.054455
465,Spanish Prisoner  The (1997),4.0364485
465,Butcher Boy  The (1998),4.0364485
465,Butcher Boy  The (1998),4.0364485
465,Brothers in Trouble (1995),4.0364485
465,Star Kid (1997),4.0285516
466,8 Heads in a Duffel Bag (1997),4.63089
466,Saint of Fort Washington  The (1993),4.5599856
466,Golden Earrings (1947),4.3991146
466,Love and Death on Long Island (1997),4.2949934
466,Winter Guest  The (1997),4.2897506
466,Spanish Prisoner  The (1997),4.268268
466,Butcher Boy  The (1998),4.268268
466,Butcher Boy  The (1998),4.268268
466,Brothers in Trouble (1995),4.268268
466,Pather Panchali (1955),4.2524357
467,Boys  Les (1997),4.940198
467,Santa with Muscles (1996),4.800658
467,Faust (1994),4.7243133
467,Saint of Fort Washington  The (1993),4.590752
467,Mina Tannenbaum (1994),4.5796456
467,Pather Panchali (1955),4.5546913
467,Maya Lin: A Strong Clear Vision (1994),4.5488
467,Aiqing wansui (1994),4.540254
467,Wallace & Gromit: The Best of Aardman Animation (1996),4.535931
467,Spanish Prisoner  The (1997),4.516962
468,Boys  Les (1997),5.724439
468,Angel Baby (1995),5.662883
468,Pather Panchali (1955),5.1297436
468,Saint of Fort Washington  The (1993),5.050667
468,Santa with Muscles (1996),4.9352922
468,Anna (1996),4.9131722
468,Spanish Prisoner  The (1997),4.8545012
468,Butcher Boy  The (1998),4.8545012
468,Butcher Boy  The (1998),4.8545012
468,Brothers in Trouble (1995),4.8545012
469,Angel Baby (1995),6.118079
469,Boys  Les (1997),5.622896
469,Pather Panchali (1955),5.4013724
469,The Deadly Cure (1996),5.2494893
469,Anna (1996),5.2153387
469,World of Apu  The (Apur Sansar) (1959),5.198188
469,Some Mother's Son (1996),5.123492
469,Someone Else's America (1995),5.1219306
469,In the Bleak Midwinter (1995),5.0553174
469,Spanish Prisoner  The (1997),4.9669204
470,Saint of Fort Washington  The (1993),4.7425117
470,Boys  Les (1997),4.570479
470,Pather Panchali (1955),4.567819
470,Spanish Prisoner  The (1997),4.5418186
470,Butcher Boy  The (1998),4.5418186
470,Butcher Boy  The (1998),4.5418186
470,Brothers in Trouble (1995),4.5418186
470,Star Kid (1997),4.4734364
470,Santa with Muscles (1996),4.4663134
470,Some Mother's Son (1996),4.4411535
471,Hurricane Streets (1998),6.283587
471,Sum of Us  The (1994),5.950584
471,Doom Generation  The (1995),5.512405
471,Hugo Pool (1997),5.4719973
471,Total Eclipse (1995),5.4616046
471,Love! Valour! Compassion! (1997),5.311073
471,Visitors  The (Visiteurs  Les) (1993),5.3097887
471,Rough Magic (1995),5.231928
471,Rendezvous in Paris (Rendez-vous de Paris  Les) (1995),5.208192
471,N?nette et Boni (1996),5.199531
472,Saint of Fort Washington  The (1993),5.741276
472,Winter Guest  The (1997),5.7293067
472,Santa with Muscles (1996),5.689171
472,Star Kid (1997),5.6604376
472,Slingshot  The (1993),5.5044107
472,Horseman on the Roof  The (Hussard sur le toit  Le) (1995),5.4683056
472,Spanish Prisoner  The (1997),5.456426
472,Butcher Boy  The (1998),5.456426
472,Butcher Boy  The (1998),5.456426
472,Brothers in Trouble (1995),5.456426
473,Angel Baby (1995),5.0242367
473,Boys  Les (1997),5.013919
473,Pather Panchali (1955),4.7906175
473,Santa with Muscles (1996),4.7493877
473,Anna (1996),4.6613207
473,Saint of Fort Washington  The (1993),4.6353245
473,Spanish Prisoner  The (1997),4.6017165
473,Butcher Boy  The (1998),4.6017165
473,Butcher Boy  The (1998),4.6017165
473,Brothers in Trouble (1995),4.6017165
474,Angel Baby (1995),5.49602
474,Boys  Les (1997),5.488413
474,Pather Panchali (1955),5.100174
474,Saint of Fort Washington  The (1993),5.0683475
474,Santa with Muscles (1996),5.0021033
474,Anna (1996),4.919541
474,Spanish Prisoner  The (1997),4.870298
474,Butcher Boy  The (1998),4.870298
474,Butcher Boy  The (1998),4.870298
474,Brothers in Trouble (1995),4.870298
475,Love and Death on Long Island (1997),5.7007217
475,8 Heads in a Duffel Bag (1997),5.235872
475,In the Line of Duty 2 (1987),5.1398134
475,Bad Taste (1987),4.943411
475,Winter Guest  The (1997),4.761861
475,Big Lebowski  The (1998),4.70121
475,Paradise Lost: The Child Murders at Robin Hood Hills (1996),4.69913
475,World of Apu  The (Apur Sansar) (1959),4.6985054
475,Boys  Les (1997),4.6892786
475,Brother Minister: The Assassination of Malcolm X (1994),4.6377215
476,Boys  Les (1997),4.9913635
476,Saint of Fort Washington  The (1993),4.8880463
476,Santa with Muscles (1996),4.787092
476,Angel Baby (1995),4.599959
476,Pather Panchali (1955),4.535076
476,Star Kid (1997),4.531955
476,Spanish Prisoner  The (1997),4.4857907
476,Butcher Boy  The (1998),4.4857907
476,Butcher Boy  The (1998),4.4857907
476,Brothers in Trouble (1995),4.4857907
477,Hurricane Streets (1998),6.2096243
477,Star Kid (1997),5.691209
477,Some Mother's Son (1996),5.657626
477,Horseman on the Roof  The (Hussard sur le toit  Le) (1995),5.5878286
477,Saint of Fort Washington  The (1993),5.573994
477,Spanish Prisoner  The (1997),5.563818
477,Butcher Boy  The (1998),5.563818
477,Butcher Boy  The (1998),5.563818
477,Brothers in Trouble (1995),5.563818
477,Golden Earrings (1947),5.518728
478,Angel Baby (1995),5.368133
478,Boys  Les (1997),5.336585
478,World of Apu  The (Apur Sansar) (1959),4.942879
478,Pather Panchali (1955),4.7534723
478,8 Heads in a Duffel Bag (1997),4.697837
478,The Deadly Cure (1996),4.65993
478,Saint of Fort Washington  The (1993),4.548814
478,Anna (1996),4.486663
478,One Flew Over the Cuckoo's Nest (1975),4.420118
478,Spanish Prisoner  The (1997),4.4165874
479,Boys  Les (1997),5.125783
479,Angel Baby (1995),4.932073
479,Santa with Muscles (1996),4.6512556
479,Saint of Fort Washington  The (1993),4.5124035
479,Faust (1994),4.506592
479,Pather Panchali (1955),4.3996406
479,Star Wars (1977),4.3728623
479,Close Shave  A (1995),4.3665857
479,Wrong Trousers  The (1993),4.344401
479,They Made Me a Criminal (1939),4.2886014
480,Angel Baby (1995),5.1467557
480,Boys  Les (1997),4.7799664
480,Pather Panchali (1955),4.417194
480,Close Shave  A (1995),4.399505
480,Faust (1994),4.373023
480,N?nette et Boni (1996),4.3539248
480,In the Bleak Midwinter (1995),4.3286214
480,Santa with Muscles (1996),4.2911997
480,Anna (1996),4.287839
480,Someone Else's America (1995),4.2642756
481,Angel Baby (1995),5.063054
481,Santa with Muscles (1996),4.759918
481,Pather Panchali (1955),4.732758
481,Boys  Les (1997),4.6833563
481,Anna (1996),4.638685
481,Close Shave  A (1995),4.637361
481,Saint of Fort Washington  The (1993),4.6303277
481,Horseman on the Roof  The (Hussard sur le toit  Le) (1995),4.6250057
481,Star Kid (1997),4.6232495
481,They Made Me a Criminal (1939),4.606394
482,Hurricane Streets (1998),4.7870464
482,Horseman on the Roof  The (Hussard sur le toit  Le) (1995),4.3882747
482,Golden Earrings (1947),4.3767047
482,Star Kid (1997),4.2874966
482,Titanic (1997),4.259785
482,Saint of Fort Washington  The (1993),4.231675
482,Sum of Us  The (1994),4.1800303
482,Santa with Muscles (1996),4.1621957
482,Leading Man  The (1996),4.1305127
482,Rough Magic (1995),4.115186
483,Whole Wide World  The (1996),4.123609
483,Horseman on the Roof  The (Hussard sur le toit  Le) (1995),4.0697703
483,N?nette et Boni (1996),3.9782352
483,Great Day in Harlem  A (1994),3.9476929
483,Santa with Muscles (1996),3.9469314
483,Close Shave  A (1995),3.9381783
483,Boys of St. Vincent  The (1993),3.9132733
483,Wrong Trousers  The (1993),3.9007318
483,Sum of Us  The (1994),3.7526758
483,Titanic (1997),3.7392335
484,Santa with Muscles (1996),5.051909
484,Saint of Fort Washington  The (1993),4.9579287
484,Horseman on the Roof  The (Hussard sur le toit  Le) (1995),4.944378
484,Angel Baby (1995),4.922589
484,Star Wars (1977),4.888064
484,Titanic (1997),4.8790665
484,Raiders of the Lost Ark (1981),4.8700705
484,Golden Earrings (1947),4.835208
484,Love in the Afternoon (1957),4.816863
484,Boys  Les (1997),4.7823133
485,American Dream (1990),4.456848
485,Little City (1998),4.4523635
485,Kaspar Hauser (1993),4.320535
485,Tough and Deadly (1995),4.3149595
485,Boy's Life 2 (1997),4.3098035
485,Sweet Hereafter  The (1997),4.30682
485,Two or Three Things I Know About Her (1966),4.280363
485,Aiqing wansui (1994),4.2793283
485,Wallace & Gromit: The Best of Aardman Animation (1996),4.275883
485,Santa with Muscles (1996),4.2714114
486,Boys  Les (1997),4.820718
486,Angel Baby (1995),4.632845
486,Santa with Muscles (1996),4.5252476
486,Pather Panchali (1955),4.52206
486,Faust (1994),4.486701
486,Aiqing wansui (1994),4.41636
486,Anna (1996),4.3993983
486,Spanish Prisoner  The (1997),4.382899
486,Butcher Boy  The (1998),4.382899
486,Butcher Boy  The (1998),4.382899
487,Santa with Muscles (1996),4.9481683
487,Saint of Fort Washington  The (1993),4.9330974
487,Boys  Les (1997),4.833367
487,Star Wars (1977),4.7154875
487,Raiders of the Lost Ark (1981),4.6357684
487,Titanic (1997),4.621562
487,Star Kid (1997),4.6035204
487,Horseman on the Roof  The (Hussard sur le toit  Le) (1995),4.5714865
487,Empire Strikes Back  The (1980),4.5685625
487,Wrong Trousers  The (1993),4.5504017
488,Golden Earrings (1947),4.200979
488,Saint of Fort Washington  The (1993),4.0975337
488,Raiders of the Lost Ark (1981),4.033951
488,Santa with Muscles (1996),4.0241404
488,Titanic (1997),4.0193405
488,Love in the Afternoon (1957),3.9789813
488,Star Wars (1977),3.9729743
488,Horseman on the Roof  The (Hussard sur le toit  Le) (1995),3.9538844
488,Braveheart (1995),3.9281468
488,Shawshank Redemption  The (1994),3.9067726
489,8 Heads in a Duffel Bag (1997),6.1312304
489,Golden Earrings (1947),5.967898
489,Saint of Fort Washington  The (1993),5.509121
489,Hurricane Streets (1998),5.24445
489,Braveheart (1995),5.236178
489,Shawshank Redemption  The (1994),5.2091346
489,Legal Deceit (1997),5.182995
489,Selena (1997),5.117699
489,8 Seconds (1994),5.0892406
489,Schindler's List (1993),5.0650196
490,Mina Tannenbaum (1994),4.692997
490,Boys  Les (1997),4.546452
490,Fear of a Black Hat (1993),4.3021774
490,Faust (1994),4.115105
490,Paradise Lost: The Child Murders at Robin Hood Hills (1996),4.1085486
490,In the Line of Duty 2 (1987),4.098457
490,Bitter Moon (1992),4.0230656
490,Santa with Muscles (1996),3.9909873
490,Braindead (1992),3.8930528
490,Maya Lin: A Strong Clear Vision (1994),3.8823962
491,Santa with Muscles (1996),4.9502306
491,Close Shave  A (1995),4.8766403
491,Angel Baby (1995),4.860772
491,Faust (1994),4.820968
491,Wrong Trousers  The (1993),4.7971015
491,Whole Wide World  The (1996),4.743238
491,Boys  Les (1997),4.7123346
491,Wallace & Gromit: The Best of Aardman Animation (1996),4.6947937
491,Great Day in Harlem  A (1994),4.6787887
491,Horseman on the Roof  The (Hussard sur le toit  Le) (1995),4.646199
492,Boys  Les (1997),4.7721543
492,Angel Baby (1995),4.500758
492,Santa with Muscles (1996),4.2495723
492,Saint of Fort Washington  The (1993),4.188862
492,Pather Panchali (1955),4.1476665
492,Faust (1994),4.1460733
492,Spanish Prisoner  The (1997),3.9821208
492,Butcher Boy  The (1998),3.9821208
492,Butcher Boy  The (1998),3.9821208
492,Brothers in Trouble (1995),3.9821208
493,Boys  Les (1997),5.12493
493,Saint of Fort Washington  The (1993),5.008433
493,Santa with Muscles (1996),4.8228054
493,Angel Baby (1995),4.8064356
493,Golden Earrings (1947),4.795071
493,Star Wars (1977),4.721805
493,Raiders of the Lost Ark (1981),4.7203183
493,Shawshank Redemption  The (1994),4.61455
493,Empire Strikes Back  The (1980),4.614134
493,Titanic (1997),4.573967
494,Boys  Les (1997),5.1923113
494,Angel Baby (1995),4.985504
494,Saint of Fort Washington  The (1993),4.9848275
494,Golden Earrings (1947),4.861931
494,8 Heads in a Duffel Bag (1997),4.6800246
494,Shawshank Redemption  The (1994),4.650813
494,Pather Panchali (1955),4.6073284
494,Schindler's List (1993),4.5992274
494,Santa with Muscles (1996),4.591575
494,Raiders of the Lost Ark (1981),4.572163
495,Saint of Fort Washington  The (1993),5.4105544
495,Santa with Muscles (1996),5.367663
495,Star Kid (1997),5.168998
495,Spanish Prisoner  The (1997),5.0203934
495,Butcher Boy  The (1998),5.0203934
495,Butcher Boy  The (1998),5.0203934
495,Brothers in Trouble (1995),5.0203934
495,Horseman on the Roof  The (Hussard sur le toit  Le) (1995),4.9549146
495,Titanic (1997),4.948285
495,Wrong Trousers  The (1993),4.9139333
496,In the Line of Duty 2 (1987),4.8468904
496,Mina Tannenbaum (1994),4.771931
496,Love and Death on Long Island (1997),4.6596446
496,Paradise Lost: The Child Murders at Robin Hood Hills (1996),4.651851
496,Boys  Les (1997),4.5133867
496,Saint of Fort Washington  The (1993),4.390597
496,Brother Minister: The Assassination of Malcolm X (1994),4.339463
496,Winter Guest  The (1997),4.3358097
496,Bitter Moon (1992),4.332273
496,Braindead (1992),4.30529
497,Saint of Fort Washington  The (1993),4.480985
497,Santa with Muscles (1996),4.3504734
497,Star Kid (1997),4.255771
497,Spanish Prisoner  The (1997),4.1854587
497,Butcher Boy  The (1998),4.1854587
497,Butcher Boy  The (1998),4.1854587
497,Brothers in Trouble (1995),4.1854587
497,Winter Guest  The (1997),4.143684
497,Pather Panchali (1955),4.0268183
497,Shawshank Redemption  The (1994),4.007168
498,Boys  Les (1997),4.7802677
498,Angel Baby (1995),4.341882
498,Faust (1994),4.173762
498,Aiqing wansui (1994),4.169492
498,Boy's Life 2 (1997),4.1450715
498,Mina Tannenbaum (1994),4.107226
498,Pather Panchali (1955),4.062385
498,Santa with Muscles (1996),4.0442305
498,Maya Lin: A Strong Clear Vision (1994),3.974795
498,Kaspar Hauser (1993),3.9249473
499,Some Mother's Son (1996),4.874828
499,Pather Panchali (1955),4.8321633
499,N?nette et Boni (1996),4.802138
499,Anna (1996),4.793411
499,Angel Baby (1995),4.7551627
499,Spanish Prisoner  The (1997),4.648542
499,Butcher Boy  The (1998),4.648542
499,Butcher Boy  The (1998),4.648542
499,Brothers in Trouble (1995),4.648542
499,Someone Else's America (1995),4.6096144
500,Some Mother's Son (1996),4.6010175
500,Spanish Prisoner  The (1997),4.570595
500,Butcher Boy  The (1998),4.570595
500,Butcher Boy  The (1998),4.570595
500,Brothers in Trouble (1995),4.570595
500,Pather Panchali (1955),4.558153
500,Saint of Fort Washington  The (1993),4.4854116
500,American Dream (1990),4.4839964
500,Anna (1996),4.471768
500,Love and Death on Long Island (1997),4.4233155
501,Saint of Fort Washington  The (1993),5.2043266
501,Love and Death on Long Island (1997),5.10174
501,Spanish Prisoner  The (1997),4.996388
501,Butcher Boy  The (1998),4.996388
501,Butcher Boy  The (1998),4.996388
501,Brothers in Trouble (1995),4.996388
501,Boys  Les (1997),4.979629
501,Mina Tannenbaum (1994),4.950518
501,Winter Guest  The (1997),4.9267488
501,Paradise Lost: The Child Murders at Robin Hood Hills (1996),4.9118643
502,Winter Guest  The (1997),5.2051616
502,Harlem (1993),4.7180495
502,Golden Earrings (1947),4.525133
502,Ayn Rand: A Sense of Life (1997),4.523502
502,In the Line of Duty 2 (1987),4.478403
502,Happy Gilmore (1996),4.3497705
502,8 Seconds (1994),4.349408
502,Saint of Fort Washington  The (1993),4.3376503
502,Daniel Defoe's Robinson Crusoe (1996),4.295495
502,Leading Man  The (1996),4.275419
503,Angel Baby (1995),6.085201
503,Boys  Les (1997),5.8114324
503,Faust (1994),5.0961967
503,Close Shave  A (1995),5.058561
503,Pather Panchali (1955),5.0465846
503,Santa with Muscles (1996),5.0280185
503,Great Day in Harlem  A (1994),4.9598455
503,In the Bleak Midwinter (1995),4.8872976
503,Casablanca (1942),4.8819003
503,Someone Else's America (1995),4.859098
504,Hurricane Streets (1998),4.8045464
504,Saint of Fort Washington  The (1993),4.729923
504,Star Kid (1997),4.720282
504,Some Mother's Son (1996),4.6256623
504,Spanish Prisoner  The (1997),4.623314
504,Butcher Boy  The (1998),4.623314
504,Butcher Boy  The (1998),4.623314
504,Brothers in Trouble (1995),4.623314
504,Pather Panchali (1955),4.605143
504,Golden Earrings (1947),4.603762
505,8 Heads in a Duffel Bag (1997),4.722221
505,Golden Earrings (1947),4.5834026
505,Hurricane Streets (1998),4.4580965
505,Selena (1997),4.2977777
505,It's a Wonderful Life (1946),4.0299096
505,Visitors  The (Visiteurs  Les) (1993),4.016352
505,Old Lady Who Walked in the Sea  The (Vieille qui marchait dans la mer  La) (1991),3.9986587
505,Braveheart (1995),3.9967115
505,Schindler's List (1993),3.9733942
505,Affair to Remember  An (1957),3.9446824
506,Boys  Les (1997),5.3753242
506,Angel Baby (1995),5.3512135
506,Saint of Fort Washington  The (1993),4.903864
506,Golden Earrings (1947),4.8859625
506,Raiders of the Lost Ark (1981),4.764194
506,Star Wars (1977),4.7132893
506,Santa with Muscles (1996),4.687734
506,Schindler's List (1993),4.664672
506,Shawshank Redemption  The (1994),4.6574388
506,Braveheart (1995),4.638483
507,Hurricane Streets (1998),6.73303
507,Golden Earrings (1947),6.603711
507,8 Heads in a Duffel Bag (1997),6.3802967
507,Doom Generation  The (1995),5.8967223
507,Saint of Fort Washington  The (1993),5.817349
507,Ayn Rand: A Sense of Life (1997),5.8138466
507,Titanic (1997),5.7775054
507,Leading Man  The (1996),5.762829
507,Braveheart (1995),5.736702
507,Visitors  The (Visiteurs  Les) (1993),5.6742635
508,Angel Baby (1995),5.599489
508,Boys  Les (1997),5.3296514
508,Pather Panchali (1955),5.0676446
508,Anna (1996),4.9104075
508,The Deadly Cure (1996),4.8436146
508,Some Mother's Son (1996),4.842105
508,Boy's Life 2 (1997),4.835838
508,Aiqing wansui (1994),4.80955
508,Aparajito (1956),4.785263
508,World of Apu  The (Apur Sansar) (1959),4.731199
509,Boys  Les (1997),4.944084
509,Saint of Fort Washington  The (1993),4.211571
509,Mina Tannenbaum (1994),4.1776404
509,In the Line of Duty 2 (1987),4.1127553
509,Santa with Muscles (1996),4.1075115
509,Paradise Lost: The Child Murders at Robin Hood Hills (1996),4.0163374
509,Faust (1994),3.9565885
509,Angel Baby (1995),3.8722136
509,Star Wars (1977),3.8118749
509,Wonderful  Horrible Life of Leni Riefenstahl  The (1993),3.8074486
510,Visitors  The (Visiteurs  Les) (1993),4.3939805
510,Horseman on the Roof  The (Hussard sur le toit  Le) (1995),4.2802014
510,Titanic (1997),4.270449
510,Love in the Afternoon (1957),4.270222
510,Golden Earrings (1947),4.207827
510,Raiders of the Lost Ark (1981),4.114888
510,Rough Magic (1995),4.114507
510,Ayn Rand: A Sense of Life (1997),4.112578
510,Santa with Muscles (1996),4.100819
510,Star Wars (1977),4.044226
511,Little City (1998),5.7995095
511,Santa with Muscles (1996),5.476532
511,Stalker (1979),5.412852
511,Tough and Deadly (1995),5.3553987
511,Wallace & Gromit: The Best of Aardman Animation (1996),5.342211
511,American Dream (1990),5.292769
511,Pillow Book  The (1995),5.2899804
511,Nico Icon (1995),5.256335
511,Star Kid (1997),5.188729
511,Slingshot  The (1993),5.17768
512,Boys  Les (1997),5.2845416
512,Pather Panchali (1955),5.2738914
512,Angel Baby (1995),5.2505436
512,Saint of Fort Washington  The (1993),5.243842
512,Spanish Prisoner  The (1997),5.13899
512,Butcher Boy  The (1998),5.13899
512,Butcher Boy  The (1998),5.13899
512,Brothers in Trouble (1995),5.13899
512,Some Mother's Son (1996),5.1246986
512,Anna (1996),5.1028395
513,Golden Earrings (1947),5.75937
513,Hurricane Streets (1998),5.61875
513,Visitors  The (Visiteurs  Les) (1993),5.448346
513,8 Heads in a Duffel Bag (1997),5.4114423
513,Selena (1997),5.17394
513,Titanic (1997),5.1687536
513,Horseman on the Roof  The (Hussard sur le toit  Le) (1995),5.1465836
513,Braveheart (1995),5.126649
513,Prefontaine (1997),5.0655084
513,Affair to Remember  An (1957),5.0621796
514,Saint of Fort Washington  The (1993),4.8539386
514,Santa with Muscles (1996),4.853386
514,Star Kid (1997),4.7014384
514,Pather Panchali (1955),4.65683
514,Spanish Prisoner  The (1997),4.6342745
514,Butcher Boy  The (1998),4.6342745
514,Butcher Boy  The (1998),4.6342745
514,Brothers in Trouble (1995),4.6342745
514,Boys  Les (1997),4.6323295
514,Anna (1996),4.561674
515,Winter Guest  The (1997),4.558167
515,Hurricane Streets (1998),4.0733967
515,Frisk (1995),4.0596724
515,Leading Man  The (1996),4.052347
515,Saint of Fort Washington  The (1993),4.0103316
515,Harlem (1993),3.988931
515,Ayn Rand: A Sense of Life (1997),3.9540882
515,Killer (Bulletproof Heart) (1994),3.9218674
515,Golden Earrings (1947),3.8690434
515,Slingshot  The (1993),3.8578815
516,Some Mother's Son (1996),5.203703
516,N?nette et Boni (1996),5.053367
516,Bitter Sugar (Azucar Amargo) (1996),5.0503073
516,Anna (1996),5.0407095
516,Pather Panchali (1955),5.028778
516,Spanish Prisoner  The (1997),4.9416823
516,Butcher Boy  The (1998),4.9416823
516,Butcher Boy  The (1998),4.9416823
516,Brothers in Trouble (1995),4.9416823
516,American Dream (1990),4.9308057
517,Santa with Muscles (1996),5.0674114
517,Faust (1994),4.891827
517,Wrong Trousers  The (1993),4.7024417
517,Hearts and Minds (1996),4.659797
517,Wallace & Gromit: The Best of Aardman Animation (1996),4.646744
517,Boys  Les (1997),4.5874104
517,Flirt (1995),4.581285
517,Saint of Fort Washington  The (1993),4.5517445
517,Haunted World of Edward D. Wood Jr.  The (1995),4.5508013
517,Close Shave  A (1995),4.535286
518,Horseman on the Roof  The (Hussard sur le toit  Le) (1995),5.0355225
518,Hurricane Streets (1998),4.9640326
518,Star Kid (1997),4.890444
518,Santa with Muscles (1996),4.8681793
518,Golden Earrings (1947),4.8636537
518,Titanic (1997),4.844004
518,Saint of Fort Washington  The (1993),4.8364663
518,Whole Wide World  The (1996),4.7321796
518,Shawshank Redemption  The (1994),4.701906
518,Sum of Us  The (1994),4.6940155
519,Hurricane Streets (1998),6.8069935
519,Rendezvous in Paris (Rendez-vous de Paris  Les) (1995),6.3505635
519,Hugo Pool (1997),6.3368163
519,Slingshot  The (1993),6.178001
519,Stalker (1979),6.1676598
519,Bitter Sugar (Azucar Amargo) (1996),6.102009
519,Love! Valour! Compassion! (1997),6.076233
519,Year of the Horse (1997),5.951085
519,Love & Human Remains (1993),5.8943696
519,Sum of Us  The (1994),5.765755
520,N?nette et Boni (1996),5.816708
520,Angel Baby (1995),5.094699
520,Someone Else's America (1995),4.927538
520,In the Bleak Midwinter (1995),4.920026
520,Sum of Us  The (1994),4.9078774
520,Whole Wide World  The (1996),4.866531
520,So Dear to My Heart (1949),4.8535333
520,Hugo Pool (1997),4.838606
520,Rendezvous in Paris (Rendez-vous de Paris  Les) (1995),4.7823586
520,Anna (1996),4.6831493
521,Saint of Fort Washington  The (1993),4.2137733
521,Santa with Muscles (1996),4.10338
521,Boys  Les (1997),4.0738416
521,Star Kid (1997),3.8860996
521,Spanish Prisoner  The (1997),3.8584998
521,Butcher Boy  The (1998),3.8584998
521,Butcher Boy  The (1998),3.8584998
521,Brothers in Trouble (1995),3.8584998
521,Pather Panchali (1955),3.777693
521,Mina Tannenbaum (1994),3.7679489
522,Boys  Les (1997),6.3067203
522,Angel Baby (1995),5.579468
522,Faust (1994),5.105864
522,Mina Tannenbaum (1994),4.9605794
522,Santa with Muscles (1996),4.9474587
522,Saint of Fort Washington  The (1993),4.9138227
522,Paths of Glory (1957),4.903008
522,Aiqing wansui (1994),4.9026613
522,Pather Panchali (1955),4.8928666
522,When We Were Kings (1996),4.8109775
523,Hurricane Streets (1998),5.430399
523,Pather Panchali (1955),5.419274
523,Anna (1996),5.367992
523,Some Mother's Son (1996),5.366783
523,Star Kid (1997),5.3445735
523,N?nette et Boni (1996),5.3333817
523,Angel Baby (1995),5.3327003
523,Schindler's List (1993),5.283266
523,Saint of Fort Washington  The (1993),5.276559
523,Horseman on the Roof  The (Hussard sur le toit  Le) (1995),5.266058
524,Some Mother's Son (1996),4.624579
524,Spanish Prisoner  The (1997),4.5259094
524,Butcher Boy  The (1998),4.5259094
524,Butcher Boy  The (1998),4.5259094
524,Brothers in Trouble (1995),4.5259094
524,Pather Panchali (1955),4.5195255
524,Anna (1996),4.489351
524,Star Kid (1997),4.462279
524,Bitter Sugar (Azucar Amargo) (1996),4.4114537
524,Saint of Fort Washington  The (1993),4.393027
525,Santa with Muscles (1996),4.499365
525,Saint of Fort Washington  The (1993),4.427317
525,Star Kid (1997),4.4130025
525,Spanish Prisoner  The (1997),4.3650775
525,Butcher Boy  The (1998),4.3650775
525,Butcher Boy  The (1998),4.3650775
525,Brothers in Trouble (1995),4.3650775
525,Pather Panchali (1955),4.343639
525,Some Mother's Son (1996),4.3177123
525,Anna (1996),4.2997913
526,Angel Baby (1995),4.873853
526,Pather Panchali (1955),4.717931
526,Boys  Les (1997),4.6543913
526,Some Mother's Son (1996),4.6428103
526,Anna (1996),4.6241617
526,Boy's Life 2 (1997),4.6177464
526,Aiqing wansui (1994),4.543876
526,American Dream (1990),4.50888
526,Spanish Prisoner  The (1997),4.4929104
526,Butcher Boy  The (1998),4.4929104
527,Boys  Les (1997),5.6080885
527,Angel Baby (1995),5.195864
527,Saint of Fort Washington  The (1993),4.599744
527,Pather Panchali (1955),4.582409
527,Santa with Muscles (1996),4.5772095
527,Faust (1994),4.561872
527,Godfather  The (1972),4.3610716
527,Anna (1996),4.341133
527,Paths of Glory (1957),4.337884
527,Spanish Prisoner  The (1997),4.33417
528,Boys  Les (1997),5.1387553
528,Saint of Fort Washington  The (1993),4.9119067
528,Santa with Muscles (1996),4.9048247
528,Star Wars (1977),4.6491094
528,Empire Strikes Back  The (1980),4.504413
528,Raiders of the Lost Ark (1981),4.50049
528,Angel Baby (1995),4.4880843
528,Faust (1994),4.4862456
528,My Man Godfrey (1936),4.4813848
528,Star Kid (1997),4.436304
529,Saint of Fort Washington  The (1993),4.8212247
529,Star Kid (1997),4.761168
529,Santa with Muscles (1996),4.754553
529,Hurricane Streets (1998),4.735181
529,Horseman on the Roof  The (Hussard sur le toit  Le) (1995),4.690283
529,Titanic (1997),4.623591
529,Winter Guest  The (1997),4.581219
529,Leading Man  The (1996),4.57112
529,Spanish Prisoner  The (1997),4.5627513
529,Butcher Boy  The (1998),4.5627513
530,Hurricane Streets (1998),4.9736376
530,Some Mother's Son (1996),4.835464
530,Pather Panchali (1955),4.8079357
530,Anna (1996),4.767448
530,8 Heads in a Duffel Bag (1997),4.766444
530,Rendezvous in Paris (Rendez-vous de Paris  Les) (1995),4.759318
530,N?nette et Boni (1996),4.758146
530,Angel Baby (1995),4.683102
530,Someone Else's America (1995),4.655322
530,Spanish Prisoner  The (1997),4.650984
531,N?nette et Boni (1996),6.3801575
531,Sum of Us  The (1994),5.5844088
531,Whole Wide World  The (1996),5.5476184
531,Angel Baby (1995),5.3701353
531,So Dear to My Heart (1949),5.364903
531,Someone Else's America (1995),5.305908
531,Hugo Pool (1997),5.2194834
531,Horseman on the Roof  The (Hussard sur le toit  Le) (1995),5.189669
531,In the Bleak Midwinter (1995),5.175742
531,Great Day in Harlem  A (1994),5.175714
532,Saint of Fort Washington  The (1993),5.64656
532,Golden Earrings (1947),5.552041
532,Santa with Muscles (1996),5.3470755
532,Shawshank Redemption  The (1994),5.316521
532,Star Kid (1997),5.302097
532,Schindler's List (1993),5.2389994
532,Pather Panchali (1955),5.2366524
532,8 Heads in a Duffel Bag (1997),5.230514
532,Boys  Les (1997),5.202392
532,Spanish Prisoner  The (1997),5.1912246
533,Angel Baby (1995),4.502147
533,Golden Earrings (1947),4.356421
533,N?nette et Boni (1996),4.3140416
533,Horseman on the Roof  The (Hussard sur le toit  Le) (1995),4.282375
533,Schindler's List (1993),4.2385
533,It's a Wonderful Life (1946),4.2308035
533,Visitors  The (Visiteurs  Les) (1993),4.214979
533,Someone Else's America (1995),4.1995783
533,Shawshank Redemption  The (1994),4.145417
533,Pather Panchali (1955),4.144265
534,Winter Guest  The (1997),5.977101
534,Saint of Fort Washington  The (1993),5.503518
534,Harlem (1993),5.4816785
534,Leading Man  The (1996),5.4492097
534,Ayn Rand: A Sense of Life (1997),5.4005795
534,Hurricane Streets (1998),5.3783326
534,Killer (Bulletproof Heart) (1994),5.3493295
534,Slingshot  The (1993),5.3128524
534,Star Kid (1997),5.277411
534,Frisk (1995),5.2768354
535,Angel Baby (1995),4.9096355
535,Pather Panchali (1955),4.8780265
535,Some Mother's Son (1996),4.782908
535,Anna (1996),4.768357
535,Spanish Prisoner  The (1997),4.7099137
535,Butcher Boy  The (1998),4.7099137
535,Butcher Boy  The (1998),4.7099137
535,Brothers in Trouble (1995),4.7099137
535,Boys  Les (1997),4.6792445
535,Saint of Fort Washington  The (1993),4.6662908
536,Horseman on the Roof  The (Hussard sur le toit  Le) (1995),4.813653
536,Santa with Muscles (1996),4.789357
536,Angel Baby (1995),4.781318
536,Saint of Fort Washington  The (1993),4.657814
536,Titanic (1997),4.6519675
536,Great Day in Harlem  A (1994),4.628588
536,Star Wars (1977),4.612717
536,Star Kid (1997),4.6071806
536,Raiders of the Lost Ark (1981),4.6042857
536,Golden Earrings (1947),4.6006784
537,Angel Baby (1995),4.492255
537,Boys  Les (1997),4.4365726
537,Pather Panchali (1955),3.9633522
537,World of Apu  The (Apur Sansar) (1959),3.8820043
537,Boy's Life 2 (1997),3.8269713
537,The Deadly Cure (1996),3.8162503
537,Aiqing wansui (1994),3.814032
537,Anna (1996),3.801281
537,Aparajito (1956),3.7478294
537,Faust (1994),3.7229385
538,Boys  Les (1997),5.2300506
538,Angel Baby (1995),5.192358
538,Saint of Fort Washington  The (1993),4.3721194
538,Pather Panchali (1955),4.2989783
538,Santa with Muscles (1996),4.257211
538,Star Wars (1977),4.197614
538,Schindler's List (1993),4.1712995
538,Raiders of the Lost Ark (1981),4.1407466
538,Casablanca (1942),4.1382284
538,North by Northwest (1959),4.127231
539,N?nette et Boni (1996),5.403106
539,Angel Baby (1995),4.888173
539,Whole Wide World  The (1996),4.812795
539,Some Mother's Son (1996),4.812601
539,Someone Else's America (1995),4.8040705
539,Anna (1996),4.786119
539,Pather Panchali (1955),4.782873
539,Sum of Us  The (1994),4.7646213
539,Hugo Pool (1997),4.720677
539,So Dear to My Heart (1949),4.6564884
540,Saint of Fort Washington  The (1993),4.985353
540,Pather Panchali (1955),4.897043
540,Santa with Muscles (1996),4.8630257
540,Boys  Les (1997),4.858884
540,Spanish Prisoner  The (1997),4.8571854
540,Butcher Boy  The (1998),4.8571854
540,Butcher Boy  The (1998),4.8571854
540,Brothers in Trouble (1995),4.8571854
540,Star Kid (1997),4.8074684
540,Some Mother's Son (1996),4.782308
541,Angel Baby (1995),5.166288
541,Boys  Les (1997),4.780573
541,Saint of Fort Washington  The (1993),4.7152877
541,Golden Earrings (1947),4.689534
541,Pather Panchali (1955),4.6894336
541,Schindler's List (1993),4.6730733
541,Santa with Muscles (1996),4.6455793
541,Shawshank Redemption  The (1994),4.603855
541,It's a Wonderful Life (1946),4.558756
541,Raiders of the Lost Ark (1981),4.557907
542,Boys  Les (1997),5.0568967
542,Angel Baby (1995),4.8015375
542,Saint of Fort Washington  The (1993),4.5814433
542,Pather Panchali (1955),4.564885
542,Santa with Muscles (1996),4.4503474
542,Spanish Prisoner  The (1997),4.4056973
542,Butcher Boy  The (1998),4.4056973
542,Butcher Boy  The (1998),4.4056973
542,Brothers in Trouble (1995),4.4056973
542,Anna (1996),4.379828
543,Angel Baby (1995),4.5867267
543,Pather Panchali (1955),4.5465817
543,Anna (1996),4.4577065
543,Santa with Muscles (1996),4.4304695
543,Some Mother's Son (1996),4.428282
543,Boys  Les (1997),4.4090505
543,Spanish Prisoner  The (1997),4.405169
543,Butcher Boy  The (1998),4.405169
543,Butcher Boy  The (1998),4.405169
543,Brothers in Trouble (1995),4.405169
544,Angel Baby (1995),4.236441
544,Santa with Muscles (1996),4.046855
544,Pather Panchali (1955),3.9826903
544,Close Shave  A (1995),3.9736736
544,Boys  Les (1997),3.9657025
544,Anna (1996),3.9113948
544,Wrong Trousers  The (1993),3.903795
544,Star Kid (1997),3.8882165
544,N?nette et Boni (1996),3.8818974
544,They Made Me a Criminal (1939),3.8786185
545,Santa with Muscles (1996),4.582231
545,Saint of Fort Washington  The (1993),4.5672116
545,Horseman on the Roof  The (Hussard sur le toit  Le) (1995),4.4645205
545,Star Kid (1997),4.4549356
545,Titanic (1997),4.4183083
545,Golden Earrings (1947),4.279003
545,Ayn Rand: A Sense of Life (1997),4.2529845
545,Wrong Trousers  The (1993),4.248179
545,My Man Godfrey (1936),4.230321
545,Spanish Prisoner  The (1997),4.2287774
546,Winter Guest  The (1997),5.5226684
546,Saint of Fort Washington  The (1993),5.405984
546,Golden Earrings (1947),5.187503
546,In the Line of Duty 2 (1987),4.916464
546,8 Heads in a Duffel Bag (1997),4.912063
546,Leading Man  The (1996),4.841765
546,Santa with Muscles (1996),4.810023
546,Love and Death on Long Island (1997),4.8090377
546,Ayn Rand: A Sense of Life (1997),4.791462
546,Shawshank Redemption  The (1994),4.7776713
547,Angel Baby (1995),5.6764245
547,Boys  Les (1997),5.503469
547,Pather Panchali (1955),4.99696
547,Saint of Fort Washington  The (1993),4.881206
547,Anna (1996),4.77372
547,Schindler's List (1993),4.7516236
547,Casablanca (1942),4.667623
547,Shawshank Redemption  The (1994),4.6640887
547,Spanish Prisoner  The (1997),4.661909
547,Butcher Boy  The (1998),4.661909
548,Santa with Muscles (1996),5.2046194
548,Saint of Fort Washington  The (1993),5.191753
548,Star Wars (1977),4.944302
548,Boys  Les (1997),4.875228
548,Titanic (1997),4.8746166
548,My Man Godfrey (1936),4.857414
548,Man in the Iron Mask  The (1998),4.8369956
548,Raiders of the Lost Ark (1981),4.8350163
548,Empire Strikes Back  The (1980),4.818058
548,Terminator  The (1984),4.810306
549,Saint of Fort Washington  The (1993),4.9802785
549,Santa with Muscles (1996),4.931423
549,Boys  Les (1997),4.74941
549,Star Kid (1997),4.743113
549,Pather Panchali (1955),4.6528015
549,Star Wars (1977),4.6390643
549,Angel Baby (1995),4.619601
549,Spanish Prisoner  The (1997),4.614813
549,Butcher Boy  The (1998),4.614813
549,Butcher Boy  The (1998),4.614813
550,Santa with Muscles (1996),5.111651
550,Harlem (1993),5.0787573
550,Saint of Fort Washington  The (1993),5.04788
550,Ayn Rand: A Sense of Life (1997),4.884532
550,Man in the Iron Mask  The (1998),4.8649144
550,Titanic (1997),4.781987
550,My Man Godfrey (1936),4.775363
550,Star Wars (1977),4.744361
550,Terminator  The (1984),4.678743
550,Haunted World of Edward D. Wood Jr.  The (1995),4.6253896
551,Saint of Fort Washington  The (1993),5.402203
551,Boys  Les (1997),5.2491884
551,Golden Earrings (1947),5.137446
551,8 Heads in a Duffel Bag (1997),5.0378647
551,Shawshank Redemption  The (1994),4.8935146
551,Santa with Muscles (1996),4.8425117
551,Spanish Prisoner  The (1997),4.800314
551,Butcher Boy  The (1998),4.800314
551,Butcher Boy  The (1998),4.800314
551,Brothers in Trouble (1995),4.800314
552,Hurricane Streets (1998),4.118446
552,Saint of Fort Washington  The (1993),4.09531
552,Star Kid (1997),4.08164
552,Spanish Prisoner  The (1997),3.996377
552,Butcher Boy  The (1998),3.996377
552,Butcher Boy  The (1998),3.996377
552,Brothers in Trouble (1995),3.996377
552,Santa with Muscles (1996),3.9887
552,Some Mother's Son (1996),3.9800057
552,Horseman on the Roof  The (Hussard sur le toit  Le) (1995),3.9497313
553,Angel Baby (1995),5.4270024
553,Boys  Les (1997),5.396111
553,Pather Panchali (1955),4.952102
553,Saint of Fort Washington  The (1993),4.795976
553,Anna (1996),4.761877
553,Santa with Muscles (1996),4.7196126
553,Spanish Prisoner  The (1997),4.6821795
553,Butcher Boy  The (1998),4.6821795
553,Butcher Boy  The (1998),4.6821795
553,Brothers in Trouble (1995),4.6821795
554,Saint of Fort Washington  The (1993),4.5316677
554,Golden Earrings (1947),4.5090146
554,Angel Baby (1995),4.4415746
554,Santa with Muscles (1996),4.424231
554,Shawshank Redemption  The (1994),4.331549
554,Raiders of the Lost Ark (1981),4.328358
554,Schindler's List (1993),4.314398
554,Boys  Les (1997),4.313109
554,Star Kid (1997),4.3106146
554,Titanic (1997),4.307292
555,Hurricane Streets (1998),5.351173
555,Some Mother's Son (1996),5.2908454
555,Spanish Prisoner  The (1997),5.122232
555,Butcher Boy  The (1998),5.122232
555,Butcher Boy  The (1998),5.122232
555,Brothers in Trouble (1995),5.122232
555,Star Kid (1997),5.114296
555,Slingshot  The (1993),5.1010947
555,Anna (1996),5.0801463
555,Pather Panchali (1955),5.0638328
556,Boys  Les (1997),6.096913
556,Angel Baby (1995),5.9473104
556,Pather Panchali (1955),5.3434677
556,World of Apu  The (Apur Sansar) (1959),5.2371073
556,Saint of Fort Washington  The (1993),5.087253
556,Anna (1996),5.080357
556,The Deadly Cure (1996),5.0752444
556,Spanish Prisoner  The (1997),5.0122266
556,Butcher Boy  The (1998),5.0122266
556,Butcher Boy  The (1998),5.0122266
557,8 Heads in a Duffel Bag (1997),5.140888
557,Pather Panchali (1955),5.0411615
557,Some Mother's Son (1996),5.018154
557,Angel Baby (1995),4.97959
557,Anna (1996),4.926463
557,Spanish Prisoner  The (1997),4.8635526
557,Butcher Boy  The (1998),4.8635526
557,Butcher Boy  The (1998),4.8635526
557,Brothers in Trouble (1995),4.8635526
557,Hurricane Streets (1998),4.83132
558,American Dream (1990),5.290993
558,Bitter Sugar (Azucar Amargo) (1996),5.1470847
558,Stalker (1979),5.1071696
558,Boy's Life 2 (1997),5.1003237
558,Kaspar Hauser (1993),5.021391
558,Sweet Hereafter  The (1997),5.0096626
558,Little City (1998),5.0011554
558,Aiqing wansui (1994),4.9637613
558,Some Mother's Son (1996),4.941607
558,Two or Three Things I Know About Her (1966),4.9254084
559,Saint of Fort Washington  The (1993),4.441021
559,Santa with Muscles (1996),4.319288
559,Star Kid (1997),4.2710843
559,Pather Panchali (1955),4.255655
559,Golden Earrings (1947),4.226714
559,Angel Baby (1995),4.2211313
559,Shawshank Redemption  The (1994),4.1961083
559,Spanish Prisoner  The (1997),4.190726
559,Butcher Boy  The (1998),4.190726
559,Butcher Boy  The (1998),4.190726
560,Boys  Les (1997),4.5866585
560,Santa with Muscles (1996),4.5677247
560,Saint of Fort Washington  The (1993),4.5004435
560,Pather Panchali (1955),4.397577
560,Spanish Prisoner  The (1997),4.3785677
560,Butcher Boy  The (1998),4.3785677
560,Butcher Boy  The (1998),4.3785677
560,Brothers in Trouble (1995),4.3785677
560,Star Kid (1997),4.351421
560,Faust (1994),4.3164587
561,Boys  Les (1997),4.7149053
561,Angel Baby (1995),4.561985
561,Boy's Life 2 (1997),4.24918
561,Aiqing wansui (1994),4.208537
561,Pather Panchali (1955),4.178735
561,Faust (1994),4.0770397
561,Aparajito (1956),4.0439644
561,Anna (1996),4.015653
561,World of Apu  The (Apur Sansar) (1959),4.009239
561,The Deadly Cure (1996),3.967901
562,8 Heads in a Duffel Bag (1997),5.572844
562,Angel Baby (1995),5.2944107
562,Selena (1997),4.98252
562,Old Lady Who Walked in the Sea  The (Vieille qui marchait dans la mer  La) (1991),4.8572397
562,Golden Earrings (1947),4.8363853
562,Little Princess  The (1939),4.803216
562,Love Serenade (1996),4.6422796
562,Boys  Les (1997),4.616145
562,Women  The (1939),4.585807
562,It's a Wonderful Life (1946),4.5520115
563,Angel Baby (1995),5.503028
563,Boys  Les (1997),5.383234
563,Saint of Fort Washington  The (1993),5.35195
563,8 Heads in a Duffel Bag (1997),5.2816973
563,Pather Panchali (1955),5.2365136
563,Golden Earrings (1947),5.2222824
563,Schindler's List (1993),5.1160827
563,Shawshank Redemption  The (1994),5.1057706
563,Anna (1996),5.043523
563,Spanish Prisoner  The (1997),5.038977
564,Horseman on the Roof  The (Hussard sur le toit  Le) (1995),4.32151
564,Golden Earrings (1947),4.2901006
564,Santa with Muscles (1996),4.1961393
564,Titanic (1997),4.1864567
564,Saint of Fort Washington  The (1993),4.1786833
564,Star Kid (1997),4.1619596
564,Schindler's List (1993),4.1362104
564,Angel Baby (1995),4.1234956
564,Shawshank Redemption  The (1994),4.110321
564,Raiders of the Lost Ark (1981),4.0951614
565,Santa with Muscles (1996),5.6992936
565,Saint of Fort Washington  The (1993),5.494791
565,Star Kid (1997),5.456291
565,Spanish Prisoner  The (1997),5.428435
565,Butcher Boy  The (1998),5.428435
565,Butcher Boy  The (1998),5.428435
565,Brothers in Trouble (1995),5.428435
565,Pather Panchali (1955),5.4086976
565,Wallace & Gromit: The Best of Aardman Animation (1996),5.393103
565,Faust (1994),5.349576
566,Boys  Les (1997),4.982247
566,Angel Baby (1995),4.9117613
566,Pather Panchali (1955),4.778181
566,Some Mother's Son (1996),4.6463227
566,Anna (1996),4.6169653
566,Spanish Prisoner  The (1997),4.5835776
566,Butcher Boy  The (1998),4.5835776
566,Butcher Boy  The (1998),4.5835776
566,Brothers in Trouble (1995),4.5835776
566,The Deadly Cure (1996),4.519209
567,Boys  Les (1997),5.3692346
567,Angel Baby (1995),4.95069
567,Boy's Life 2 (1997),4.9241614
567,Aiqing wansui (1994),4.8637724
567,Mina Tannenbaum (1994),4.77039
567,Pather Panchali (1955),4.740058
567,Faust (1994),4.7360682
567,Kaspar Hauser (1993),4.645234
567,Santa with Muscles (1996),4.589562
567,Maya Lin: A Strong Clear Vision (1994),4.585004
568,Angel Baby (1995),5.2625704
568,Boys  Les (1997),4.783443
568,C'est arriv? pr?s de chez vous (1992),4.539074
568,In the Bleak Midwinter (1995),4.2822285
568,World of Apu  The (Apur Sansar) (1959),4.169345
568,Top Hat (1935),4.162111
568,Pather Panchali (1955),3.9588308
568,Aparajito (1956),3.9561462
568,Someone Else's America (1995),3.941505
568,The Deadly Cure (1996),3.9337068
569,Angel Baby (1995),5.2869573
569,N?nette et Boni (1996),5.146351
569,Pather Panchali (1955),4.8500023
569,Someone Else's America (1995),4.793932
569,Close Shave  A (1995),4.7846518
569,Anna (1996),4.784273
569,Whole Wide World  The (1996),4.7493386
569,Some Mother's Son (1996),4.673407
569,In the Bleak Midwinter (1995),4.6680036
569,Great Day in Harlem  A (1994),4.6629024
570,American Dream (1990),3.9419787
570,Boy's Life 2 (1997),3.9048553
570,Mina Tannenbaum (1994),3.8928187
570,Kaspar Hauser (1993),3.8561351
570,Santa with Muscles (1996),3.8318143
570,Aiqing wansui (1994),3.8208811
570,Some Mother's Son (1996),3.8205564
570,Spanish Prisoner  The (1997),3.8062975
570,Butcher Boy  The (1998),3.8062975
570,Butcher Boy  The (1998),3.8062975
571,Angel Baby (1995),4.442729
571,Boys  Les (1997),4.093629
571,N?nette et Boni (1996),4.051067
571,Pather Panchali (1955),4.0499206
571,Close Shave  A (1995),4.017797
571,Anna (1996),3.9721441
571,Faust (1994),3.9472985
571,Santa with Muscles (1996),3.934519
571,Two or Three Things I Know About Her (1966),3.8942974
571,Aiqing wansui (1994),3.8881972
572,N?nette et Boni (1996),5.299182
572,Hugo Pool (1997),4.6382294
572,Bitter Sugar (Azucar Amargo) (1996),4.5928583
572,Crooklyn (1994),4.565773
572,Whole Wide World  The (1996),4.5446644
572,Sum of Us  The (1994),4.517836
572,Some Mother's Son (1996),4.475735
572,Boys Life (1995),4.4584894
572,Love! Valour! Compassion! (1997),4.4568305
572,Aparajito (1956),4.435274
573,Angel Baby (1995),4.862565
573,Boys  Les (1997),4.8618274
573,Pather Panchali (1955),4.4756927
573,Saint of Fort Washington  The (1993),4.3298798
573,Anna (1996),4.303108
573,Spanish Prisoner  The (1997),4.24228
573,Butcher Boy  The (1998),4.24228
573,Butcher Boy  The (1998),4.24228
573,Brothers in Trouble (1995),4.24228
573,Santa with Muscles (1996),4.2377462
574,N?nette et Boni (1996),4.8550467
574,Angel Baby (1995),4.4684973
574,Someone Else's America (1995),4.4468536
574,Some Mother's Son (1996),4.438967
574,Hurricane Streets (1998),4.4372706
574,Sum of Us  The (1994),4.4353065
574,Pather Panchali (1955),4.433525
574,Anna (1996),4.425994
574,Rendezvous in Paris (Rendez-vous de Paris  Les) (1995),4.4157343
574,Hugo Pool (1997),4.3721595
575,Boys  Les (1997),5.2220073
575,Angel Baby (1995),4.7517467
575,Safe Passage (1994),4.368232
575,8 Heads in a Duffel Bag (1997),4.2405787
575,Faster Pussycat! Kill! Kill! (1965),4.173732
575,Golden Earrings (1947),4.1529136
575,Saint of Fort Washington  The (1993),3.975315
575,8 Seconds (1994),3.9653556
575,Traveller (1997),3.9493268
575,Little Princess  The (1939),3.944946
576,Horseman on the Roof  The (Hussard sur le toit  Le) (1995),4.552306
576,Santa with Muscles (1996),4.499626
576,Angel Baby (1995),4.477084
576,Golden Earrings (1947),4.452565
576,Saint of Fort Washington  The (1993),4.425035
576,Titanic (1997),4.424417
576,Raiders of the Lost Ark (1981),4.3738995
576,Star Kid (1997),4.362398
576,Star Wars (1977),4.353071
576,Schindler's List (1993),4.340024
577,Hurricane Streets (1998),5.123314
577,Horseman on the Roof  The (Hussard sur le toit  Le) (1995),4.8121047
577,Golden Earrings (1947),4.7663603
577,Star Kid (1997),4.75887
577,Saint of Fort Washington  The (1993),4.684521
577,Titanic (1997),4.626189
577,Santa with Muscles (1996),4.617574
577,Sum of Us  The (1994),4.608538
577,Some Mother's Son (1996),4.602239
577,Shawshank Redemption  The (1994),4.581517
578,Hurricane Streets (1998),4.057235
578,Golden Earrings (1947),3.9012337
578,Doom Generation  The (1995),3.8414397
578,Ayn Rand: A Sense of Life (1997),3.806275
578,Visitors  The (Visiteurs  Les) (1993),3.7915776
578,Rough Magic (1995),3.659753
578,Titanic (1997),3.5521905
578,Sixth Man  The (1997),3.4985626
578,8 Seconds (1994),3.4793272
578,Leading Man  The (1996),3.4576685
579,Angel Baby (1995),4.708905
579,Boys  Les (1997),4.4506006
579,Pather Panchali (1955),4.3717256
579,Saint of Fort Washington  The (1993),4.3642097
579,8 Heads in a Duffel Bag (1997),4.311016
579,Golden Earrings (1947),4.292704
579,Schindler's List (1993),4.27442
579,Shawshank Redemption  The (1994),4.224814
579,Anna (1996),4.2212615
579,Spanish Prisoner  The (1997),4.156319
580,Winter Guest  The (1997),5.1438875
580,Saint of Fort Washington  The (1993),4.9330473
580,Love and Death on Long Island (1997),4.9114337
580,Spanish Prisoner  The (1997),4.667604
580,Butcher Boy  The (1998),4.667604
580,Butcher Boy  The (1998),4.667604
580,Brothers in Trouble (1995),4.667604
580,Star Kid (1997),4.627332
580,Santa with Muscles (1996),4.6114516
580,Paradise Lost: The Child Murders at Robin Hood Hills (1996),4.595559
581,Mina Tannenbaum (1994),5.651178
581,Boys  Les (1997),5.1626725
581,Paradise Lost: The Child Murders at Robin Hood Hills (1996),4.9997225
581,Boy's Life 2 (1997),4.990767
581,Kaspar Hauser (1993),4.9622326
581,Braindead (1992),4.9479976
581,In the Line of Duty 2 (1987),4.9119
581,Aiqing wansui (1994),4.8832026
581,Faust (1994),4.802882
581,American Dream (1990),4.7860417
582,Boys  Les (1997),5.011719
582,Santa with Muscles (1996),4.9203763
582,Faust (1994),4.8815813
582,Angel Baby (1995),4.797359
582,Pather Panchali (1955),4.7722435
582,Aiqing wansui (1994),4.749475
582,Wallace & Gromit: The Best of Aardman Animation (1996),4.703367
582,Close Shave  A (1995),4.701813
582,Anna (1996),4.6697664
582,Boy's Life 2 (1997),4.666657
583,Boys  Les (1997),5.8392954
583,Angel Baby (1995),5.6562557
583,Pather Panchali (1955),5.4116993
583,Boy's Life 2 (1997),5.267707
583,Anna (1996),5.2261596
583,Some Mother's Son (1996),5.203311
583,Aiqing wansui (1994),5.195744
583,Spanish Prisoner  The (1997),5.1822195
583,Butcher Boy  The (1998),5.1822195
583,Butcher Boy  The (1998),5.1822195
584,Santa with Muscles (1996),4.5344853
584,Saint of Fort Washington  The (1993),4.4071326
584,Harlem (1993),4.3258405
584,Ayn Rand: A Sense of Life (1997),4.2582884
584,Titanic (1997),4.2521257
584,Horseman on the Roof  The (Hussard sur le toit  Le) (1995),4.236099
584,Star Kid (1997),4.2054853
584,My Man Godfrey (1936),4.1803684
584,Wrong Trousers  The (1993),4.149231
584,Star Wars (1977),4.1338553
585,Angel Baby (1995),5.040282
585,The Deadly Cure (1996),4.8212733
585,Year of the Horse (1997),4.806302
585,N?nette et Boni (1996),4.785406
585,World of Apu  The (Apur Sansar) (1959),4.708918
585,Pather Panchali (1955),4.6358433
585,Some Mother's Son (1996),4.6280985
585,Someone Else's America (1995),4.574062
585,Anna (1996),4.5485163
585,Red Firecracker  Green Firecracker (1994),4.5213404
586,Winter Guest  The (1997),4.613496
586,Saint of Fort Washington  The (1993),4.367027
586,Golden Earrings (1947),4.311693
586,Hurricane Streets (1998),4.2684336
586,8 Heads in a Duffel Bag (1997),4.206308
586,Leading Man  The (1996),4.174619
586,Frisk (1995),4.1413865
586,Love and Death on Long Island (1997),4.0374327
586,Star Kid (1997),4.017273
586,Ayn Rand: A Sense of Life (1997),4.0019298
587,Saint of Fort Washington  The (1993),4.4645033
587,Santa with Muscles (1996),4.357901
587,Star Kid (1997),4.205794
587,Spanish Prisoner  The (1997),4.1712837
587,Butcher Boy  The (1998),4.1712837
587,Butcher Boy  The (1998),4.1712837
587,Brothers in Trouble (1995),4.1712837
587,Winter Guest  The (1997),4.06075
587,Boys  Les (1997),4.035257
587,Pather Panchali (1955),4.0298266
588,Hurricane Streets (1998),5.615045
588,8 Heads in a Duffel Bag (1997),5.487086
588,Rendezvous in Paris (Rendez-vous de Paris  Les) (1995),4.908551
588,Golden Earrings (1947),4.907837
588,Some Mother's Son (1996),4.858217
588,Frisk (1995),4.8145185
588,Love and Death on Long Island (1997),4.7748237
588,Saint of Fort Washington  The (1993),4.7295966
588,Spanish Prisoner  The (1997),4.724486
588,Butcher Boy  The (1998),4.724486
589,Ayn Rand: A Sense of Life (1997),5.3899255
589,Rough Magic (1995),5.322459
589,Harlem (1993),5.1375318
589,Doom Generation  The (1995),4.9949794
589,Visitors  The (Visiteurs  Les) (1993),4.9313526
589,Man in the Iron Mask  The (1998),4.8514857
589,Bye Bye  Love (1995),4.783174
589,Horseman on the Roof  The (Hussard sur le toit  Le) (1995),4.7334614
589,Sixth Man  The (1997),4.727735
589,Titanic (1997),4.7113395
590,Boy's Life 2 (1997),5.0940623
590,Aparajito (1956),5.056465
590,American Dream (1990),5.0372686
590,Bitter Sugar (Azucar Amargo) (1996),5.036187
590,N?nette et Boni (1996),4.9949427
590,Aiqing wansui (1994),4.899376
590,Two or Three Things I Know About Her (1966),4.8775516
590,Crooklyn (1994),4.8058186
590,Some Mother's Son (1996),4.785248
590,Four Days in September (1997),4.7779436
591,Some Mother's Son (1996),4.856592
591,Angel Baby (1995),4.839978
591,Pather Panchali (1955),4.8297076
591,Anna (1996),4.744455
591,The Deadly Cure (1996),4.6893973
591,Year of the Horse (1997),4.656027
591,Bitter Sugar (Azucar Amargo) (1996),4.6472597
591,Spanish Prisoner  The (1997),4.608198
591,Butcher Boy  The (1998),4.608198
591,Butcher Boy  The (1998),4.608198
592,Boys  Les (1997),6.49788
592,Angel Baby (1995),5.8626947
592,Saint of Fort Washington  The (1993),5.39132
592,Pather Panchali (1955),5.372002
592,Santa with Muscles (1996),5.3109007
592,Faust (1994),5.2963595
592,Mina Tannenbaum (1994),5.2552605
592,Spanish Prisoner  The (1997),5.1462092
592,Butcher Boy  The (1998),5.1462092
592,Butcher Boy  The (1998),5.1462092
593,8 Heads in a Duffel Bag (1997),5.065499
593,Golden Earrings (1947),4.778654
593,Angel Baby (1995),4.6555824
593,Hurricane Streets (1998),4.527243
593,Saint of Fort Washington  The (1993),4.498434
593,Schindler's List (1993),4.4757023
593,Pather Panchali (1955),4.4474416
593,Shawshank Redemption  The (1994),4.437157
593,Selena (1997),4.406604
593,It's a Wonderful Life (1946),4.3472304
594,Angel Baby (1995),4.55056
594,Boys  Les (1997),4.323419
594,Pather Panchali (1955),4.3139544
594,Anna (1996),4.1880956
594,Some Mother's Son (1996),4.146559
594,Saint of Fort Washington  The (1993),4.112179
594,Spanish Prisoner  The (1997),4.104411
594,Butcher Boy  The (1998),4.104411
594,Butcher Boy  The (1998),4.104411
594,Brothers in Trouble (1995),4.104411
595,Boys  Les (1997),4.977213
595,Pather Panchali (1955),4.8531976
595,Some Mother's Son (1996),4.799105
595,Spanish Prisoner  The (1997),4.7917757
595,Butcher Boy  The (1998),4.7917757
595,Butcher Boy  The (1998),4.7917757
595,Brothers in Trouble (1995),4.7917757
595,Mina Tannenbaum (1994),4.7463818
595,Anna (1996),4.717832
595,Saint of Fort Washington  The (1993),4.717488
596,Hurricane Streets (1998),4.7736993
596,Golden Earrings (1947),4.7656126
596,Saint of Fort Washington  The (1993),4.6093464
596,Titanic (1997),4.517529
596,Horseman on the Roof  The (Hussard sur le toit  Le) (1995),4.513389
596,Star Kid (1997),4.4832697
596,Santa with Muscles (1996),4.431346
596,Shawshank Redemption  The (1994),4.40518
596,8 Heads in a Duffel Bag (1997),4.380586
596,Ayn Rand: A Sense of Life (1997),4.3312745
597,Santa with Muscles (1996),5.276813
597,Whole Wide World  The (1996),5.2017474
597,Horseman on the Roof  The (Hussard sur le toit  Le) (1995),5.148759
597,Little City (1998),5.1053953
597,Wrong Trousers  The (1993),5.0802617
597,Wallace & Gromit: The Best of Aardman Animation (1996),5.0460486
597,Story of Xinghua  The (1993),4.9445605
597,Star Kid (1997),4.9315934
597,Close Shave  A (1995),4.925504
597,Boys of St. Vincent  The (1993),4.851289
598,Hurricane Streets (1998),5.318198
598,Sum of Us  The (1994),4.9096656
598,N?nette et Boni (1996),4.8962336
598,Hugo Pool (1997),4.872099
598,Rendezvous in Paris (Rendez-vous de Paris  Les) (1995),4.825859
598,Some Mother's Son (1996),4.7736673
598,Horseman on the Roof  The (Hussard sur le toit  Le) (1995),4.7420716
598,Star Kid (1997),4.701966
598,Whole Wide World  The (1996),4.672117
598,To Live (Huozhe) (1994),4.6512775
599,Hurricane Streets (1998),6.0881352
599,Doom Generation  The (1995),5.5054836
599,Golden Earrings (1947),5.4088125
599,Ayn Rand: A Sense of Life (1997),5.268253
599,Leading Man  The (1996),5.159973
599,Rough Magic (1995),5.064896
599,8 Heads in a Duffel Bag (1997),5.0575404
599,Titanic (1997),4.9391623
599,Visitors  The (Visiteurs  Les) (1993),4.9199824
599,Radioland Murders (1994),4.9156437
600,Boys  Les (1997),5.1978197
600,Angel Baby (1995),5.1798244
600,Santa with Muscles (1996),4.9913664
600,Saint of Fort Washington  The (1993),4.9826713
600,Pather Panchali (1955),4.9717565
600,Anna (1996),4.8285313
600,Star Kid (1997),4.8154206
600,Spanish Prisoner  The (1997),4.808039
600,Butcher Boy  The (1998),4.808039
600,Butcher Boy  The (1998),4.808039
601,Boys  Les (1997),5.218863
601,Angel Baby (1995),4.7799077
601,Faust (1994),4.454371
601,Aiqing wansui (1994),4.353771
601,Santa with Muscles (1996),4.3276196
601,Pather Panchali (1955),4.3172946
601,Boy's Life 2 (1997),4.2603607
601,Saint of Fort Washington  The (1993),4.2130747
601,Mina Tannenbaum (1994),4.2116704
601,Maya Lin: A Strong Clear Vision (1994),4.185833
602,Hurricane Streets (1998),5.1208763
602,Golden Earrings (1947),4.9991136
602,Saint of Fort Washington  The (1993),4.9644723
602,Star Kid (1997),4.8850155
602,8 Heads in a Duffel Bag (1997),4.7997355
602,Horseman on the Roof  The (Hussard sur le toit  Le) (1995),4.7977095
602,Shawshank Redemption  The (1994),4.7722816
602,Santa with Muscles (1996),4.762631
602,Spanish Prisoner  The (1997),4.7500834
602,Butcher Boy  The (1998),4.7500834
603,Santa with Muscles (1996),4.9490623
603,Horseman on the Roof  The (Hussard sur le toit  Le) (1995),4.678343
603,Saint of Fort Washington  The (1993),4.675273
603,Wrong Trousers  The (1993),4.631465
603,Star Kid (1997),4.6176643
603,Wallace & Gromit: The Best of Aardman Animation (1996),4.5674872
603,Titanic (1997),4.532459
603,My Man Godfrey (1936),4.4558883
603,Star Wars (1977),4.450946
603,Close Shave  A (1995),4.437146
604,Little City (1998),5.0974293
604,Tough and Deadly (1995),4.9493337
604,Santa with Muscles (1996),4.902095
604,Whole Wide World  The (1996),4.7571354
604,Wallace & Gromit: The Best of Aardman Animation (1996),4.744831
604,Wrong Trousers  The (1993),4.7025075
604,Story of Xinghua  The (1993),4.6194434
604,Horseman on the Roof  The (Hussard sur le toit  Le) (1995),4.6021876
604,Nico Icon (1995),4.5541472
604,Faust (1994),4.5466957
605,Angel Baby (1995),5.3761716
605,Boys  Les (1997),5.209152
605,Pather Panchali (1955),5.028858
605,Anna (1996),4.881774
605,Some Mother's Son (1996),4.7981
605,Santa with Muscles (1996),4.789515
605,Spanish Prisoner  The (1997),4.7738867
605,Butcher Boy  The (1998),4.7738867
605,Butcher Boy  The (1998),4.7738867
605,Brothers in Trouble (1995),4.7738867
606,Saint of Fort Washington  The (1993),5.2351966
606,Santa with Muscles (1996),4.931663
606,Golden Earrings (1947),4.9237022
606,Star Kid (1997),4.895677
606,Spanish Prisoner  The (1997),4.8580494
606,Butcher Boy  The (1998),4.8580494
606,Butcher Boy  The (1998),4.8580494
606,Brothers in Trouble (1995),4.8580494
606,Pather Panchali (1955),4.8513074
606,Boys  Les (1997),4.8430805
607,Boys  Les (1997),5.305133
607,Angel Baby (1995),5.1463532
607,Pather Panchali (1955),4.690582
607,Aiqing wansui (1994),4.5185785
607,Faust (1994),4.5088525
607,Boy's Life 2 (1997),4.505962
607,Anna (1996),4.499215
607,Santa with Muscles (1996),4.4607835
607,Spanish Prisoner  The (1997),4.4284034
607,Butcher Boy  The (1998),4.4284034
608,8 Heads in a Duffel Bag (1997),5.3103113
608,World of Apu  The (Apur Sansar) (1959),5.105349
608,Year of the Horse (1997),5.098956
608,The Deadly Cure (1996),4.956235
608,Angel Baby (1995),4.928646
608,Love and Death on Long Island (1997),4.875728
608,Incognito (1997),4.870672
608,Pather Panchali (1955),4.7736745
608,Big Lebowski  The (1998),4.7573905
608,Some Mother's Son (1996),4.739358
609,N?nette et Boni (1996),5.1635594
609,Whole Wide World  The (1996),4.950748
609,Sum of Us  The (1994),4.6208777
609,Boys of St. Vincent  The (1993),4.5356994
609,So Dear to My Heart (1949),4.455915
609,Two or Three Things I Know About Her (1966),4.453674
609,Great Day in Harlem  A (1994),4.392539
609,Crooklyn (1994),4.364223
609,Horseman on the Roof  The (Hussard sur le toit  Le) (1995),4.350559
609,Close Shave  A (1995),4.3501225
610,Angel Baby (1995),5.5434513
610,Boys  Les (1997),5.164134
610,8 Heads in a Duffel Bag (1997),4.6116977
610,Pather Panchali (1955),4.5728397
610,Little Princess  The (1939),4.5647154
610,Schindler's List (1993),4.4457293
610,World of Apu  The (Apur Sansar) (1959),4.431575
610,Someone Else's America (1995),4.405088
610,It's a Wonderful Life (1946),4.3790517
610,Saint of Fort Washington  The (1993),4.3656225
611,8 Heads in a Duffel Bag (1997),5.455354
611,Saint of Fort Washington  The (1993),5.081371
611,Pather Panchali (1955),5.080144
611,Some Mother's Son (1996),5.0165668
611,Spanish Prisoner  The (1997),4.9771085
611,Butcher Boy  The (1998),4.9771085
611,Butcher Boy  The (1998),4.9771085
611,Brothers in Trouble (1995),4.9771085
611,Love and Death on Long Island (1997),4.932957
611,Anna (1996),4.927645
612,Golden Earrings (1947),4.461412
612,8 Heads in a Duffel Bag (1997),4.4557557
612,Angel Baby (1995),4.389385
612,Hurricane Streets (1998),4.3135176
612,Schindler's List (1993),4.2331014
612,It's a Wonderful Life (1946),4.1886277
612,Selena (1997),4.1662397
612,Shawshank Redemption  The (1994),4.1613107
612,Pather Panchali (1955),4.1489005
612,Saint of Fort Washington  The (1993),4.1368446
613,Angel Baby (1995),5.489922
613,Boys  Les (1997),5.4327393
613,Santa with Muscles (1996),5.2721076
613,Pather Panchali (1955),5.1229243
613,Faust (1994),5.106843
613,Close Shave  A (1995),5.094654
613,Wrong Trousers  The (1993),5.0234466
613,Saint of Fort Washington  The (1993),5.0229697
613,Anna (1996),4.9931874
613,They Made Me a Criminal (1939),4.964935
614,Saint of Fort Washington  The (1993),4.2973137
614,Santa with Muscles (1996),4.279569
614,Star Kid (1997),4.168634
614,Spanish Prisoner  The (1997),4.097024
614,Butcher Boy  The (1998),4.097024
614,Butcher Boy  The (1998),4.097024
614,Brothers in Trouble (1995),4.097024
614,Wallace & Gromit: The Best of Aardman Animation (1996),3.9588742
614,Pather Panchali (1955),3.9560406
614,Some Mother's Son (1996),3.9466195
615,Angel Baby (1995),6.0629606
615,Boys  Les (1997),5.851818
615,Pather Panchali (1955),5.0546184
615,World of Apu  The (Apur Sansar) (1959),4.9002085
615,Anna (1996),4.8201666
615,The Deadly Cure (1996),4.7994127
615,In the Bleak Midwinter (1995),4.793084
615,Faust (1994),4.774329
615,Someone Else's America (1995),4.738663
615,Casablanca (1942),4.7216296
616,Star Kid (1997),4.7245793
616,Pather Panchali (1955),4.7160025
616,Saint of Fort Washington  The (1993),4.693753
616,Santa with Muscles (1996),4.6788335
616,Anna (1996),4.6728024
616,Some Mother's Son (1996),4.6723466
616,Spanish Prisoner  The (1997),4.646092
616,Butcher Boy  The (1998),4.646092
616,Butcher Boy  The (1998),4.646092
616,Brothers in Trouble (1995),4.646092
617,Boys  Les (1997),5.766428
617,Angel Baby (1995),4.7059216
617,Of Human Bondage (1934),4.340898
617,Faster Pussycat! Kill! Kill! (1965),4.22078
617,Paths of Glory (1957),4.0589566
617,In the Line of Duty 2 (1987),4.0244703
617,Captives (1994),3.9976964
617,When We Were Kings (1996),3.9370177
617,Braindead (1992),3.9054914
617,Raging Bull (1980),3.9000034
618,Boys  Les (1997),4.766657
618,Angel Baby (1995),4.7369246
618,Golden Earrings (1947),4.2995925
618,8 Heads in a Duffel Bag (1997),4.294804
618,Saint of Fort Washington  The (1993),4.2776027
618,Schindler's List (1993),4.0867624
618,Pather Panchali (1955),4.071918
618,Shawshank Redemption  The (1994),4.0717893
618,Braveheart (1995),4.001752
618,Raiders of the Lost Ark (1981),3.999913
619,Santa with Muscles (1996),4.5390406
619,Golden Earrings (1947),4.529062
619,Saint of Fort Washington  The (1993),4.5266676
619,Titanic (1997),4.482782
619,Raiders of the Lost Ark (1981),4.475497
619,Love in the Afternoon (1957),4.461796
619,Star Wars (1977),4.450221
619,Horseman on the Roof  The (Hussard sur le toit  Le) (1995),4.4216695
619,Empire Strikes Back  The (1980),4.33928
619,Braveheart (1995),4.2941766
620,Hurricane Streets (1998),5.7842836
620,Golden Earrings (1947),5.4053454
620,8 Heads in a Duffel Bag (1997),5.3475914
620,Doom Generation  The (1995),5.001845
620,Leading Man  The (1996),4.982931
620,Winter Guest  The (1997),4.936844
620,Saint of Fort Washington  The (1993),4.898557
620,Ayn Rand: A Sense of Life (1997),4.84681
620,Titanic (1997),4.7522526
620,Frisk (1995),4.736625
621,Saint of Fort Washington  The (1993),5.188854
621,Santa with Muscles (1996),5.0396214
621,Boys  Les (1997),4.816958
621,Star Kid (1997),4.800664
621,Spanish Prisoner  The (1997),4.738072
621,Butcher Boy  The (1998),4.738072
621,Butcher Boy  The (1998),4.738072
621,Brothers in Trouble (1995),4.738072
621,My Man Godfrey (1936),4.627026
621,Star Wars (1977),4.599563
622,Boys  Les (1997),5.1099997
622,Saint of Fort Washington  The (1993),4.8167796
622,Santa with Muscles (1996),4.7799196
622,Angel Baby (1995),4.703695
622,Pather Panchali (1955),4.5832367
622,Spanish Prisoner  The (1997),4.5026927
622,Butcher Boy  The (1998),4.5026927
622,Butcher Boy  The (1998),4.5026927
622,Brothers in Trouble (1995),4.5026927
622,Star Kid (1997),4.5004997
623,Angel Baby (1995),5.4456244
623,Boys  Les (1997),4.8599787
623,It's a Wonderful Life (1946),4.5227256
623,Little Princess  The (1939),4.4964743
623,Someone Else's America (1995),4.4608016
623,Schindler's List (1993),4.4563446
623,Golden Earrings (1947),4.452973
623,Selena (1997),4.416819
623,Pather Panchali (1955),4.4062824
623,Best Men (1997),4.3938117
624,Pather Panchali (1955),4.8379164
624,Saint of Fort Washington  The (1993),4.832972
624,Spanish Prisoner  The (1997),4.7660666
624,Butcher Boy  The (1998),4.7660666
624,Butcher Boy  The (1998),4.7660666
624,Brothers in Trouble (1995),4.7660666
624,Some Mother's Son (1996),4.7460847
624,Anna (1996),4.735513
624,Santa with Muscles (1996),4.7311983
624,Star Kid (1997),4.722839
625,Boys  Les (1997),4.356624
625,Santa with Muscles (1996),4.3050485
625,Saint of Fort Washington  The (1993),4.279662
625,Angel Baby (1995),4.1841826
625,Pather Panchali (1955),4.1684237
625,Star Kid (1997),4.1184316
625,Spanish Prisoner  The (1997),4.09878
625,Butcher Boy  The (1998),4.09878
625,Butcher Boy  The (1998),4.09878
625,Brothers in Trouble (1995),4.09878
626,Boys  Les (1997),4.526363
626,Boy's Life 2 (1997),4.4623184
626,Aiqing wansui (1994),4.366402
626,Mina Tannenbaum (1994),4.270924
626,Kaspar Hauser (1993),4.236554
626,American Dream (1990),4.221753
626,Angel Baby (1995),4.1933165
626,Faust (1994),4.189598
626,Pather Panchali (1955),4.182372
626,Aparajito (1956),4.1096296
627,Boys  Les (1997),4.628021
627,Saint of Fort Washington  The (1993),4.4350495
627,Angel Baby (1995),4.332877
627,Santa with Muscles (1996),4.3299313
627,Pather Panchali (1955),4.2938232
627,Spanish Prisoner  The (1997),4.2177935
627,Butcher Boy  The (1998),4.2177935
627,Butcher Boy  The (1998),4.2177935
627,Brothers in Trouble (1995),4.2177935
627,Star Kid (1997),4.1699233
628,Hurricane Streets (1998),6.7664356
628,Winter Guest  The (1997),6.5693126
628,Frisk (1995),6.2975345
628,Slingshot  The (1993),6.289013
628,Leading Man  The (1996),6.0552344
628,Love and Death on Long Island (1997),5.8795853
628,Three Wishes (1995),5.817359
628,Killer (Bulletproof Heart) (1994),5.812429
628,Stalker (1979),5.7615356
628,Doom Generation  The (1995),5.7162204
629,Angel Baby (1995),5.5392356
629,Boys  Les (1997),5.315853
629,Saint of Fort Washington  The (1993),5.1179633
629,Pather Panchali (1955),5.1132703
629,Santa with Muscles (1996),5.0933166
629,Anna (1996),4.960423
629,Star Kid (1997),4.9441557
629,Schindler's List (1993),4.941933
629,They Made Me a Criminal (1939),4.931357
629,Shawshank Redemption  The (1994),4.887472
630,Hurricane Streets (1998),4.8245177
630,Winter Guest  The (1997),4.6006994
630,Golden Earrings (1947),4.4260983
630,Leading Man  The (1996),4.40225
630,Doom Generation  The (1995),4.361807
630,Ayn Rand: A Sense of Life (1997),4.3582106
630,Frisk (1995),4.261961
630,Saint of Fort Washington  The (1993),4.2075787
630,8 Heads in a Duffel Bag (1997),4.2054687
630,Harlem (1993),4.0841575
631,Santa with Muscles (1996),4.47941
631,Pather Panchali (1955),4.3751993
631,Star Kid (1997),4.3389454
631,Anna (1996),4.326083
631,Some Mother's Son (1996),4.3146787
631,Spanish Prisoner  The (1997),4.313054
631,Butcher Boy  The (1998),4.313054
631,Butcher Boy  The (1998),4.313054
631,Brothers in Trouble (1995),4.313054
631,Close Shave  A (1995),4.284218
632,Angel Baby (1995),5.2150593
632,Boys  Les (1997),5.1128893
632,Saint of Fort Washington  The (1993),4.5183764
632,Golden Earrings (1947),4.4603543
632,Schindler's List (1993),4.388211
632,Pather Panchali (1955),4.377948
632,Raiders of the Lost Ark (1981),4.3691754
632,Star Wars (1977),4.334619
632,Shawshank Redemption  The (1994),4.334537
632,Santa with Muscles (1996),4.3206673
633,Golden Earrings (1947),4.2357926
633,Saint of Fort Washington  The (1993),4.1349225
633,Titanic (1997),3.967927
633,Santa with Muscles (1996),3.9431524
633,Raiders of the Lost Ark (1981),3.9191387
633,Shawshank Redemption  The (1994),3.8927195
633,Braveheart (1995),3.8850198
633,Star Kid (1997),3.855222
633,Horseman on the Roof  The (Hussard sur le toit  Le) (1995),3.8527462
633,Star Wars (1977),3.8403735
634,Saint of Fort Washington  The (1993),4.6662326
634,Star Kid (1997),4.4976597
634,Spanish Prisoner  The (1997),4.4852543
634,Butcher Boy  The (1998),4.4852543
634,Butcher Boy  The (1998),4.4852543
634,Brothers in Trouble (1995),4.4852543
634,Winter Guest  The (1997),4.4517694
634,Santa with Muscles (1996),4.436712
634,Some Mother's Son (1996),4.3913403
634,Pather Panchali (1955),4.3519187
635,Santa with Muscles (1996),4.738594
635,Star Kid (1997),4.51803
635,Saint of Fort Washington  The (1993),4.510613
635,Wrong Trousers  The (1993),4.4929647
635,Pather Panchali (1955),4.492622
635,Wallace & Gromit: The Best of Aardman Animation (1996),4.482391
635,Close Shave  A (1995),4.4727917
635,Faust (1994),4.471209
635,Spanish Prisoner  The (1997),4.45501
635,Butcher Boy  The (1998),4.45501
636,Winter Guest  The (1997),6.2477694
636,Saint of Fort Washington  The (1993),5.853784
636,Harlem (1993),5.807632
636,Ayn Rand: A Sense of Life (1997),5.6116586
636,Leading Man  The (1996),5.602182
636,Santa with Muscles (1996),5.5877457
636,Killer (Bulletproof Heart) (1994),5.554648
636,Star Kid (1997),5.5296555
636,Slingshot  The (1993),5.4336047
636,Frisk (1995),5.375574
637,N?nette et Boni (1996),3.968233
637,Visitors  The (Visiteurs  Les) (1993),3.6489582
637,Sum of Us  The (1994),3.6267626
637,Horseman on the Roof  The (Hussard sur le toit  Le) (1995),3.5705945
637,Whole Wide World  The (1996),3.5692945
637,Angel Baby (1995),3.5440342
637,Someone Else's America (1995),3.474828
637,Great Day in Harlem  A (1994),3.4680135
637,Dangerous Beauty (1998),3.4590983
637,Boys of St. Vincent  The (1993),3.443369
638,Saint of Fort Washington  The (1993),4.5094433
638,Boys  Les (1997),4.3730507
638,Golden Earrings (1947),4.329076
638,Santa with Muscles (1996),4.246141
638,Raiders of the Lost Ark (1981),4.1740775
638,Star Wars (1977),4.156435
638,Empire Strikes Back  The (1980),4.0915337
638,Titanic (1997),4.0832834
638,Braveheart (1995),4.062795
638,Terminator  The (1984),4.047572
639,Angel Baby (1995),4.5929856
639,N?nette et Boni (1996),4.120278
639,In the Bleak Midwinter (1995),3.9788995
639,C'est arriv? pr?s de chez vous (1992),3.846221
639,Someone Else's America (1995),3.8371155
639,Boys  Les (1997),3.7756248
639,Pather Panchali (1955),3.7019808
639,The Deadly Cure (1996),3.671562
639,House of Yes  The (1997),3.6044033
639,Little Princess  The (1939),3.5985382
640,Boys  Les (1997),5.7525177
640,Saint of Fort Washington  The (1993),5.662679
640,Santa with Muscles (1996),5.640733
640,Angel Baby (1995),5.401995
640,Pather Panchali (1955),5.3483896
640,Star Kid (1997),5.345459
640,Spanish Prisoner  The (1997),5.2805586
640,Butcher Boy  The (1998),5.2805586
640,Butcher Boy  The (1998),5.2805586
640,Brothers in Trouble (1995),5.2805586
641,Boys  Les (1997),5.234273
641,Boy's Life 2 (1997),5.1191397
641,Aiqing wansui (1994),5.0005746
641,Mina Tannenbaum (1994),4.989493
641,Pather Panchali (1955),4.9413767
641,American Dream (1990),4.940603
641,Kaspar Hauser (1993),4.9117417
641,Some Mother's Son (1996),4.8564744
641,Angel Baby (1995),4.8506317
641,Faust (1994),4.838773
642,Hurricane Streets (1998),5.962807
642,Doom Generation  The (1995),5.065186
642,Leading Man  The (1996),4.928986
642,Radioland Murders (1994),4.8903427
642,Sum of Us  The (1994),4.8791814
642,Golden Earrings (1947),4.8729362
642,Slingshot  The (1993),4.8324795
642,Horseman on the Roof  The (Hussard sur le toit  Le) (1995),4.831292
642,Three Wishes (1995),4.7958446
642,Rendezvous in Paris (Rendez-vous de Paris  Les) (1995),4.793463
643,Boys  Les (1997),5.3069916
643,Saint of Fort Washington  The (1993),4.9624944
643,Santa with Muscles (1996),4.846509
643,Angel Baby (1995),4.802952
643,Pather Panchali (1955),4.755542
643,Spanish Prisoner  The (1997),4.68629
643,Butcher Boy  The (1998),4.68629
643,Butcher Boy  The (1998),4.68629
643,Brothers in Trouble (1995),4.68629
643,Star Kid (1997),4.608354
644,Hurricane Streets (1998),6.068705
644,8 Heads in a Duffel Bag (1997),5.7272296
644,Golden Earrings (1947),5.582011
644,Doom Generation  The (1995),5.0664153
644,Leading Man  The (1996),5.0549083
644,Saint of Fort Washington  The (1993),4.9870887
644,Winter Guest  The (1997),4.9605703
644,Frisk (1995),4.8882513
644,Radioland Murders (1994),4.8882203
644,Shawshank Redemption  The (1994),4.864795
645,Boys  Les (1997),5.6414957
645,Angel Baby (1995),5.5123386
645,Pather Panchali (1955),5.0249987
645,Boy's Life 2 (1997),4.943763
645,Aiqing wansui (1994),4.8974805
645,World of Apu  The (Apur Sansar) (1959),4.8307424
645,Anna (1996),4.8211446
645,The Deadly Cure (1996),4.774568
645,Faust (1994),4.774284
645,Some Mother's Son (1996),4.748945
646,Horseman on the Roof  The (Hussard sur le toit  Le) (1995),3.975265
646,Santa with Muscles (1996),3.9446144
646,Star Kid (1997),3.8403378
646,Whole Wide World  The (1996),3.835053
646,Titanic (1997),3.7713213
646,Wrong Trousers  The (1993),3.7707908
646,Saint of Fort Washington  The (1993),3.752771
646,Wallace & Gromit: The Best of Aardman Animation (1996),3.6924517
646,Some Folks Call It a Sling Blade (1993),3.6829653
646,Boys of St. Vincent  The (1993),3.6780925
647,Saint of Fort Washington  The (1993),4.8141456
647,Golden Earrings (1947),4.6449194
647,Star Kid (1997),4.641966
647,Santa with Muscles (1996),4.638318
647,Pather Panchali (1955),4.5764785
647,Shawshank Redemption  The (1994),4.552698
647,Spanish Prisoner  The (1997),4.552248
647,Butcher Boy  The (1998),4.552248
647,Butcher Boy  The (1998),4.552248
647,Brothers in Trouble (1995),4.552248
648,Santa with Muscles (1996),4.6633234
648,Love in the Afternoon (1957),4.5729885
648,Titanic (1997),4.5596766
648,Horseman on the Roof  The (Hussard sur le toit  Le) (1995),4.533779
648,Star Wars (1977),4.520868
648,Raiders of the Lost Ark (1981),4.4843783
648,Saint of Fort Washington  The (1993),4.474518
648,Empire Strikes Back  The (1980),4.391512
648,Wrong Trousers  The (1993),4.349611
648,Golden Earrings (1947),4.3337793
649,Golden Earrings (1947),5.057175
649,Saint of Fort Washington  The (1993),4.978455
649,8 Heads in a Duffel Bag (1997),4.978128
649,Shawshank Redemption  The (1994),4.6802096
649,Braveheart (1995),4.582433
649,Schindler's List (1993),4.5808353
649,Star Kid (1997),4.5566063
649,Boys  Les (1997),4.519356
649,Santa with Muscles (1996),4.518757
649,Raiders of the Lost Ark (1981),4.5155144
650,Boys  Les (1997),4.2879863
650,Angel Baby (1995),4.2030706
650,Santa with Muscles (1996),4.1678605
650,Saint of Fort Washington  The (1993),4.1570473
650,Pather Panchali (1955),4.068019
650,Star Kid (1997),3.991054
650,Spanish Prisoner  The (1997),3.9599862
650,Butcher Boy  The (1998),3.9599862
650,Butcher Boy  The (1998),3.9599862
650,Brothers in Trouble (1995),3.9599862
651,Angel Baby (1995),4.6378984
651,Boys  Les (1997),4.594384
651,Pather Panchali (1955),4.491773
651,Some Mother's Son (1996),4.385403
651,Anna (1996),4.3565702
651,Spanish Prisoner  The (1997),4.2906084
651,Butcher Boy  The (1998),4.2906084
651,Butcher Boy  The (1998),4.2906084
651,Brothers in Trouble (1995),4.2906084
651,Boy's Life 2 (1997),4.269742
652,Golden Earrings (1947),4.1956744
652,Hurricane Streets (1998),4.1058974
652,8 Heads in a Duffel Bag (1997),4.0827923
652,Schindler's List (1993),3.97496
652,Angel Baby (1995),3.9746377
652,Saint of Fort Washington  The (1993),3.9615223
652,Shawshank Redemption  The (1994),3.937795
652,Horseman on the Roof  The (Hussard sur le toit  Le) (1995),3.9243095
652,Pather Panchali (1955),3.9033737
652,Star Kid (1997),3.8974366
653,Santa with Muscles (1996),3.8074417
653,Boys  Les (1997),3.7577064
653,Saint of Fort Washington  The (1993),3.7332003
653,Star Wars (1977),3.6499922
653,Raiders of the Lost Ark (1981),3.5635974
653,Empire Strikes Back  The (1980),3.5417037
653,Titanic (1997),3.533338
653,Love in the Afternoon (1957),3.5249565
653,My Man Godfrey (1936),3.4960039
653,Wrong Trousers  The (1993),3.4775202
654,Angel Baby (1995),4.8025956
654,Golden Earrings (1947),4.757243
654,Saint of Fort Washington  The (1993),4.620161
654,Raiders of the Lost Ark (1981),4.5514445
654,Boys  Les (1997),4.5347533
654,Santa with Muscles (1996),4.5178785
654,Schindler's List (1993),4.5100083
654,Shawshank Redemption  The (1994),4.4901695
654,Star Wars (1977),4.4763885
654,Titanic (1997),4.4742656
655,Pather Panchali (1955),3.874362
655,Some Mother's Son (1996),3.8445024
655,Spanish Prisoner  The (1997),3.8194902
655,Butcher Boy  The (1998),3.8194902
655,Butcher Boy  The (1998),3.8194902
655,Brothers in Trouble (1995),3.8194902
655,Anna (1996),3.7847016
655,Saint of Fort Washington  The (1993),3.782219
655,Boys  Les (1997),3.77939
655,Star Kid (1997),3.700722
656,Boys  Les (1997),4.807186
656,Angel Baby (1995),4.1024175
656,Mina Tannenbaum (1994),4.083257
656,Braindead (1992),3.9215057
656,Faust (1994),3.838827
656,Aiqing wansui (1994),3.8250413
656,Boy's Life 2 (1997),3.8042383
656,In the Line of Duty 2 (1987),3.794288
656,Paradise Lost: The Child Murders at Robin Hood Hills (1996),3.7649472
656,Clockwork Orange  A (1971),3.735455
657,Year of the Horse (1997),5.0720963
657,Bitter Sugar (Azucar Amargo) (1996),5.0443068
657,Hurricane Streets (1998),4.91447
657,Rendezvous in Paris (Rendez-vous de Paris  Les) (1995),4.8686213
657,Hugo Pool (1997),4.8014574
657,Slingshot  The (1993),4.7881784
657,Stalker (1979),4.7712
657,Some Mother's Son (1996),4.7705927
657,Burnt By the Sun (1994),4.727918
657,Incognito (1997),4.618884
658,Boys  Les (1997),4.7392955
658,Angel Baby (1995),4.625702
658,Saint of Fort Washington  The (1993),4.618171
658,Pather Panchali (1955),4.5994334
658,Spanish Prisoner  The (1997),4.4899473
658,Butcher Boy  The (1998),4.4899473
658,Butcher Boy  The (1998),4.4899473
658,Brothers in Trouble (1995),4.4899473
658,Santa with Muscles (1996),4.4766693
658,Anna (1996),4.458145
659,Angel Baby (1995),5.1093125
659,Boys  Les (1997),4.944068
659,Pather Panchali (1955),4.7456307
659,Saint of Fort Washington  The (1993),4.640613
659,Anna (1996),4.5800753
659,Spanish Prisoner  The (1997),4.5074587
659,Butcher Boy  The (1998),4.5074587
659,Butcher Boy  The (1998),4.5074587
659,Brothers in Trouble (1995),4.5074587
659,Some Mother's Son (1996),4.4768815
660,Santa with Muscles (1996),3.6364944
660,Angel Baby (1995),3.6119087
660,Boys  Les (1997),3.5646105
660,Pather Panchali (1955),3.5276718
660,Saint of Fort Washington  The (1993),3.4921188
660,Close Shave  A (1995),3.4790928
660,Star Kid (1997),3.4748461
660,Anna (1996),3.4597843
660,Wrong Trousers  The (1993),3.45961
660,Faust (1994),3.442549
661,Angel Baby (1995),5.319872
661,Boys  Les (1997),5.247204
661,Saint of Fort Washington  The (1993),4.7865744
661,Pather Panchali (1955),4.739767
661,Santa with Muscles (1996),4.7366557
661,Schindler's List (1993),4.570492
661,Star Wars (1977),4.554124
661,Anna (1996),4.553938
661,They Made Me a Criminal (1939),4.5521517
661,Casablanca (1942),4.5267763
662,American Dream (1990),5.2123256
662,Stalker (1979),5.135379
662,Bitter Sugar (Azucar Amargo) (1996),5.1339517
662,Little City (1998),4.9715567
662,Slingshot  The (1993),4.970843
662,Some Mother's Son (1996),4.9506836
662,Double vie de V?ronique  La (Double Life of Veronique  The) (1991),4.9358068
662,Kaspar Hauser (1993),4.9146485
662,Boy's Life 2 (1997),4.842006
662,Pillow Book  The (1995),4.8377304
663,Saint of Fort Washington  The (1993),4.915993
663,Boys  Les (1997),4.687759
663,Santa with Muscles (1996),4.5457487
663,Golden Earrings (1947),4.514877
663,Spanish Prisoner  The (1997),4.474191
663,Butcher Boy  The (1998),4.474191
663,Butcher Boy  The (1998),4.474191
663,Brothers in Trouble (1995),4.474191
663,Star Kid (1997),4.466272
663,Shawshank Redemption  The (1994),4.445073
664,Boys  Les (1997),5.370868
664,Angel Baby (1995),5.348214
664,Pather Panchali (1955),4.7500014
664,Faust (1994),4.6950855
664,Santa with Muscles (1996),4.6687975
664,Anna (1996),4.5704517
664,Close Shave  A (1995),4.5396767
664,Aiqing wansui (1994),4.5326815
664,Saint of Fort Washington  The (1993),4.51548
664,They Made Me a Criminal (1939),4.471234
665,Saint of Fort Washington  The (1993),4.5085416
665,Some Mother's Son (1996),4.4774003
665,Spanish Prisoner  The (1997),4.4748573
665,Butcher Boy  The (1998),4.4748573
665,Butcher Boy  The (1998),4.4748573
665,Brothers in Trouble (1995),4.4748573
665,Star Kid (1997),4.445239
665,Pather Panchali (1955),4.3651357
665,Slingshot  The (1993),4.3542414
665,Anna (1996),4.330702
666,Boys  Les (1997),4.8061805
666,Angel Baby (1995),4.7880125
666,Pather Panchali (1955),4.706147
666,Anna (1996),4.58413
666,Some Mother's Son (1996),4.5830913
666,Spanish Prisoner  The (1997),4.541414
666,Butcher Boy  The (1998),4.541414
666,Butcher Boy  The (1998),4.541414
666,Brothers in Trouble (1995),4.541414
666,Santa with Muscles (1996),4.4971805
667,Angel Baby (1995),5.744399
667,Boys  Les (1997),5.2845063
667,World of Apu  The (Apur Sansar) (1959),4.9780583
667,Pather Panchali (1955),4.9129033
667,The Deadly Cure (1996),4.8692617
667,Anna (1996),4.712574
667,Someone Else's America (1995),4.6735506
667,In the Bleak Midwinter (1995),4.666803
667,Some Mother's Son (1996),4.5978746
667,Casablanca (1942),4.5112205
668,Saint of Fort Washington  The (1993),4.748693
668,Santa with Muscles (1996),4.729355
668,Star Kid (1997),4.593339
668,Spanish Prisoner  The (1997),4.5334396
668,Butcher Boy  The (1998),4.5334396
668,Butcher Boy  The (1998),4.5334396
668,Brothers in Trouble (1995),4.5334396
668,Winter Guest  The (1997),4.4906244
668,Wallace & Gromit: The Best of Aardman Animation (1996),4.389174
668,Little City (1998),4.3807664
669,Boys  Les (1997),5.347823
669,Angel Baby (1995),5.3319883
669,Faust (1994),4.493599
669,Paths of Glory (1957),4.3382993
669,Pather Panchali (1955),4.3021965
669,Aiqing wansui (1994),4.2990556
669,Santa with Muscles (1996),4.2487783
669,When We Were Kings (1996),4.2467604
669,Close Shave  A (1995),4.245234
669,C'est arriv? pr?s de chez vous (1992),4.232534
670,Angel Baby (1995),5.400223
670,Boys  Les (1997),5.0319433
670,It's a Wonderful Life (1946),4.3426566
670,Great Day in Harlem  A (1994),4.3325357
670,Raiders of the Lost Ark (1981),4.3192563
670,Schindler's List (1993),4.3146114
670,Star Wars (1977),4.314334
670,Pather Panchali (1955),4.2953286
670,Little Princess  The (1939),4.2906017
670,Someone Else's America (1995),4.287936
671,Golden Earrings (1947),4.700599
671,Saint of Fort Washington  The (1993),4.620022
671,Titanic (1997),4.538058
671,Santa with Muscles (1996),4.478476
671,Horseman on the Roof  The (Hussard sur le toit  Le) (1995),4.461844
671,Ayn Rand: A Sense of Life (1997),4.4568086
671,Star Kid (1997),4.39917
671,Hurricane Streets (1998),4.391105
671,Raiders of the Lost Ark (1981),4.3498893
671,Shawshank Redemption  The (1994),4.3262796
672,Bitter Sugar (Azucar Amargo) (1996),4.9773736
672,Slingshot  The (1993),4.953601
672,Stalker (1979),4.951216
672,Some Mother's Son (1996),4.821721
672,American Dream (1990),4.812447
672,Love and Death on Long Island (1997),4.6402235
672,Double vie de V?ronique  La (Double Life of Veronique  The) (1991),4.6256804
672,Spanish Prisoner  The (1997),4.580718
672,Butcher Boy  The (1998),4.580718
672,Butcher Boy  The (1998),4.580718
673,Angel Baby (1995),5.3113303
673,Pather Panchali (1955),5.04693
673,Boys  Les (1997),5.0158105
673,Anna (1996),4.8909626
673,Saint of Fort Washington  The (1993),4.877595
673,Some Mother's Son (1996),4.8431783
673,Spanish Prisoner  The (1997),4.8080697
673,Butcher Boy  The (1998),4.8080697
673,Butcher Boy  The (1998),4.8080697
673,Brothers in Trouble (1995),4.8080697
674,Hurricane Streets (1998),4.6414557
674,Golden Earrings (1947),4.634078
674,Saint of Fort Washington  The (1993),4.605277
674,Titanic (1997),4.4221725
674,Star Kid (1997),4.4205556
674,Ayn Rand: A Sense of Life (1997),4.3958364
674,Santa with Muscles (1996),4.3842735
674,Leading Man  The (1996),4.3694615
674,Horseman on the Roof  The (Hussard sur le toit  Le) (1995),4.3587036
674,Winter Guest  The (1997),4.3368597
675,Angel Baby (1995),5.7510066
675,World of Apu  The (Apur Sansar) (1959),5.69503
675,Aparajito (1956),5.429405
675,The Deadly Cure (1996),5.327678
675,Boy's Life 2 (1997),5.236366
675,Boys  Les (1997),5.168042
675,In the Bleak Midwinter (1995),5.037039
675,Aiqing wansui (1994),5.0078754
675,Pather Panchali (1955),4.9068513
675,Entertaining Angels: The Dorothy Day Story (1996),4.8597326
676,Angel Baby (1995),5.1453485
676,Golden Earrings (1947),4.9551415
676,Raiders of the Lost Ark (1981),4.76424
676,Boys  Les (1997),4.752638
676,Love in the Afternoon (1957),4.706637
676,It's a Wonderful Life (1946),4.6966043
676,Saint of Fort Washington  The (1993),4.6725717
676,Schindler's List (1993),4.6644597
676,Star Wars (1977),4.6566906
676,Braveheart (1995),4.646692
677,Winter Guest  The (1997),6.391882
677,In the Line of Duty 2 (1987),6.129001
677,Love and Death on Long Island (1997),5.5435753
677,Paradise Lost: The Child Murders at Robin Hood Hills (1996),5.511539
677,Saint of Fort Washington  The (1993),5.4936543
677,Harlem (1993),5.4634104
677,Bitter Moon (1992),5.318814
677,Happy Gilmore (1996),5.3106318
677,Golden Earrings (1947),5.1648655
677,Frisk (1995),5.163806
678,Saint of Fort Washington  The (1993),4.5325356
678,Santa with Muscles (1996),4.4750366
678,Boys  Les (1997),4.21436
678,Star Kid (1997),4.193685
678,Spanish Prisoner  The (1997),4.102279
678,Butcher Boy  The (1998),4.102279
678,Butcher Boy  The (1998),4.102279
678,Brothers in Trouble (1995),4.102279
678,My Man Godfrey (1936),4.0964394
678,Star Wars (1977),4.0719543
679,Boys  Les (1997),4.8699975
679,Saint of Fort Washington  The (1993),4.67334
679,Santa with Muscles (1996),4.6072865
679,Angel Baby (1995),4.5200925
679,Pather Panchali (1955),4.4871216
679,Spanish Prisoner  The (1997),4.42048
679,Butcher Boy  The (1998),4.42048
679,Butcher Boy  The (1998),4.42048
679,Brothers in Trouble (1995),4.42048
679,Star Kid (1997),4.395763
680,Santa with Muscles (1996),4.990395
680,Pather Panchali (1955),4.939053
680,Some Mother's Son (1996),4.905084
680,Spanish Prisoner  The (1997),4.891115
680,Butcher Boy  The (1998),4.891115
680,Butcher Boy  The (1998),4.891115
680,Brothers in Trouble (1995),4.891115
680,Anna (1996),4.8785725
680,Star Kid (1997),4.875521
680,Saint of Fort Washington  The (1993),4.8316617
681,N?nette et Boni (1996),5.596633
681,Rendezvous in Paris (Rendez-vous de Paris  Les) (1995),5.3774114
681,Hurricane Streets (1998),5.0246315
681,Hugo Pool (1997),4.95548
681,Sum of Us  The (1994),4.950232
681,Swept from the Sea (1997),4.6884074
681,Dangerous Beauty (1998),4.614492
681,Love! Valour! Compassion! (1997),4.5111446
681,Someone Else's America (1995),4.510746
681,Two Much (1996),4.509278
682,Saint of Fort Washington  The (1993),4.4815235
682,Boys  Les (1997),4.234958
682,Spanish Prisoner  The (1997),4.136788
682,Butcher Boy  The (1998),4.136788
682,Butcher Boy  The (1998),4.136788
682,Brothers in Trouble (1995),4.136788
682,Golden Earrings (1947),4.1358976
682,Santa with Muscles (1996),4.1357827
682,Pather Panchali (1955),4.1167703
682,Star Kid (1997),4.112712
683,Boys  Les (1997),4.9418283
683,Angel Baby (1995),4.837824
683,Pather Panchali (1955),4.5728655
683,Saint of Fort Washington  The (1993),4.41291
683,Anna (1996),4.407212
683,Spanish Prisoner  The (1997),4.374719
683,Butcher Boy  The (1998),4.374719
683,Butcher Boy  The (1998),4.374719
683,Brothers in Trouble (1995),4.374719
683,Santa with Muscles (1996),4.3574133
684,Horseman on the Roof  The (Hussard sur le toit  Le) (1995),4.505318
684,Santa with Muscles (1996),4.439761
684,Titanic (1997),4.3452997
684,Saint of Fort Washington  The (1993),4.310446
684,Star Kid (1997),4.303825
684,Golden Earrings (1947),4.2476263
684,Whole Wide World  The (1996),4.245287
684,Wrong Trousers  The (1993),4.24485
684,Star Wars (1977),4.2202916
684,Raiders of the Lost Ark (1981),4.210158
685,Mina Tannenbaum (1994),2.780301
685,Some Mother's Son (1996),2.771944
685,Spanish Prisoner  The (1997),2.7638397
685,Butcher Boy  The (1998),2.7638397
685,Butcher Boy  The (1998),2.7638397
685,Brothers in Trouble (1995),2.7638397
685,Pather Panchali (1955),2.7575512
685,American Dream (1990),2.7464712
685,Love and Death on Long Island (1997),2.7444937
685,Boys  Les (1997),2.7322345
686,Angel Baby (1995),5.972324
686,Boys  Les (1997),5.9106684
686,Pather Panchali (1955),5.6779885
686,Some Mother's Son (1996),5.4946156
686,Anna (1996),5.4733205
686,The Deadly Cure (1996),5.4672713
686,World of Apu  The (Apur Sansar) (1959),5.44094
686,Spanish Prisoner  The (1997),5.3896685
686,Butcher Boy  The (1998),5.3896685
686,Butcher Boy  The (1998),5.3896685
687,Saint of Fort Washington  The (1993),5.198648
687,Boys  Les (1997),5.1361227
687,Santa with Muscles (1996),4.924837
687,Pather Panchali (1955),4.821215
687,Star Kid (1997),4.7920628
687,Spanish Prisoner  The (1997),4.785174
687,Butcher Boy  The (1998),4.785174
687,Butcher Boy  The (1998),4.785174
687,Brothers in Trouble (1995),4.785174
687,Angel Baby (1995),4.7848053
688,Hurricane Streets (1998),6.818448
688,Golden Earrings (1947),6.580442
688,8 Heads in a Duffel Bag (1997),6.389542
688,Saint of Fort Washington  The (1993),6.332616
688,Leading Man  The (1996),6.115458
688,Winter Guest  The (1997),6.1119475
688,Star Kid (1997),6.0691733
688,Titanic (1997),6.002221
688,Shawshank Redemption  The (1994),5.9999113
688,Ayn Rand: A Sense of Life (1997),5.9063587
689,Harlem (1993),5.3173213
689,Man in the Iron Mask  The (1998),5.221296
689,Ayn Rand: A Sense of Life (1997),5.1181927
689,Santa with Muscles (1996),5.099563
689,Saint of Fort Washington  The (1993),4.897739
689,Titanic (1997),4.8773737
689,My Man Godfrey (1936),4.785785
689,Star Wars (1977),4.7850432
689,Love in the Afternoon (1957),4.763765
689,Terminator  The (1984),4.7386866
690,8 Heads in a Duffel Bag (1997),4.6397166
690,Golden Earrings (1947),4.442038
690,Saint of Fort Washington  The (1993),4.282982
690,Shawshank Redemption  The (1994),4.038312
690,Hurricane Streets (1998),4.026004
690,Schindler's List (1993),3.95074
690,Braveheart (1995),3.9493062
690,Boys  Les (1997),3.9023993
690,Pather Panchali (1955),3.8934302
690,Legal Deceit (1997),3.8881342
691,Pather Panchali (1955),5.3996854
691,Some Mother's Son (1996),5.3584795
691,Angel Baby (1995),5.3581395
691,Anna (1996),5.2793713
691,Spanish Prisoner  The (1997),5.213455
691,Butcher Boy  The (1998),5.213455
691,Butcher Boy  The (1998),5.213455
691,Brothers in Trouble (1995),5.213455
691,Saint of Fort Washington  The (1993),5.0940056
691,Star Kid (1997),5.0485206
692,Hurricane Streets (1998),4.3407288
692,Saint of Fort Washington  The (1993),4.304172
692,8 Heads in a Duffel Bag (1997),4.284383
692,Spanish Prisoner  The (1997),4.201015
692,Butcher Boy  The (1998),4.201015
692,Butcher Boy  The (1998),4.201015
692,Brothers in Trouble (1995),4.201015
692,Some Mother's Son (1996),4.1985855
692,Winter Guest  The (1997),4.1760736
692,Star Kid (1997),4.160484
693,Pather Panchali (1955),3.997313
693,Saint of Fort Washington  The (1993),3.9839616
693,Some Mother's Son (1996),3.9633896
693,Spanish Prisoner  The (1997),3.9376564
693,Butcher Boy  The (1998),3.9376564
693,Butcher Boy  The (1998),3.9376564
693,Brothers in Trouble (1995),3.9376564
693,8 Heads in a Duffel Bag (1997),3.920078
693,Anna (1996),3.8927238
693,Star Kid (1997),3.8200004
694,Angel Baby (1995),5.378129
694,Boys  Les (1997),5.3051558
694,Saint of Fort Washington  The (1993),5.0250854
694,Pather Panchali (1955),4.9165487
694,Santa with Muscles (1996),4.908495
694,Schindler's List (1993),4.782519
694,Shawshank Redemption  The (1994),4.7562003
694,Star Kid (1997),4.7412224
694,Anna (1996),4.73564
694,They Made Me a Criminal (1939),4.729954
695,Love and Death on Long Island (1997),6.0373406
695,8 Heads in a Duffel Bag (1997),5.561441
695,Year of the Horse (1997),5.543403
695,World of Apu  The (Apur Sansar) (1959),5.4273343
695,Bad Taste (1987),5.3717933
695,Burnt By the Sun (1994),5.230307
695,Big Lebowski  The (1998),5.1826305
695,Incognito (1997),5.1554112
695,The Deadly Cure (1996),5.124471
695,Caught (1996),5.009728
696,Angel Baby (1995),5.106506
696,Some Mother's Son (1996),5.0631423
696,Pather Panchali (1955),5.060272
696,Anna (1996),5.0009985
696,N?nette et Boni (1996),4.9456754
696,Spanish Prisoner  The (1997),4.8318715
696,Butcher Boy  The (1998),4.8318715
696,Butcher Boy  The (1998),4.8318715
696,Brothers in Trouble (1995),4.8318715
696,Bitter Sugar (Azucar Amargo) (1996),4.821884
697,Boys  Les (1997),5.97143
697,Angel Baby (1995),5.588989
697,Saint of Fort Washington  The (1993),5.584109
697,Pather Panchali (1955),5.381436
697,Santa with Muscles (1996),5.2377725
697,Spanish Prisoner  The (1997),5.235479
697,Butcher Boy  The (1998),5.235479
697,Butcher Boy  The (1998),5.235479
697,Brothers in Trouble (1995),5.235479
697,Anna (1996),5.1421337
698,Saint of Fort Washington  The (1993),3.6300316
698,Golden Earrings (1947),3.5060163
698,Hurricane Streets (1998),3.4930983
698,Star Kid (1997),3.469343
698,Spanish Prisoner  The (1997),3.4234567
698,Butcher Boy  The (1998),3.4234567
698,Butcher Boy  The (1998),3.4234567
698,Brothers in Trouble (1995),3.4234567
698,8 Heads in a Duffel Bag (1997),3.4076366
698,Winter Guest  The (1997),3.4020925
699,Slingshot  The (1993),4.416427
699,Some Mother's Son (1996),4.3982306
699,Love and Death on Long Island (1997),4.3461404
699,Bitter Sugar (Azucar Amargo) (1996),4.31175
699,Hurricane Streets (1998),4.260615
699,Spanish Prisoner  The (1997),4.2563133
699,Butcher Boy  The (1998),4.2563133
699,Butcher Boy  The (1998),4.2563133
699,Brothers in Trouble (1995),4.2563133
699,Stalker (1979),4.2405405
700,Boys  Les (1997),4.351753
700,Angel Baby (1995),4.272793
700,Saint of Fort Washington  The (1993),4.1507926
700,Santa with Muscles (1996),4.131319
700,Star Wars (1977),4.0186644
700,Raiders of the Lost Ark (1981),3.9818907
700,Golden Earrings (1947),3.9152057
700,Empire Strikes Back  The (1980),3.8986273
700,Shawshank Redemption  The (1994),3.8817565
700,Titanic (1997),3.8692944
701,Santa with Muscles (1996),5.164049
701,Pather Panchali (1955),5.1521835
701,Anna (1996),5.104879
701,Some Mother's Son (1996),5.0940948
701,Star Kid (1997),5.066858
701,Angel Baby (1995),5.052435
701,Spanish Prisoner  The (1997),5.030924
701,Butcher Boy  The (1998),5.030924
701,Butcher Boy  The (1998),5.030924
701,Brothers in Trouble (1995),5.030924
702,Ballad of Narayama  The (Narayama Bushiko) (1958),4.656056
702,Hearts and Minds (1996),4.5054336
702,Boys  Les (1997),4.1809716
702,Great Day in Harlem  A (1994),4.178154
702,Santa with Muscles (1996),4.142559
702,Love in the Afternoon (1957),4.125714
702,Faust (1994),4.1134014
702,Star Wars (1977),4.05936
702,Close Shave  A (1995),4.005641
702,Cronos (1992),3.9872565
703,Boys  Les (1997),5.1995606
703,Saint of Fort Washington  The (1993),4.9364047
703,Golden Earrings (1947),4.8069544
703,Angel Baby (1995),4.8030066
703,Raiders of the Lost Ark (1981),4.6798925
703,Santa with Muscles (1996),4.6682453
703,Star Wars (1977),4.6483502
703,Empire Strikes Back  The (1980),4.5663166
703,Braveheart (1995),4.5490956
703,Shawshank Redemption  The (1994),4.5371113
704,Angel Baby (1995),5.3831306
704,Boys  Les (1997),5.154692
704,Pather Panchali (1955),4.6641455
704,Anna (1996),4.4675236
704,The Deadly Cure (1996),4.3759894
704,Someone Else's America (1995),4.3652663
704,World of Apu  The (Apur Sansar) (1959),4.3497963
704,Saint of Fort Washington  The (1993),4.337274
704,Casablanca (1942),4.331852
704,Some Mother's Son (1996),4.312291
705,Hurricane Streets (1998),5.744498
705,Doom Generation  The (1995),5.1807127
705,Golden Earrings (1947),4.904187
705,Ayn Rand: A Sense of Life (1997),4.803993
705,Visitors  The (Visiteurs  Les) (1993),4.7672195
705,Rough Magic (1995),4.751032
705,Leading Man  The (1996),4.663468
705,Radioland Murders (1994),4.6281
705,8 Heads in a Duffel Bag (1997),4.559627
705,Horseman on the Roof  The (Hussard sur le toit  Le) (1995),4.5076623
706,Hurricane Streets (1998),4.602703
706,Golden Earrings (1947),4.4556446
706,Horseman on the Roof  The (Hussard sur le toit  Le) (1995),4.2501836
706,8 Heads in a Duffel Bag (1997),4.2055254
706,Visitors  The (Visiteurs  Les) (1993),4.1841764
706,Titanic (1997),4.15795
706,Saint of Fort Washington  The (1993),4.1041384
706,Star Kid (1997),4.1019588
706,Shawshank Redemption  The (1994),4.08608
706,Schindler's List (1993),4.085309
707,Bitter Sugar (Azucar Amargo) (1996),4.928512
707,Year of the Horse (1997),4.9033422
707,Some Mother's Son (1996),4.7987504
707,American Dream (1990),4.623047
707,The Deadly Cure (1996),4.606485
707,Burnt By the Sun (1994),4.5625815
707,Pather Panchali (1955),4.536903
707,Anna (1996),4.530984
707,N?nette et Boni (1996),4.507538
707,Incognito (1997),4.50378
708,Golden Earrings (1947),4.485027
708,Santa with Muscles (1996),4.4704547
708,Titanic (1997),4.4642634
708,Horseman on the Roof  The (Hussard sur le toit  Le) (1995),4.4545093
708,Saint of Fort Washington  The (1993),4.4248567
708,Love in the Afternoon (1957),4.4092093
708,Raiders of the Lost Ark (1981),4.3995433
708,Star Wars (1977),4.3641453
708,Visitors  The (Visiteurs  Les) (1993),4.25269
708,Empire Strikes Back  The (1980),4.2490654
709,Saint of Fort Washington  The (1993),4.867415
709,Golden Earrings (1947),4.664444
709,Winter Guest  The (1997),4.559446
709,8 Heads in a Duffel Bag (1997),4.456347
709,Santa with Muscles (1996),4.4072585
709,Shawshank Redemption  The (1994),4.390178
709,Star Kid (1997),4.362541
709,Boys  Les (1997),4.3353744
709,Spanish Prisoner  The (1997),4.3230014
709,Butcher Boy  The (1998),4.3230014
710,Boys  Les (1997),5.325507
710,Angel Baby (1995),5.1906114
710,Pather Panchali (1955),4.7023377
710,Saint of Fort Washington  The (1993),4.55364
710,Anna (1996),4.4881735
710,Spanish Prisoner  The (1997),4.439306
710,Butcher Boy  The (1998),4.439306
710,Butcher Boy  The (1998),4.439306
710,Brothers in Trouble (1995),4.439306
710,Santa with Muscles (1996),4.416385
711,Angel Baby (1995),5.5652432
711,N?nette et Boni (1996),5.306845
711,Pather Panchali (1955),5.299291
711,Some Mother's Son (1996),5.2828126
711,Anna (1996),5.216363
711,The Deadly Cure (1996),5.2070446
711,Someone Else's America (1995),5.092848
711,Year of the Horse (1997),5.080149
711,Bitter Sugar (Azucar Amargo) (1996),5.017362
711,In the Bleak Midwinter (1995),4.9800696
712,Hurricane Streets (1998),5.9671664
712,Visitors  The (Visiteurs  Les) (1993),5.369996
712,Doom Generation  The (1995),5.1608143
712,Golden Earrings (1947),5.109745
712,Sum of Us  The (1994),4.980851
712,Rendezvous in Paris (Rendez-vous de Paris  Les) (1995),4.8865485
712,Rough Magic (1995),4.8342853
712,Radioland Murders (1994),4.8210716
712,8 Heads in a Duffel Bag (1997),4.8111725
712,Horseman on the Roof  The (Hussard sur le toit  Le) (1995),4.786989
713,Angel Baby (1995),4.895614
713,Boys  Les (1997),4.704308
713,World of Apu  The (Apur Sansar) (1959),4.2410607
713,Pather Panchali (1955),4.1283646
713,The Deadly Cure (1996),4.019153
713,8 Heads in a Duffel Bag (1997),4.0168858
713,Little Princess  The (1939),3.952471
713,Saint of Fort Washington  The (1993),3.9002166
713,Anna (1996),3.8946905
713,Schindler's List (1993),3.8781917
714,Harlem (1993),5.1610355
714,Ayn Rand: A Sense of Life (1997),4.941422
714,Winter Guest  The (1997),4.7953625
714,Saint of Fort Washington  The (1993),4.6040897
714,Man in the Iron Mask  The (1998),4.518672
714,Titanic (1997),4.403822
714,Leading Man  The (1996),4.4031525
714,Santa with Muscles (1996),4.4020224
714,Golden Earrings (1947),4.3911443
714,Wild Things (1998),4.344244
715,Boys  Les (1997),5.140831
715,Saint of Fort Washington  The (1993),4.8066497
715,Angel Baby (1995),4.6119194
715,Santa with Muscles (1996),4.412016
715,Pather Panchali (1955),4.393844
715,Golden Earrings (1947),4.3258295
715,Shawshank Redemption  The (1994),4.3253
715,Spanish Prisoner  The (1997),4.3049726
715,Butcher Boy  The (1998),4.3049726
715,Butcher Boy  The (1998),4.3049726
716,Angel Baby (1995),5.4058933
716,Pather Panchali (1955),4.9741917
716,Boys  Les (1997),4.868398
716,Anna (1996),4.829339
716,Someone Else's America (1995),4.776319
716,Some Mother's Son (1996),4.757872
716,Schindler's List (1993),4.7271957
716,Saint of Fort Washington  The (1993),4.667077
716,8 Heads in a Duffel Bag (1997),4.6669874
716,Spanish Prisoner  The (1997),4.661767
717,N?nette et Boni (1996),5.530702
717,Some Mother's Son (1996),5.2967415
717,Pather Panchali (1955),5.200357
717,Anna (1996),5.1999545
717,Hugo Pool (1997),5.12882
717,Hurricane Streets (1998),5.1197467
717,Rendezvous in Paris (Rendez-vous de Paris  Les) (1995),5.1180267
717,Someone Else's America (1995),5.098365
717,Sum of Us  The (1994),5.057372
717,Angel Baby (1995),5.0540795
718,Visitors  The (Visiteurs  Les) (1993),5.1673913
718,Golden Earrings (1947),4.988193
718,Hurricane Streets (1998),4.9301906
718,Horseman on the Roof  The (Hussard sur le toit  Le) (1995),4.918497
718,Titanic (1997),4.8682337
718,Rough Magic (1995),4.8668294
718,Ayn Rand: A Sense of Life (1997),4.819945
718,Love in the Afternoon (1957),4.698738
718,Boys of St. Vincent  The (1993),4.6106987
718,Doom Generation  The (1995),4.5939283
719,Angel Baby (1995),4.731917
719,8 Heads in a Duffel Bag (1997),4.360419
719,Little Princess  The (1939),4.1011763
719,Selena (1997),4.0942836
719,Someone Else's America (1995),4.0338097
719,It's a Wonderful Life (1946),4.0328774
719,Golden Earrings (1947),4.018075
719,Boys  Les (1997),3.9843187
719,Schindler's List (1993),3.9714649
719,Pather Panchali (1955),3.9619386
720,Some Mother's Son (1996),4.930748
720,N?nette et Boni (1996),4.8446937
720,Bitter Sugar (Azucar Amargo) (1996),4.831846
720,Anna (1996),4.7683425
720,American Dream (1990),4.74477
720,Pather Panchali (1955),4.7371974
720,Stalker (1979),4.7097745
720,Spanish Prisoner  The (1997),4.679726
720,Butcher Boy  The (1998),4.679726
720,Butcher Boy  The (1998),4.679726
721,Saint of Fort Washington  The (1993),4.6397877
721,Golden Earrings (1947),4.6238265
721,Hurricane Streets (1998),4.6224027
721,Horseman on the Roof  The (Hussard sur le toit  Le) (1995),4.6075177
721,Star Kid (1997),4.5948095
721,Santa with Muscles (1996),4.561685
721,Titanic (1997),4.505372
721,Shawshank Redemption  The (1994),4.4561515
721,Spanish Prisoner  The (1997),4.419068
721,Butcher Boy  The (1998),4.419068
722,Saint of Fort Washington  The (1993),5.1182294
722,Santa with Muscles (1996),5.0736594
722,Boys  Les (1997),5.0461154
722,Angel Baby (1995),4.9171543
722,Star Kid (1997),4.8624187
722,Pather Panchali (1955),4.835789
722,Star Wars (1977),4.7781043
722,Spanish Prisoner  The (1997),4.7555695
722,Butcher Boy  The (1998),4.7555695
722,Butcher Boy  The (1998),4.7555695
723,Santa with Muscles (1996),4.274243
723,Saint of Fort Washington  The (1993),4.0768447
723,Wrong Trousers  The (1993),3.9538782
723,Star Kid (1997),3.9136248
723,Horseman on the Roof  The (Hussard sur le toit  Le) (1995),3.908719
723,Star Wars (1977),3.8886857
723,Wallace & Gromit: The Best of Aardman Animation (1996),3.8861783
723,Titanic (1997),3.8564184
723,My Man Godfrey (1936),3.856014
723,Faust (1994),3.8482482
724,Boys  Les (1997),3.9477258
724,Santa with Muscles (1996),3.9457638
724,Man in the Iron Mask  The (1998),3.897819
724,Saint of Fort Washington  The (1993),3.8487835
724,Star Wars (1977),3.7828183
724,Terminator  The (1984),3.769976
724,Harlem (1993),3.707953
724,Empire Strikes Back  The (1980),3.6914504
724,My Man Godfrey (1936),3.6766405
724,Love in the Afternoon (1957),3.65715
725,Hurricane Streets (1998),5.758351
725,Slingshot  The (1993),5.145494
725,Hugo Pool (1997),5.0790777
725,Rendezvous in Paris (Rendez-vous de Paris  Les) (1995),5.068661
725,Some Mother's Son (1996),5.0571985
725,Stalker (1979),5.002884
725,Love & Human Remains (1993),4.9457126
725,Sum of Us  The (1994),4.8929076
725,To Live (Huozhe) (1994),4.8885083
725,Bitter Sugar (Azucar Amargo) (1996),4.883063
726,Whole Wide World  The (1996),4.941364
726,Boys of St. Vincent  The (1993),4.837209
726,Picture Bride (1995),4.79522
726,Rough Magic (1995),4.761976
726,Horseman on the Roof  The (Hussard sur le toit  Le) (1995),4.7515306
726,Story of Xinghua  The (1993),4.5038915
726,Santa with Muscles (1996),4.457791
726,Wrong Trousers  The (1993),4.453663
726,Man in the Iron Mask  The (1998),4.397749
726,Go Fish (1994),4.366819
727,Saint of Fort Washington  The (1993),4.2604985
727,Santa with Muscles (1996),4.254741
727,Star Kid (1997),4.0628996
727,Horseman on the Roof  The (Hussard sur le toit  Le) (1995),3.9873855
727,Star Wars (1977),3.9850643
727,Titanic (1997),3.9730067
727,Boys  Les (1997),3.9592159
727,Wrong Trousers  The (1993),3.9326649
727,Spanish Prisoner  The (1997),3.9195468
727,Butcher Boy  The (1998),3.9195468
728,Santa with Muscles (1996),4.759641
728,Saint of Fort Washington  The (1993),4.751794
728,Star Kid (1997),4.70697
728,Spanish Prisoner  The (1997),4.588704
728,Butcher Boy  The (1998),4.588704
728,Butcher Boy  The (1998),4.588704
728,Brothers in Trouble (1995),4.588704
728,Horseman on the Roof  The (Hussard sur le toit  Le) (1995),4.564965
728,Pather Panchali (1955),4.503502
728,Some Mother's Son (1996),4.496612
729,Hurricane Streets (1998),4.412124
729,Visitors  The (Visiteurs  Les) (1993),4.2094393
729,Sum of Us  The (1994),4.0189776
729,Horseman on the Roof  The (Hussard sur le toit  Le) (1995),3.866697
729,Golden Earrings (1947),3.8210108
729,Doom Generation  The (1995),3.8191836
729,Rough Magic (1995),3.8069131
729,N?nette et Boni (1996),3.7604954
729,Boys of St. Vincent  The (1993),3.7560134
729,Rendezvous in Paris (Rendez-vous de Paris  Les) (1995),3.7132194
730,Santa with Muscles (1996),4.695893
730,Faust (1994),4.635322
730,Close Shave  A (1995),4.5871615
730,Wrong Trousers  The (1993),4.5370536
730,Wallace & Gromit: The Best of Aardman Animation (1996),4.453047
730,Two or Three Things I Know About Her (1966),4.4490237
730,Whole Wide World  The (1996),4.433198
730,Boys  Les (1997),4.4169884
730,Angel Baby (1995),4.3687387
730,Great Day in Harlem  A (1994),4.365672
731,8 Heads in a Duffel Bag (1997),5.0895743
731,Angel Baby (1995),5.042832
731,Old Lady Who Walked in the Sea  The (Vieille qui marchait dans la mer  La) (1991),4.999299
731,Rendezvous in Paris (Rendez-vous de Paris  Les) (1995),4.9791484
731,N?nette et Boni (1996),4.667448
731,Little Princess  The (1939),4.6297374
731,Selena (1997),4.5798516
731,Year of the Horse (1997),4.5720973
731,World of Apu  The (Apur Sansar) (1959),4.5311713
731,Someone Else's America (1995),4.4900045
732,Visitors  The (Visiteurs  Les) (1993),5.6597953
732,N?nette et Boni (1996),5.580517
732,Hurricane Streets (1998),5.415946
732,Golden Earrings (1947),5.3899107
732,Horseman on the Roof  The (Hussard sur le toit  Le) (1995),5.3722267
732,Sum of Us  The (1994),5.3050737
732,It's a Wonderful Life (1946),5.200001
732,Dangerous Beauty (1998),5.1951756
732,Angel Baby (1995),5.1617217
732,Selena (1997),5.1157823
733,Angel Baby (1995),4.672879
733,N?nette et Boni (1996),4.4927683
733,The Deadly Cure (1996),4.41795
733,Aparajito (1956),4.3943195
733,Pather Panchali (1955),4.3579364
733,Some Mother's Son (1996),4.353296
733,Anna (1996),4.292451
733,In the Bleak Midwinter (1995),4.272325
733,Boy's Life 2 (1997),4.257487
733,Bitter Sugar (Azucar Amargo) (1996),4.2476287
734,Angel Baby (1995),4.801882
734,8 Heads in a Duffel Bag (1997),4.5870786
734,Selena (1997),4.4420724
734,Golden Earrings (1947),4.3409915
734,It's a Wonderful Life (1946),4.3267384
734,N?nette et Boni (1996),4.312779
734,Someone Else's America (1995),4.274123
734,Little Princess  The (1939),4.261385
734,Best Men (1997),4.233822
734,Rendezvous in Paris (Rendez-vous de Paris  Les) (1995),4.219416
735,Pather Panchali (1955),4.3157587
735,Some Mother's Son (1996),4.2659674
735,Anna (1996),4.259232
735,Angel Baby (1995),4.2490897
735,Spanish Prisoner  The (1997),4.2008405
735,Butcher Boy  The (1998),4.2008405
735,Butcher Boy  The (1998),4.2008405
735,Brothers in Trouble (1995),4.2008405
735,Star Kid (1997),4.198046
735,Santa with Muscles (1996),4.1891294
736,Mina Tannenbaum (1994),4.95286
736,Boy's Life 2 (1997),4.8655834
736,American Dream (1990),4.7776203
736,Love and Death on Long Island (1997),4.725557
736,Kaspar Hauser (1993),4.7204504
736,Bad Taste (1987),4.6774845
736,Bitter Sugar (Azucar Amargo) (1996),4.6621227
736,Braindead (1992),4.5787377
736,Aiqing wansui (1994),4.5613465
736,Three Colors: Blue (1993),4.525259
737,Boys  Les (1997),5.2806683
737,Mina Tannenbaum (1994),4.8922205
737,Boy's Life 2 (1997),4.84643
737,Aiqing wansui (1994),4.8150263
737,Faust (1994),4.7520037
737,Angel Baby (1995),4.7000885
737,Kaspar Hauser (1993),4.6396747
737,Santa with Muscles (1996),4.6147885
737,Pather Panchali (1955),4.610015
737,Maya Lin: A Strong Clear Vision (1994),4.5883546
738,Boys  Les (1997),4.8282104
738,Santa with Muscles (1996),4.724544
738,Saint of Fort Washington  The (1993),4.6574707
738,Angel Baby (1995),4.5845103
738,Star Wars (1977),4.476343
738,Wrong Trousers  The (1993),4.374051
738,Star Kid (1997),4.371811
738,Raiders of the Lost Ark (1981),4.352448
738,Faust (1994),4.3501935
738,Pather Panchali (1955),4.322433
739,8 Heads in a Duffel Bag (1997),5.6630807
739,Golden Earrings (1947),5.224645
739,Hurricane Streets (1998),5.0604424
739,Legal Deceit (1997),4.7306957
739,Selena (1997),4.5108223
739,8 Seconds (1994),4.4795923
739,Daniel Defoe's Robinson Crusoe (1996),4.4416995
739,Winter Guest  The (1997),4.4250774
739,Safe Passage (1994),4.396532
739,Old Lady Who Walked in the Sea  The (Vieille qui marchait dans la mer  La) (1991),4.3902354
740,N?nette et Boni (1996),4.90165
740,Some Mother's Son (1996),4.82005
740,Pather Panchali (1955),4.73359
740,Anna (1996),4.717752
740,Angel Baby (1995),4.6179132
740,Someone Else's America (1995),4.5920568
740,Rendezvous in Paris (Rendez-vous de Paris  Les) (1995),4.577292
740,Hugo Pool (1997),4.5684495
740,Spanish Prisoner  The (1997),4.548997
740,Butcher Boy  The (1998),4.548997
741,Angel Baby (1995),5.2697363
741,Boys  Les (1997),5.1099863
741,Pather Panchali (1955),4.614124
741,Saint of Fort Washington  The (1993),4.476235
741,Anna (1996),4.41185
741,Schindler's List (1993),4.356245
741,Santa with Muscles (1996),4.323664
741,Casablanca (1942),4.32035
741,Someone Else's America (1995),4.308666
741,They Made Me a Criminal (1939),4.302
742,Angel Baby (1995),5.521471
742,World of Apu  The (Apur Sansar) (1959),5.268339
742,The Deadly Cure (1996),5.1553884
742,Boys  Les (1997),5.1151295
742,Pather Panchali (1955),5.0611057
742,Some Mother's Son (1996),4.924497
742,Anna (1996),4.886127
742,Year of the Horse (1997),4.8610554
742,Aparajito (1956),4.754517
742,Boy's Life 2 (1997),4.721332
743,American Dream (1990),4.8407183
743,Santa with Muscles (1996),4.807874
743,Some Mother's Son (1996),4.7951465
743,Whole Wide World  The (1996),4.778681
743,Stalker (1979),4.7464886
743,Wallace & Gromit: The Best of Aardman Animation (1996),4.743407
743,Star Kid (1997),4.719882
743,Bitter Sugar (Azucar Amargo) (1996),4.7084384
743,Spanish Prisoner  The (1997),4.682151
743,Butcher Boy  The (1998),4.682151
744,Santa with Muscles (1996),4.7055116
744,Boys  Les (1997),4.6612277
744,Faust (1994),4.5429997
744,Pather Panchali (1955),4.5415025
744,Saint of Fort Washington  The (1993),4.5190907
744,Spanish Prisoner  The (1997),4.49705
744,Butcher Boy  The (1998),4.49705
744,Butcher Boy  The (1998),4.49705
744,Brothers in Trouble (1995),4.49705
744,Star Kid (1997),4.4686713
745,Boys  Les (1997),4.3028607
745,Saint of Fort Washington  The (1993),3.8366258
745,Angel Baby (1995),3.8332975
745,Santa with Muscles (1996),3.7380326
745,Star Wars (1977),3.5469933
745,Pather Panchali (1955),3.5196002
745,Faust (1994),3.5049927
745,Usual Suspects  The (1995),3.457352
745,Godfather  The (1972),3.4374056
745,Empire Strikes Back  The (1980),3.4327013
746,Saint of Fort Washington  The (1993),4.6662836
746,Golden Earrings (1947),4.590941
746,Boys  Les (1997),4.427603
746,Santa with Muscles (1996),4.2752495
746,Raiders of the Lost Ark (1981),4.2622685
746,Braveheart (1995),4.2296643
746,Shawshank Redemption  The (1994),4.2222433
746,Star Wars (1977),4.1981215
746,Titanic (1997),4.16659
746,Terminator 2: Judgment Day (1991),4.146366
747,Boys  Les (1997),6.318026
747,Angel Baby (1995),6.116535
747,Pather Panchali (1955),5.28241
747,Saint of Fort Washington  The (1993),5.1635046
747,Santa with Muscles (1996),5.068584
747,Faust (1994),5.0207434
747,Anna (1996),5.0058055
747,Godfather  The (1972),4.9247084
747,Spanish Prisoner  The (1997),4.9231286
747,Butcher Boy  The (1998),4.9231286
748,Santa with Muscles (1996),4.735143
748,Boys  Les (1997),4.671315
748,Saint of Fort Washington  The (1993),4.6567607
748,Star Kid (1997),4.378763
748,Faust (1994),4.364281
748,Star Wars (1977),4.3493905
748,Wrong Trousers  The (1993),4.3427405
748,Wallace & Gromit: The Best of Aardman Animation (1996),4.287041
748,Spanish Prisoner  The (1997),4.2712755
748,Butcher Boy  The (1998),4.2712755
749,Angel Baby (1995),4.8111196
749,Golden Earrings (1947),4.7824697
749,Saint of Fort Washington  The (1993),4.7436743
749,Boys  Les (1997),4.6319394
749,Santa with Muscles (1996),4.610631
749,Raiders of the Lost Ark (1981),4.577009
749,Schindler's List (1993),4.5634813
749,Shawshank Redemption  The (1994),4.562689
749,Star Wars (1977),4.5223336
749,Titanic (1997),4.5085053
750,Santa with Muscles (1996),4.772155
750,Saint of Fort Washington  The (1993),4.76057
750,Boys  Les (1997),4.732453
750,Star Kid (1997),4.4465594
750,Star Wars (1977),4.3807898
750,Spanish Prisoner  The (1997),4.3625197
750,Butcher Boy  The (1998),4.3625197
750,Butcher Boy  The (1998),4.3625197
750,Brothers in Trouble (1995),4.3625197
750,Faust (1994),4.3578343
751,Angel Baby (1995),4.934052
751,Boys  Les (1997),4.691489
751,Pather Panchali (1955),4.6617208
751,Saint of Fort Washington  The (1993),4.5440054
751,Anna (1996),4.5082927
751,Some Mother's Son (1996),4.448283
751,Spanish Prisoner  The (1997),4.439909
751,Butcher Boy  The (1998),4.439909
751,Butcher Boy  The (1998),4.439909
751,Brothers in Trouble (1995),4.439909
752,Love and Death on Long Island (1997),5.323972
752,Winter Guest  The (1997),5.0289693
752,In the Line of Duty 2 (1987),4.71402
752,Frisk (1995),4.638431
752,8 Heads in a Duffel Bag (1997),4.5222297
752,Brother Minister: The Assassination of Malcolm X (1994),4.4383154
752,Paradise Lost: The Child Murders at Robin Hood Hills (1996),4.436981
752,Saint of Fort Washington  The (1993),4.410252
752,Slingshot  The (1993),4.254769
752,Spanish Prisoner  The (1997),4.220616
753,N?nette et Boni (1996),5.182966
753,Angel Baby (1995),4.6654897
753,Rendezvous in Paris (Rendez-vous de Paris  Les) (1995),4.562912
753,Someone Else's America (1995),4.554273
753,Sum of Us  The (1994),4.537157
753,Hugo Pool (1997),4.4478827
753,Whole Wide World  The (1996),4.3886847
753,Dangerous Beauty (1998),4.370187
753,In the Bleak Midwinter (1995),4.351305
753,So Dear to My Heart (1949),4.348158
754,Whole Wide World  The (1996),4.4306087
754,Santa with Muscles (1996),4.4185944
754,Horseman on the Roof  The (Hussard sur le toit  Le) (1995),4.4168525
754,Star Kid (1997),4.4150734
754,N?nette et Boni (1996),4.3814626
754,Some Mother's Son (1996),4.36802
754,Anna (1996),4.335868
754,Pather Panchali (1955),4.3192143
754,Spanish Prisoner  The (1997),4.296237
754,Butcher Boy  The (1998),4.296237
755,Visitors  The (Visiteurs  Les) (1993),4.8116727
755,Horseman on the Roof  The (Hussard sur le toit  Le) (1995),4.7252736
755,Whole Wide World  The (1996),4.654224
755,N?nette et Boni (1996),4.6378584
755,Boys of St. Vincent  The (1993),4.614942
755,Sum of Us  The (1994),4.5757585
755,Great Day in Harlem  A (1994),4.4243035
755,Titanic (1997),4.401375
755,Rough Magic (1995),4.344008
755,Love in the Afternoon (1957),4.3170824
756,Santa with Muscles (1996),4.231
756,Pather Panchali (1955),4.228314
756,Saint of Fort Washington  The (1993),4.1988163
756,Angel Baby (1995),4.1799197
756,Star Kid (1997),4.1797385
756,Anna (1996),4.1611443
756,Spanish Prisoner  The (1997),4.137359
756,Butcher Boy  The (1998),4.137359
756,Butcher Boy  The (1998),4.137359
756,Brothers in Trouble (1995),4.137359
757,Saint of Fort Washington  The (1993),4.572704
757,Santa with Muscles (1996),4.458633
757,Boys  Les (1997),4.3405066
757,Star Kid (1997),4.2886744
757,Spanish Prisoner  The (1997),4.2375913
757,Butcher Boy  The (1998),4.2375913
757,Butcher Boy  The (1998),4.2375913
757,Brothers in Trouble (1995),4.2375913
757,Pather Panchali (1955),4.193613
757,Shawshank Redemption  The (1994),4.114209
758,Santa with Muscles (1996),5.366788
758,Saint of Fort Washington  The (1993),5.15558
758,Star Kid (1997),5.097741
758,Boys  Les (1997),5.093882
758,Faust (1994),5.0926094
758,Spanish Prisoner  The (1997),5.0874085
758,Butcher Boy  The (1998),5.0874085
758,Butcher Boy  The (1998),5.0874085
758,Brothers in Trouble (1995),5.0874085
758,Wallace & Gromit: The Best of Aardman Animation (1996),5.079444
759,Rough Magic (1995),5.0617013
759,Ayn Rand: A Sense of Life (1997),5.0388913
759,Horseman on the Roof  The (Hussard sur le toit  Le) (1995),4.9889107
759,Visitors  The (Visiteurs  Les) (1993),4.970642
759,Hurricane Streets (1998),4.931832
759,Titanic (1997),4.9012337
759,Golden Earrings (1947),4.796494
759,Doom Generation  The (1995),4.7402406
759,Boys of St. Vincent  The (1993),4.6981783
759,Love in the Afternoon (1957),4.611968
760,Hurricane Streets (1998),5.40921
760,8 Heads in a Duffel Bag (1997),4.656115
760,Frisk (1995),4.597857
760,Rendezvous in Paris (Rendez-vous de Paris  Les) (1995),4.487123
760,Slingshot  The (1993),4.430692
760,Winter Guest  The (1997),4.4236317
760,Radioland Murders (1994),4.367191
760,Leading Man  The (1996),4.278098
760,Doom Generation  The (1995),4.2401276
760,Love & Human Remains (1993),4.2224646
761,Golden Earrings (1947),4.36259
761,8 Seconds (1994),4.2685766
761,Love in the Afternoon (1957),4.231207
761,Titanic (1997),4.1649046
761,Ayn Rand: A Sense of Life (1997),4.1432867
761,Raiders of the Lost Ark (1981),4.1371837
761,Visitors  The (Visiteurs  Les) (1993),4.1006374
761,Man in the Iron Mask  The (1998),4.055016
761,Saint of Fort Washington  The (1993),4.039435
761,Star Wars (1977),4.015813
762,Love and Death on Long Island (1997),6.108254
762,World of Apu  The (Apur Sansar) (1959),6.081048
762,In the Line of Duty 2 (1987),6.0030828
762,Bad Taste (1987),5.8672786
762,Boys  Les (1997),5.7695637
762,Braindead (1992),5.7460537
762,Paradise Lost: The Child Murders at Robin Hood Hills (1996),5.2573357
762,8 Heads in a Duffel Bag (1997),5.213602
762,Angel Baby (1995),5.17913
762,Caught (1996),5.158579
763,Boys  Les (1997),5.056147
763,Angel Baby (1995),4.911767
763,Pather Panchali (1955),4.903383
763,Spanish Prisoner  The (1997),4.7711844
763,Butcher Boy  The (1998),4.7711844
763,Butcher Boy  The (1998),4.7711844
763,Brothers in Trouble (1995),4.7711844
763,Some Mother's Son (1996),4.7695336
763,Anna (1996),4.7639284
763,Saint of Fort Washington  The (1993),4.7486887
764,Golden Earrings (1947),4.8046994
764,Saint of Fort Washington  The (1993),4.6773367
764,Angel Baby (1995),4.5789695
764,Shawshank Redemption  The (1994),4.5373387
764,Schindler's List (1993),4.535414
764,8 Heads in a Duffel Bag (1997),4.5276356
764,Santa with Muscles (1996),4.4908156
764,Star Kid (1997),4.483359
764,Raiders of the Lost Ark (1981),4.4624205
764,Horseman on the Roof  The (Hussard sur le toit  Le) (1995),4.462243
765,World of Apu  The (Apur Sansar) (1959),6.0549507
765,Year of the Horse (1997),5.780867
765,The Deadly Cure (1996),5.7772565
765,Aparajito (1956),5.732434
765,Bitter Sugar (Azucar Amargo) (1996),5.6919513
765,Boy's Life 2 (1997),5.6744595
765,Burnt By the Sun (1994),5.4847546
765,Red Firecracker  Green Firecracker (1994),5.460274
765,Lamerica (1994),5.452345
765,American Dream (1990),5.387354
766,Boys  Les (1997),4.4203076
766,Angel Baby (1995),4.351738
766,Pather Panchali (1955),4.2936163
766,Saint of Fort Washington  The (1993),4.2103925
766,Anna (1996),4.169246
766,Spanish Prisoner  The (1997),4.1686325
766,Butcher Boy  The (1998),4.1686325
766,Butcher Boy  The (1998),4.1686325
766,Brothers in Trouble (1995),4.1686325
766,Santa with Muscles (1996),4.154513
767,Angel Baby (1995),5.484035
767,Pather Panchali (1955),5.3016343
767,Boys  Les (1997),5.244272
767,Anna (1996),5.189223
767,Santa with Muscles (1996),5.1599936
767,Some Mother's Son (1996),5.124416
767,Spanish Prisoner  The (1997),5.0915427
767,Butcher Boy  The (1998),5.0915427
767,Butcher Boy  The (1998),5.0915427
767,Brothers in Trouble (1995),5.0915427
768,Angel Baby (1995),4.651059
768,Boys  Les (1997),4.5014877
768,Santa with Muscles (1996),4.4252357
768,Saint of Fort Washington  The (1993),4.3347344
768,Pather Panchali (1955),4.299045
768,Star Kid (1997),4.2188916
768,Close Shave  A (1995),4.218735
768,They Made Me a Criminal (1939),4.20309
768,Wrong Trousers  The (1993),4.192854
768,Star Wars (1977),4.191734
769,Hurricane Streets (1998),4.5121455
769,N?nette et Boni (1996),4.442351
769,Some Mother's Son (1996),4.418508
769,Pather Panchali (1955),4.3451743
769,Anna (1996),4.3410435
769,Rendezvous in Paris (Rendez-vous de Paris  Les) (1995),4.2910223
769,Star Kid (1997),4.279877
769,Hugo Pool (1997),4.246612
769,Spanish Prisoner  The (1997),4.2435346
769,Butcher Boy  The (1998),4.2435346
770,Some Mother's Son (1996),5.748169
770,Spanish Prisoner  The (1997),5.643887
770,Butcher Boy  The (1998),5.643887
770,Butcher Boy  The (1998),5.643887
770,Brothers in Trouble (1995),5.643887
770,Pather Panchali (1955),5.634006
770,Anna (1996),5.5872355
770,Star Kid (1997),5.5798383
770,Saint of Fort Washington  The (1993),5.552003
770,Santa with Muscles (1996),5.4003024
771,N?nette et Boni (1996),5.5080647
771,Sum of Us  The (1994),5.4358926
771,Hurricane Streets (1998),5.270327
771,Hugo Pool (1997),5.2263865
771,Whole Wide World  The (1996),5.0799985
771,Love! Valour! Compassion! (1997),5.001472
771,Rendezvous in Paris (Rendez-vous de Paris  Les) (1995),4.98627
771,Horseman on the Roof  The (Hussard sur le toit  Le) (1995),4.7969084
771,Boys of St. Vincent  The (1993),4.7746053
771,To Live (Huozhe) (1994),4.7331133
772,Saint of Fort Washington  The (1993),5.302142
772,Santa with Muscles (1996),5.2274146
772,Angel Baby (1995),5.1782875
772,Star Kid (1997),5.119556
772,Golden Earrings (1947),5.1004853
772,Pather Panchali (1955),5.089699
772,Horseman on the Roof  The (Hussard sur le toit  Le) (1995),5.051289
772,Shawshank Redemption  The (1994),5.044977
772,Schindler's List (1993),5.0322404
772,Boys  Les (1997),5.020326
773,Boys  Les (1997),4.8312006
773,Angel Baby (1995),4.778041
773,Aiqing wansui (1994),4.6794868
773,Boy's Life 2 (1997),4.6647277
773,Faust (1994),4.57804
773,Pather Panchali (1955),4.4567776
773,Aparajito (1956),4.4554553
773,Two or Three Things I Know About Her (1966),4.4138756
773,Santa with Muscles (1996),4.363763
773,Close Shave  A (1995),4.35466
774,Boys  Les (1997),3.7074885
774,Angel Baby (1995),3.2642684
774,Santa with Muscles (1996),3.0398867
774,Faust (1994),3.0361543
774,Saint of Fort Washington  The (1993),2.997547
774,Paths of Glory (1957),2.896145
774,Star Wars (1977),2.854619
774,When We Were Kings (1996),2.8463898
774,Pather Panchali (1955),2.8161259
774,Wonderful  Horrible Life of Leni Riefenstahl  The (1993),2.7967608
775,Boys  Les (1997),5.0985365
775,Angel Baby (1995),5.065886
775,Pather Panchali (1955),4.978082
775,Saint of Fort Washington  The (1993),4.9213123
775,Spanish Prisoner  The (1997),4.8195605
775,Butcher Boy  The (1998),4.8195605
775,Butcher Boy  The (1998),4.8195605
775,Brothers in Trouble (1995),4.8195605
775,Anna (1996),4.808058
775,Some Mother's Son (1996),4.7961097
776,Saint of Fort Washington  The (1993),4.737554
776,Boys  Les (1997),4.708658
776,Santa with Muscles (1996),4.672572
776,Pather Panchali (1955),4.6035933
776,Spanish Prisoner  The (1997),4.603085
776,Butcher Boy  The (1998),4.603085
776,Butcher Boy  The (1998),4.603085
776,Brothers in Trouble (1995),4.603085
776,Star Kid (1997),4.54039
776,Some Mother's Son (1996),4.490103
777,Saint of Fort Washington  The (1993),5.039423
777,Spanish Prisoner  The (1997),4.971244
777,Butcher Boy  The (1998),4.971244
777,Butcher Boy  The (1998),4.971244
777,Brothers in Trouble (1995),4.971244
777,Some Mother's Son (1996),4.958605
777,Star Kid (1997),4.8995266
777,Pather Panchali (1955),4.896331
777,Anna (1996),4.82292
777,Love and Death on Long Island (1997),4.787257
778,Boys  Les (1997),4.9081955
778,In the Line of Duty 2 (1987),4.605852
778,Mina Tannenbaum (1994),4.586136
778,Paradise Lost: The Child Murders at Robin Hood Hills (1996),4.401116
778,Saint of Fort Washington  The (1993),4.3628907
778,Bitter Moon (1992),4.251036
778,Santa with Muscles (1996),4.2180934
778,Fear of a Black Hat (1993),4.1296
778,Tetsuo II: Body Hammer (1992),4.0237827
778,Haunted World of Edward D. Wood Jr.  The (1995),4.0168676
779,Golden Earrings (1947),5.069211
779,Saint of Fort Washington  The (1993),5.000932
779,Hurricane Streets (1998),4.918396
779,8 Heads in a Duffel Bag (1997),4.747195
779,Winter Guest  The (1997),4.7250066
779,Star Kid (1997),4.6992316
779,Titanic (1997),4.6931934
779,Leading Man  The (1996),4.6641874
779,Shawshank Redemption  The (1994),4.6517506
779,Santa with Muscles (1996),4.650852
780,Golden Earrings (1947),4.6882515
780,Angel Baby (1995),4.684854
780,Visitors  The (Visiteurs  Les) (1993),4.5580935
780,Raiders of the Lost Ark (1981),4.423634
780,Love in the Afternoon (1957),4.4205303
780,Selena (1997),4.410114
780,It's a Wonderful Life (1946),4.409473
780,Braveheart (1995),4.3417244
780,Best Men (1997),4.340044
780,Titanic (1997),4.312399
781,Boys  Les (1997),6.334075
781,Angel Baby (1995),5.6226077
781,Faust (1994),4.994796
781,Paths of Glory (1957),4.911036
781,Santa with Muscles (1996),4.8213816
781,When We Were Kings (1996),4.786823
781,Saint of Fort Washington  The (1993),4.7313957
781,Of Human Bondage (1934),4.674199
781,Hearts and Minds (1996),4.6296144
781,Ballad of Narayama  The (Narayama Bushiko) (1958),4.6104007
782,Hurricane Streets (1998),4.047676
782,Horseman on the Roof  The (Hussard sur le toit  Le) (1995),3.8904645
782,Saint of Fort Washington  The (1993),3.8823075
782,Star Kid (1997),3.864566
782,Santa with Muscles (1996),3.830806
782,Titanic (1997),3.8253124
782,Golden Earrings (1947),3.8183308
782,Ayn Rand: A Sense of Life (1997),3.7807405
782,Leading Man  The (1996),3.7580097
782,Rough Magic (1995),3.7050319
783,Saint of Fort Washington  The (1993),5.342914
783,Santa with Muscles (1996),5.339712
783,Star Kid (1997),5.1565275
783,Spanish Prisoner  The (1997),5.106495
783,Butcher Boy  The (1998),5.106495
783,Butcher Boy  The (1998),5.106495
783,Brothers in Trouble (1995),5.106495
783,Wallace & Gromit: The Best of Aardman Animation (1996),4.9548316
783,Mina Tannenbaum (1994),4.923539
783,Pather Panchali (1955),4.9142733
784,Saint of Fort Washington  The (1993),4.9974256
784,Santa with Muscles (1996),4.929177
784,Star Kid (1997),4.8837595
784,Horseman on the Roof  The (Hussard sur le toit  Le) (1995),4.759358
784,Spanish Prisoner  The (1997),4.7431083
784,Butcher Boy  The (1998),4.7431083
784,Butcher Boy  The (1998),4.7431083
784,Brothers in Trouble (1995),4.7431083
784,Titanic (1997),4.6811156
784,Pather Panchali (1955),4.670376
785,Santa with Muscles (1996),4.6152105
785,Saint of Fort Washington  The (1993),4.608791
785,Star Kid (1997),4.4183927
785,Horseman on the Roof  The (Hussard sur le toit  Le) (1995),4.3152356
785,Titanic (1997),4.295266
785,Spanish Prisoner  The (1997),4.2545156
785,Butcher Boy  The (1998),4.2545156
785,Butcher Boy  The (1998),4.2545156
785,Brothers in Trouble (1995),4.2545156
785,Star Wars (1977),4.252039
786,Angel Baby (1995),5.209718
786,Boys  Les (1997),4.8887634
786,Pather Panchali (1955),4.722981
786,Saint of Fort Washington  The (1993),4.7151375
786,Schindler's List (1993),4.6492143
786,Golden Earrings (1947),4.643768
786,Shawshank Redemption  The (1994),4.580852
786,Anna (1996),4.5606713
786,Santa with Muscles (1996),4.5366225
786,Someone Else's America (1995),4.5166965
787,Horseman on the Roof  The (Hussard sur le toit  Le) (1995),4.421935
787,Golden Earrings (1947),4.4015636
787,Visitors  The (Visiteurs  Les) (1993),4.317127
787,Titanic (1997),4.3148975
787,Santa with Muscles (1996),4.231554
787,Saint of Fort Washington  The (1993),4.1930513
787,Raiders of the Lost Ark (1981),4.1751266
787,Hurricane Streets (1998),4.173098
787,Star Kid (1997),4.1666384
787,Love in the Afternoon (1957),4.164994
788,Angel Baby (1995),4.7255745
788,Pather Panchali (1955),4.3480973
788,Boys  Les (1997),4.3197613
788,Saint of Fort Washington  The (1993),4.284381
788,Schindler's List (1993),4.273185
788,Anna (1996),4.231681
788,Golden Earrings (1947),4.218507
788,Someone Else's America (1995),4.213657
788,Santa with Muscles (1996),4.20507
788,Shawshank Redemption  The (1994),4.196205
789,Boys  Les (1997),5.604628
789,Mina Tannenbaum (1994),5.1158695
789,In the Line of Duty 2 (1987),4.9851623
789,Saint of Fort Washington  The (1993),4.8900213
789,Paradise Lost: The Child Murders at Robin Hood Hills (1996),4.885139
789,Santa with Muscles (1996),4.7238574
789,Faust (1994),4.574672
789,Braindead (1992),4.5683775
789,Pulp Fiction (1994),4.563755
789,Angel Baby (1995),4.5383863
790,Saint of Fort Washington  The (1993),4.3060575
790,Santa with Muscles (1996),4.1903615
790,Boys  Les (1997),4.1063576
790,Star Kid (1997),4.063935
790,Spanish Prisoner  The (1997),4.0313234
790,Butcher Boy  The (1998),4.0313234
790,Butcher Boy  The (1998),4.0313234
790,Brothers in Trouble (1995),4.0313234
790,Pather Panchali (1955),4.0154657
790,Anna (1996),3.908701
791,Angel Baby (1995),5.4655704
791,Boys  Les (1997),5.1414742
791,Saint of Fort Washington  The (1993),5.0026865
791,Golden Earrings (1947),4.995112
791,Santa with Muscles (1996),4.9756045
791,Raiders of the Lost Ark (1981),4.9239044
791,Schindler's List (1993),4.915313
791,Star Wars (1977),4.896489
791,Pather Panchali (1955),4.8641043
791,Shawshank Redemption  The (1994),4.858826
792,Boys  Les (1997),4.694204
792,Saint of Fort Washington  The (1993),4.636351
792,In the Line of Duty 2 (1987),4.4294515
792,Paradise Lost: The Child Murders at Robin Hood Hills (1996),4.300496
792,Love and Death on Long Island (1997),4.282692
792,Spanish Prisoner  The (1997),4.250465
792,Butcher Boy  The (1998),4.250465
792,Butcher Boy  The (1998),4.250465
792,Brothers in Trouble (1995),4.250465
792,Pather Panchali (1955),4.2373524
793,Saint of Fort Washington  The (1993),4.8477225
793,Santa with Muscles (1996),4.808534
793,Star Kid (1997),4.588772
793,Spanish Prisoner  The (1997),4.5416656
793,Butcher Boy  The (1998),4.5416656
793,Butcher Boy  The (1998),4.5416656
793,Brothers in Trouble (1995),4.5416656
793,Boys  Les (1997),4.5304375
793,Pather Panchali (1955),4.4289794
793,Wallace & Gromit: The Best of Aardman Animation (1996),4.397599
794,Boys  Les (1997),5.838458
794,Angel Baby (1995),5.5849633
794,Pather Panchali (1955),5.386983
794,Boy's Life 2 (1997),5.2947826
794,Aiqing wansui (1994),5.2866583
794,Faust (1994),5.273762
794,Santa with Muscles (1996),5.2658157
794,Anna (1996),5.217777
794,Spanish Prisoner  The (1997),5.190906
794,Butcher Boy  The (1998),5.190906
795,Santa with Muscles (1996),4.3953633
795,Star Kid (1997),4.229298
795,Spanish Prisoner  The (1997),4.2102985
795,Butcher Boy  The (1998),4.2102985
795,Butcher Boy  The (1998),4.2102985
795,Brothers in Trouble (1995),4.2102985
795,Wallace & Gromit: The Best of Aardman Animation (1996),4.2086897
795,Pather Panchali (1955),4.197531
795,Saint of Fort Washington  The (1993),4.1836715
795,Some Mother's Son (1996),4.182284
796,Golden Earrings (1947),4.93618
796,Saint of Fort Washington  The (1993),4.6200466
796,Titanic (1997),4.6159344
796,Horseman on the Roof  The (Hussard sur le toit  Le) (1995),4.558628
796,Raiders of the Lost Ark (1981),4.5440516
796,Braveheart (1995),4.507193
796,Visitors  The (Visiteurs  Les) (1993),4.503934
796,Love in the Afternoon (1957),4.481254
796,Shawshank Redemption  The (1994),4.472876
796,Santa with Muscles (1996),4.4719014
797,Boys  Les (1997),4.288241
797,Santa with Muscles (1996),4.2179313
797,Saint of Fort Washington  The (1993),4.0752954
797,Star Wars (1977),4.0424137
797,Raiders of the Lost Ark (1981),3.9196332
797,Empire Strikes Back  The (1980),3.9088676
797,Angel Baby (1995),3.903555
797,Faust (1994),3.899197
797,Wrong Trousers  The (1993),3.8848689
797,Love in the Afternoon (1957),3.881638
798,Hurricane Streets (1998),5.012259
798,Golden Earrings (1947),4.57162
798,Doom Generation  The (1995),4.3905487
798,Visitors  The (Visiteurs  Les) (1993),4.308616
798,Horseman on the Roof  The (Hussard sur le toit  Le) (1995),4.2992115
798,Titanic (1997),4.262821
798,Ayn Rand: A Sense of Life (1997),4.26201
798,8 Heads in a Duffel Bag (1997),4.242548
798,Rough Magic (1995),4.2363577
798,Leading Man  The (1996),4.1952453
799,Angel Baby (1995),5.491496
799,Boys  Les (1997),5.124338
799,Pather Panchali (1955),4.9710712
799,Anna (1996),4.823124
799,Someone Else's America (1995),4.715276
799,Some Mother's Son (1996),4.697869
799,Santa with Muscles (1996),4.676933
799,They Made Me a Criminal (1939),4.664059
799,Saint of Fort Washington  The (1993),4.654548
799,Spanish Prisoner  The (1997),4.6531367
800,Santa with Muscles (1996),4.705868
800,Horseman on the Roof  The (Hussard sur le toit  Le) (1995),4.6805243
800,Star Kid (1997),4.624064
800,Saint of Fort Washington  The (1993),4.6158476
800,Titanic (1997),4.49026
800,Wrong Trousers  The (1993),4.479778
800,Pather Panchali (1955),4.4786606
800,They Made Me a Criminal (1939),4.4624104
800,Whole Wide World  The (1996),4.4460554
800,Anna (1996),4.44494
801,Saint of Fort Washington  The (1993),5.6679115
801,Harlem (1993),5.571819
801,Winter Guest  The (1997),5.4717007
801,Santa with Muscles (1996),5.4266257
801,Ayn Rand: A Sense of Life (1997),5.3171782
801,My Man Godfrey (1936),5.155713
801,Titanic (1997),5.1059036
801,Star Kid (1997),5.0747733
801,Golden Earrings (1947),5.0509667
801,Terminator  The (1984),5.050477
802,Saint of Fort Washington  The (1993),4.9793906
802,Golden Earrings (1947),4.876944
802,Ayn Rand: A Sense of Life (1997),4.84801
802,Winter Guest  The (1997),4.730703
802,Harlem (1993),4.703418
802,Santa with Muscles (1996),4.701226
802,Titanic (1997),4.6836557
802,Star Kid (1997),4.545762
802,Leading Man  The (1996),4.5406685
802,My Man Godfrey (1936),4.520982
803,Boys  Les (1997),5.651883
803,Boy's Life 2 (1997),5.6267357
803,Aiqing wansui (1994),5.4469786
803,Angel Baby (1995),5.4274855
803,Pather Panchali (1955),5.3151736
803,American Dream (1990),5.304135
803,Aparajito (1956),5.2947
803,Kaspar Hauser (1993),5.2631044
803,Some Mother's Son (1996),5.214136
803,Mina Tannenbaum (1994),5.162105
804,Santa with Muscles (1996),4.9928226
804,Saint of Fort Washington  The (1993),4.95166
804,Star Kid (1997),4.763089
804,Horseman on the Roof  The (Hussard sur le toit  Le) (1995),4.7178006
804,Titanic (1997),4.6732817
804,Star Wars (1977),4.64659
804,Wrong Trousers  The (1993),4.6305265
804,Spanish Prisoner  The (1997),4.5681047
804,Butcher Boy  The (1998),4.5681047
804,Butcher Boy  The (1998),4.5681047
805,Mina Tannenbaum (1994),4.889259
805,American Dream (1990),4.852757
805,Santa with Muscles (1996),4.813128
805,Kaspar Hauser (1993),4.785423
805,Boy's Life 2 (1997),4.782603
805,Little City (1998),4.7375455
805,Faust (1994),4.7322335
805,Aiqing wansui (1994),4.731789
805,Wallace & Gromit: The Best of Aardman Animation (1996),4.6843553
805,Maya Lin: A Strong Clear Vision (1994),4.673692
806,Boys  Les (1997),5.061076
806,Angel Baby (1995),4.920296
806,Saint of Fort Washington  The (1993),4.7231717
806,Pather Panchali (1955),4.6742287
806,Santa with Muscles (1996),4.641911
806,Spanish Prisoner  The (1997),4.51322
806,Butcher Boy  The (1998),4.51322
806,Butcher Boy  The (1998),4.51322
806,Brothers in Trouble (1995),4.51322
806,Anna (1996),4.5066686
807,Hurricane Streets (1998),5.020791
807,Horseman on the Roof  The (Hussard sur le toit  Le) (1995),4.982816
807,Golden Earrings (1947),4.98025
807,Titanic (1997),4.85297
807,Star Kid (1997),4.8060493
807,Saint of Fort Washington  The (1993),4.805383
807,Santa with Muscles (1996),4.7792773
807,Visitors  The (Visiteurs  Les) (1993),4.695124
807,Shawshank Redemption  The (1994),4.6885104
807,Schindler's List (1993),4.6567454
808,Santa with Muscles (1996),5.7084804
808,Some Mother's Son (1996),5.573365
808,Star Kid (1997),5.5711575
808,Spanish Prisoner  The (1997),5.536644
808,Butcher Boy  The (1998),5.536644
808,Butcher Boy  The (1998),5.536644
808,Brothers in Trouble (1995),5.536644
808,American Dream (1990),5.5303035
808,Wallace & Gromit: The Best of Aardman Animation (1996),5.5300446
808,Pather Panchali (1955),5.484675
809,Boys  Les (1997),5.7246957
809,Angel Baby (1995),5.593457
809,Saint of Fort Washington  The (1993),4.9954963
809,Pather Panchali (1955),4.985122
809,Santa with Muscles (1996),4.7914467
809,Anna (1996),4.7434254
809,Spanish Prisoner  The (1997),4.7052693
809,Butcher Boy  The (1998),4.7052693
809,Butcher Boy  The (1998),4.7052693
809,Brothers in Trouble (1995),4.7052693
810,Hurricane Streets (1998),6.2311897
810,8 Heads in a Duffel Bag (1997),6.1347075
810,Golden Earrings (1947),6.088588
810,Saint of Fort Washington  The (1993),5.809194
810,Schindler's List (1993),5.7110343
810,Shawshank Redemption  The (1994),5.7082043
810,Star Kid (1997),5.690215
810,Pather Panchali (1955),5.667523
810,Anna (1996),5.588159
810,Some Mother's Son (1996),5.5861335
811,Hurricane Streets (1998),6.1875353
811,Winter Guest  The (1997),5.7391644
811,Leading Man  The (1996),5.5888
811,Doom Generation  The (1995),5.5192714
811,Ayn Rand: A Sense of Life (1997),5.469183
811,Frisk (1995),5.391692
811,Slingshot  The (1993),5.388283
811,Golden Earrings (1947),5.3673606
811,Three Wishes (1995),5.3016872
811,Saint of Fort Washington  The (1993),5.2817802
812,Harlem (1993),5.7139287
812,Ayn Rand: A Sense of Life (1997),5.49032
812,Winter Guest  The (1997),5.104851
812,Doom Generation  The (1995),4.884342
812,Man in the Iron Mask  The (1998),4.8474193
812,Rough Magic (1995),4.793246
812,Wild Things (1998),4.7542996
812,Leading Man  The (1996),4.7489314
812,Prophecy  The (1995),4.6941667
812,Killer (Bulletproof Heart) (1994),4.6700807
813,Boys  Les (1997),4.723168
813,Saint of Fort Washington  The (1993),4.653555
813,Santa with Muscles (1996),4.4689665
813,Star Wars (1977),4.2477584
813,Angel Baby (1995),4.234546
813,Star Kid (1997),4.2073727
813,Shawshank Redemption  The (1994),4.180932
813,Raiders of the Lost Ark (1981),4.174723
813,Golden Earrings (1947),4.1728
813,Pather Panchali (1955),4.1635685
814,Saint of Fort Washington  The (1993),4.1850457
814,Santa with Muscles (1996),4.002089
814,Spanish Prisoner  The (1997),3.95085
814,Butcher Boy  The (1998),3.95085
814,Butcher Boy  The (1998),3.95085
814,Brothers in Trouble (1995),3.95085
814,Star Kid (1997),3.9504764
814,Winter Guest  The (1997),3.9246652
814,Pather Panchali (1955),3.8269632
814,Some Mother's Son (1996),3.792372
815,Angel Baby (1995),5.2162066
815,Boys  Les (1997),4.833623
815,Pather Panchali (1955),4.5700397
815,Saint of Fort Washington  The (1993),4.559647
815,Schindler's List (1993),4.5483007
815,Golden Earrings (1947),4.5155354
815,Santa with Muscles (1996),4.5073614
815,It's a Wonderful Life (1946),4.4674177
815,Someone Else's America (1995),4.465117
815,Shawshank Redemption  The (1994),4.4595103
816,Golden Earrings (1947),5.2568903
816,Hurricane Streets (1998),5.175911
816,Ayn Rand: A Sense of Life (1997),4.9697995
816,Saint of Fort Washington  The (1993),4.8280015
816,8 Heads in a Duffel Bag (1997),4.808552
816,Doom Generation  The (1995),4.772155
816,Titanic (1997),4.7716184
816,Leading Man  The (1996),4.7533035
816,Winter Guest  The (1997),4.640962
816,Braveheart (1995),4.621222
817,Saint of Fort Washington  The (1993),4.7357674
817,Winter Guest  The (1997),4.495239
817,Santa with Muscles (1996),4.381727
817,Golden Earrings (1947),4.323861
817,Star Kid (1997),4.316577
817,Spanish Prisoner  The (1997),4.2908726
817,Butcher Boy  The (1998),4.2908726
817,Butcher Boy  The (1998),4.2908726
817,Brothers in Trouble (1995),4.2908726
817,Shawshank Redemption  The (1994),4.2239065
818,Boys  Les (1997),5.897912
818,Santa with Muscles (1996),5.263785
818,Angel Baby (1995),5.2214355
818,Faust (1994),5.171785
818,Saint of Fort Washington  The (1993),5.079095
818,Star Wars (1977),4.8784294
818,Wrong Trousers  The (1993),4.8256598
818,Close Shave  A (1995),4.7753572
818,Paths of Glory (1957),4.763596
818,Maya Lin: A Strong Clear Vision (1994),4.7417574
819,Some Mother's Son (1996),5.3620377
819,Pather Panchali (1955),5.267167
819,Spanish Prisoner  The (1997),5.227255
819,Butcher Boy  The (1998),5.227255
819,Butcher Boy  The (1998),5.227255
819,Brothers in Trouble (1995),5.227255
819,Anna (1996),5.1931505
819,Bitter Sugar (Azucar Amargo) (1996),5.173976
819,American Dream (1990),5.135245
819,Star Kid (1997),5.0525475
820,Boys  Les (1997),5.0041027
820,Saint of Fort Washington  The (1993),4.3671336
820,Angel Baby (1995),4.3481116
820,Santa with Muscles (1996),4.3184223
820,Mina Tannenbaum (1994),4.2921863
820,Faust (1994),4.2115088
820,Pather Panchali (1955),4.176809
820,Spanish Prisoner  The (1997),4.0947537
820,Butcher Boy  The (1998),4.0947537
820,Butcher Boy  The (1998),4.0947537
821,Angel Baby (1995),5.758371
821,Pather Panchali (1955),5.4031076
821,N?nette et Boni (1996),5.3761716
821,Someone Else's America (1995),5.3027453
821,Anna (1996),5.301542
821,Some Mother's Son (1996),5.22776
821,Schindler's List (1993),5.1959977
821,Star Kid (1997),5.1094246
821,They Made Me a Criminal (1939),5.1082654
821,Crossfire (1947),5.104512
822,Santa with Muscles (1996),4.2474537
822,Whole Wide World  The (1996),4.1221766
822,Star Kid (1997),4.1211424
822,Horseman on the Roof  The (Hussard sur le toit  Le) (1995),4.107211
822,Wrong Trousers  The (1993),4.0905714
822,Close Shave  A (1995),4.079717
822,Wallace & Gromit: The Best of Aardman Animation (1996),4.0537305
822,Pather Panchali (1955),4.0188675
822,Anna (1996),4.014187
822,Spanish Prisoner  The (1997),4.0021157
823,Angel Baby (1995),5.667432
823,Boys  Les (1997),5.616316
823,Pather Panchali (1955),5.319398
823,Anna (1996),5.1257844
823,Saint of Fort Washington  The (1993),5.1082473
823,Some Mother's Son (1996),5.061924
823,Spanish Prisoner  The (1997),5.0600815
823,Butcher Boy  The (1998),5.0600815
823,Butcher Boy  The (1998),5.0600815
823,Brothers in Trouble (1995),5.0600815
824,Love and Death on Long Island (1997),4.443472
824,Winter Guest  The (1997),4.3600836
824,In the Line of Duty 2 (1987),4.0394363
824,Saint of Fort Washington  The (1993),4.0375705
824,8 Heads in a Duffel Bag (1997),4.01254
824,Frisk (1995),3.967186
824,Paradise Lost: The Child Murders at Robin Hood Hills (1996),3.8664565
824,Brother Minister: The Assassination of Malcolm X (1994),3.8117476
824,Spanish Prisoner  The (1997),3.7947507
824,Butcher Boy  The (1998),3.7947507
825,Golden Earrings (1947),5.413439
825,Ayn Rand: A Sense of Life (1997),5.1114435
825,Titanic (1997),4.99806
825,Saint of Fort Washington  The (1993),4.942573
825,8 Seconds (1994),4.934118
825,Hurricane Streets (1998),4.873496
825,Braveheart (1995),4.8331323
825,Raiders of the Lost Ark (1981),4.8283463
825,Visitors  The (Visiteurs  Les) (1993),4.8227267
825,Love in the Afternoon (1957),4.814393
826,Saint of Fort Washington  The (1993),5.1452537
826,Santa with Muscles (1996),5.042524
826,Star Kid (1997),4.898075
826,Spanish Prisoner  The (1997),4.750967
826,Butcher Boy  The (1998),4.750967
826,Butcher Boy  The (1998),4.750967
826,Brothers in Trouble (1995),4.750967
826,Titanic (1997),4.711143
826,Horseman on the Roof  The (Hussard sur le toit  Le) (1995),4.678457
826,Winter Guest  The (1997),4.66431
827,Slingshot  The (1993),4.16674
827,Star Kid (1997),4.1651664
827,Saint of Fort Washington  The (1993),4.159756
827,Santa with Muscles (1996),4.1540494
827,Spanish Prisoner  The (1997),4.1250277
827,Butcher Boy  The (1998),4.1250277
827,Butcher Boy  The (1998),4.1250277
827,Brothers in Trouble (1995),4.1250277
827,Winter Guest  The (1997),4.1022363
827,Some Mother's Son (1996),4.081508
828,Bitter Sugar (Azucar Amargo) (1996),4.2327194
828,Love and Death on Long Island (1997),4.1211996
828,Some Mother's Son (1996),4.110373
828,American Dream (1990),4.0969596
828,Slingshot  The (1993),4.086141
828,Stalker (1979),4.0514417
828,Double vie de V?ronique  La (Double Life of Veronique  The) (1991),3.9226644
828,Spanish Prisoner  The (1997),3.9094367
828,Butcher Boy  The (1998),3.9094367
828,Butcher Boy  The (1998),3.9094367
829,Boys  Les (1997),5.114963
829,Angel Baby (1995),5.0474358
829,Pather Panchali (1955),4.6853156
829,Anna (1996),4.5043454
829,Saint of Fort Washington  The (1993),4.459882
829,Spanish Prisoner  The (1997),4.445293
829,Butcher Boy  The (1998),4.445293
829,Butcher Boy  The (1998),4.445293
829,Brothers in Trouble (1995),4.445293
829,Some Mother's Son (1996),4.434738
830,Angel Baby (1995),5.357014
830,Boys  Les (1997),4.81173
830,Great Day in Harlem  A (1994),4.589761
830,Someone Else's America (1995),4.54587
830,N?nette et Boni (1996),4.5318704
830,Schindler's List (1993),4.5134296
830,It's a Wonderful Life (1946),4.5125837
830,Pather Panchali (1955),4.510594
830,Santa with Muscles (1996),4.5101137
830,Close Shave  A (1995),4.4766965
831,Boys  Les (1997),4.928666
831,Angel Baby (1995),4.823274
831,Saint of Fort Washington  The (1993),4.6162143
831,Santa with Muscles (1996),4.5196595
831,Pather Panchali (1955),4.410336
831,Star Wars (1977),4.3446565
831,Shawshank Redemption  The (1994),4.2989726
831,Star Kid (1997),4.2919974
831,Schindler's List (1993),4.290021
831,Raiders of the Lost Ark (1981),4.281973
832,Saint of Fort Washington  The (1993),3.94036
832,Golden Earrings (1947),3.9027278
832,Hurricane Streets (1998),3.8361497
832,Star Kid (1997),3.7554266
832,Santa with Muscles (1996),3.731054
832,Titanic (1997),3.7099788
832,Winter Guest  The (1997),3.6888065
832,Leading Man  The (1996),3.6608543
832,Shawshank Redemption  The (1994),3.6585793
832,Horseman on the Roof  The (Hussard sur le toit  Le) (1995),3.6447086
833,Boys  Les (1997),5.3506737
833,Mina Tannenbaum (1994),4.716029
833,In the Line of Duty 2 (1987),4.52468
833,Braindead (1992),4.5214934
833,Paradise Lost: The Child Murders at Robin Hood Hills (1996),4.381056
833,Angel Baby (1995),4.360745
833,Faust (1994),4.202553
833,Clockwork Orange  A (1971),4.190085
833,Aiqing wansui (1994),4.1520514
833,Boy's Life 2 (1997),4.132349
834,Saint of Fort Washington  The (1993),5.1680884
834,Santa with Muscles (1996),5.0629907
834,Boys  Les (1997),4.9681234
834,Star Kid (1997),4.8458977
834,Spanish Prisoner  The (1997),4.7658052
834,Butcher Boy  The (1998),4.7658052
834,Butcher Boy  The (1998),4.7658052
834,Brothers in Trouble (1995),4.7658052
834,Pather Panchali (1955),4.746868
834,Star Wars (1977),4.7038565
835,Angel Baby (1995),5.543568
835,Pather Panchali (1955),5.205979
835,8 Heads in a Duffel Bag (1997),5.1301756
835,Boys  Les (1997),5.128276
835,Anna (1996),5.02882
835,Some Mother's Son (1996),5.019117
835,The Deadly Cure (1996),4.946041
835,Spanish Prisoner  The (1997),4.909581
835,Butcher Boy  The (1998),4.909581
835,Butcher Boy  The (1998),4.909581
836,Boys  Les (1997),6.249111
836,Angel Baby (1995),5.8571525
836,Faust (1994),4.9953356
836,Paths of Glory (1957),4.875449
836,Santa with Muscles (1996),4.8519344
836,When We Were Kings (1996),4.802355
836,Pather Panchali (1955),4.7832837
836,Saint of Fort Washington  The (1993),4.760137
836,High Noon (1952),4.6230993
836,Aiqing wansui (1994),4.617529
837,N?nette et Boni (1996),5.5367136
837,Whole Wide World  The (1996),4.7989526
837,Sum of Us  The (1994),4.744542
837,So Dear to My Heart (1949),4.641072
837,Crooklyn (1994),4.5255446
837,Hugo Pool (1997),4.5250335
837,In the Bleak Midwinter (1995),4.4957213
837,Someone Else's America (1995),4.4600415
837,Angel Baby (1995),4.4573894
837,Boys Life (1995),4.4013414
838,Angel Baby (1995),5.072621
838,Pather Panchali (1955),5.0056868
838,Saint of Fort Washington  The (1993),4.976285
838,Boys  Les (1997),4.936464
838,Santa with Muscles (1996),4.9217896
838,Anna (1996),4.889692
838,Star Kid (1997),4.8674545
838,Spanish Prisoner  The (1997),4.8623753
838,Butcher Boy  The (1998),4.8623753
838,Butcher Boy  The (1998),4.8623753
839,Santa with Muscles (1996),4.7971425
839,Little City (1998),4.589659
839,Faust (1994),4.5661592
839,Wallace & Gromit: The Best of Aardman Animation (1996),4.5602927
839,Wrong Trousers  The (1993),4.546596
839,Close Shave  A (1995),4.42957
839,Whole Wide World  The (1996),4.367072
839,Star Kid (1997),4.3473806
839,Horseman on the Roof  The (Hussard sur le toit  Le) (1995),4.3260303
839,Maya Lin: A Strong Clear Vision (1994),4.2967033
840,Angel Baby (1995),5.609837
840,Boys  Les (1997),5.399091
840,Pather Panchali (1955),5.1246495
840,Anna (1996),4.9614167
840,Some Mother's Son (1996),4.867679
840,Spanish Prisoner  The (1997),4.811129
840,Butcher Boy  The (1998),4.811129
840,Butcher Boy  The (1998),4.811129
840,Brothers in Trouble (1995),4.811129
840,Santa with Muscles (1996),4.794548
841,Hurricane Streets (1998),5.1666336
841,Star Kid (1997),4.9601245
841,Horseman on the Roof  The (Hussard sur le toit  Le) (1995),4.952374
841,Slingshot  The (1993),4.910655
841,Santa with Muscles (1996),4.868944
841,Saint of Fort Washington  The (1993),4.8285036
841,Stalker (1979),4.793319
841,Leading Man  The (1996),4.785367
841,Spanish Prisoner  The (1997),4.7433195
841,Butcher Boy  The (1998),4.7433195
842,Mina Tannenbaum (1994),5.35753
842,American Dream (1990),5.2393074
842,Little City (1998),5.2197146
842,Double vie de V?ronique  La (Double Life of Veronique  The) (1991),5.096351
842,Kaspar Hauser (1993),5.07836
842,Stalker (1979),5.059658
842,Pillow Book  The (1995),5.0368924
842,Bitter Sugar (Azucar Amargo) (1996),5.014451
842,Santa with Muscles (1996),4.9939857
842,Slingshot  The (1993),4.988057
843,Santa with Muscles (1996),3.8833904
843,Saint of Fort Washington  The (1993),3.7475533
843,Harlem (1993),3.5838115
843,Little City (1998),3.5552201
843,Mina Tannenbaum (1994),3.549953
843,Star Kid (1997),3.5349498
843,Wallace & Gromit: The Best of Aardman Animation (1996),3.5336158
843,Wrong Trousers  The (1993),3.5185413
843,My Man Godfrey (1936),3.50839
843,Haunted World of Edward D. Wood Jr.  The (1995),3.5064075
844,Angel Baby (1995),4.506341
844,Pather Panchali (1955),4.4012594
844,Saint of Fort Washington  The (1993),4.3800607
844,Santa with Muscles (1996),4.3242393
844,Boys  Les (1997),4.315988
844,Anna (1996),4.3002634
844,Star Kid (1997),4.286814
844,Spanish Prisoner  The (1997),4.2599335
844,Butcher Boy  The (1998),4.2599335
844,Butcher Boy  The (1998),4.2599335
845,Hurricane Streets (1998),5.141591
845,Rendezvous in Paris (Rendez-vous de Paris  Les) (1995),4.7540045
845,Hugo Pool (1997),4.679022
845,Sum of Us  The (1994),4.5371485
845,Love! Valour! Compassion! (1997),4.4412436
845,N?nette et Boni (1996),4.4070196
845,Radioland Murders (1994),4.223407
845,Love & Human Remains (1993),4.190144
845,Stalker (1979),4.1392965
845,Switchback (1997),4.1259646
846,Boys  Les (1997),5.460207
846,Angel Baby (1995),5.217082
846,Saint of Fort Washington  The (1993),5.12426
846,Pather Panchali (1955),5.0078297
846,Santa with Muscles (1996),4.9344263
846,Spanish Prisoner  The (1997),4.8585916
846,Butcher Boy  The (1998),4.8585916
846,Butcher Boy  The (1998),4.8585916
846,Brothers in Trouble (1995),4.8585916
846,Anna (1996),4.8125196
847,Whole Wide World  The (1996),4.4709973
847,Horseman on the Roof  The (Hussard sur le toit  Le) (1995),4.343842
847,Santa with Muscles (1996),4.2902765
847,Close Shave  A (1995),4.2451024
847,Wrong Trousers  The (1993),4.2333603
847,Boys of St. Vincent  The (1993),4.1845093
847,Great Day in Harlem  A (1994),4.165832
847,N?nette et Boni (1996),4.1412597
847,Wallace & Gromit: The Best of Aardman Animation (1996),4.089461
847,Story of Xinghua  The (1993),4.0797367
848,N?nette et Boni (1996),5.417992
848,Whole Wide World  The (1996),5.359697
848,Angel Baby (1995),5.319337
848,Santa with Muscles (1996),5.317833
848,Close Shave  A (1995),5.309731
848,Horseman on the Roof  The (Hussard sur le toit  Le) (1995),5.26144
848,Wrong Trousers  The (1993),5.207244
848,Great Day in Harlem  A (1994),5.1663737
848,Pather Panchali (1955),5.1646237
848,Star Kid (1997),5.141179
849,Hurricane Streets (1998),6.2202497
849,Saint of Fort Washington  The (1993),6.032128
849,Golden Earrings (1947),5.9454613
849,Star Kid (1997),5.905737
849,Santa with Muscles (1996),5.7522373
849,Spanish Prisoner  The (1997),5.746057
849,Butcher Boy  The (1998),5.746057
849,Butcher Boy  The (1998),5.746057
849,Brothers in Trouble (1995),5.746057
849,Horseman on the Roof  The (Hussard sur le toit  Le) (1995),5.718439
850,Visitors  The (Visiteurs  Les) (1993),5.7954497
850,Golden Earrings (1947),5.5161324
850,Horseman on the Roof  The (Hussard sur le toit  Le) (1995),5.242489
850,Love in the Afternoon (1957),5.2152576
850,Titanic (1997),5.1880827
850,Raiders of the Lost Ark (1981),5.0815196
850,Hurricane Streets (1998),5.047566
850,Selena (1997),5.040259
850,Braveheart (1995),5.01168
850,It's a Wonderful Life (1946),4.999579
851,Boys  Les (1997),5.4530554
851,Saint of Fort Washington  The (1993),5.223542
851,Angel Baby (1995),5.1311593
851,Pather Panchali (1955),4.969264
851,Santa with Muscles (1996),4.919684
851,Spanish Prisoner  The (1997),4.8530726
851,Butcher Boy  The (1998),4.8530726
851,Butcher Boy  The (1998),4.8530726
851,Brothers in Trouble (1995),4.8530726
851,Star Kid (1997),4.791806
852,Hurricane Streets (1998),4.783587
852,Star Kid (1997),4.7191143
852,Saint of Fort Washington  The (1993),4.706807
852,Santa with Muscles (1996),4.6185045
852,Spanish Prisoner  The (1997),4.5983386
852,Butcher Boy  The (1998),4.5983386
852,Butcher Boy  The (1998),4.5983386
852,Brothers in Trouble (1995),4.5983386
852,Horseman on the Roof  The (Hussard sur le toit  Le) (1995),4.591419
852,Some Mother's Son (1996),4.5741982
853,Horseman on the Roof  The (Hussard sur le toit  Le) (1995),4.079601
853,Hurricane Streets (1998),3.9527206
853,Titanic (1997),3.9339807
853,Rough Magic (1995),3.9298012
853,Santa with Muscles (1996),3.8692954
853,Ayn Rand: A Sense of Life (1997),3.8535535
853,Star Kid (1997),3.8218298
853,Whole Wide World  The (1996),3.8165736
853,Boys of St. Vincent  The (1993),3.8126743
853,Golden Earrings (1947),3.7803721
854,Boys  Les (1997),4.975032
854,Angel Baby (1995),4.6658382
854,Pather Panchali (1955),4.381532
854,Saint of Fort Washington  The (1993),4.27081
854,Santa with Muscles (1996),4.2346654
854,Spanish Prisoner  The (1997),4.2005973
854,Butcher Boy  The (1998),4.2005973
854,Butcher Boy  The (1998),4.2005973
854,Brothers in Trouble (1995),4.2005973
854,Anna (1996),4.1972947
855,Boys  Les (1997),4.578536
855,Angel Baby (1995),4.4166255
855,Pather Panchali (1955),4.007518
855,Saint of Fort Washington  The (1993),3.9165845
855,Santa with Muscles (1996),3.9102924
855,Faust (1994),3.8502028
855,Anna (1996),3.8366241
855,Spanish Prisoner  The (1997),3.7996066
855,Butcher Boy  The (1998),3.7996066
855,Butcher Boy  The (1998),3.7996066
856,Santa with Muscles (1996),4.759537
856,Saint of Fort Washington  The (1993),4.6801314
856,Star Kid (1997),4.5595098
856,Pather Panchali (1955),4.47712
856,Spanish Prisoner  The (1997),4.475336
856,Butcher Boy  The (1998),4.475336
856,Butcher Boy  The (1998),4.475336
856,Brothers in Trouble (1995),4.475336
856,Boys  Les (1997),4.4680343
856,Wrong Trousers  The (1993),4.439025
857,N?nette et Boni (1996),5.3246336
857,Angel Baby (1995),4.987477
857,Some Mother's Son (1996),4.8957524
857,Pather Panchali (1955),4.8345213
857,Anna (1996),4.8189855
857,Someone Else's America (1995),4.776702
857,Bitter Sugar (Azucar Amargo) (1996),4.718664
857,In the Bleak Midwinter (1995),4.70694
857,The Deadly Cure (1996),4.683468
857,Year of the Horse (1997),4.653663
858,Some Mother's Son (1996),4.6476164
858,Year of the Horse (1997),4.6319766
858,Pather Panchali (1955),4.608258
858,8 Heads in a Duffel Bag (1997),4.6011944
858,Love and Death on Long Island (1997),4.5815487
858,The Deadly Cure (1996),4.492124
858,Anna (1996),4.489715
858,Incognito (1997),4.4896903
858,Spanish Prisoner  The (1997),4.4599056
858,Butcher Boy  The (1998),4.4599056
859,Love and Death on Long Island (1997),5.62048
859,Winter Guest  The (1997),5.5640354
859,Slingshot  The (1993),5.5143805
859,Frisk (1995),5.377374
859,Hurricane Streets (1998),5.3154473
859,Stalker (1979),5.123735
859,Some Mother's Son (1996),5.065827
859,Bitter Sugar (Azucar Amargo) (1996),5.0449924
859,Double vie de V?ronique  La (Double Life of Veronique  The) (1991),4.990244
859,Spanish Prisoner  The (1997),4.942419
860,Angel Baby (1995),4.5605464
860,Pather Panchali (1955),4.4161024
860,Boys  Les (1997),4.3354363
860,Anna (1996),4.3032746
860,Some Mother's Son (1996),4.2910767
860,Spanish Prisoner  The (1997),4.2268853
860,Butcher Boy  The (1998),4.2268853
860,Butcher Boy  The (1998),4.2268853
860,Brothers in Trouble (1995),4.2268853
860,Saint of Fort Washington  The (1993),4.1903725
861,N?nette et Boni (1996),5.8209486
861,Sum of Us  The (1994),5.443657
861,Whole Wide World  The (1996),5.4325747
861,Hugo Pool (1997),5.301245
861,Love! Valour! Compassion! (1997),5.1155624
861,Crooklyn (1994),5.0991583
861,To Live (Huozhe) (1994),5.037018
861,Horseman on the Roof  The (Hussard sur le toit  Le) (1995),5.010666
861,Some Mother's Son (1996),5.00775
861,So Dear to My Heart (1949),4.9922295
862,Saint of Fort Washington  The (1993),5.6241693
862,Santa with Muscles (1996),5.5143023
862,Star Kid (1997),5.468271
862,Spanish Prisoner  The (1997),5.428729
862,Butcher Boy  The (1998),5.428729
862,Butcher Boy  The (1998),5.428729
862,Brothers in Trouble (1995),5.428729
862,Pather Panchali (1955),5.359069
862,Some Mother's Son (1996),5.313702
862,Anna (1996),5.2790833
863,Boys  Les (1997),5.989128
863,Saint of Fort Washington  The (1993),5.199524
863,Angel Baby (1995),5.1069846
863,In the Line of Duty 2 (1987),5.0112753
863,Paradise Lost: The Child Murders at Robin Hood Hills (1996),4.8644834
863,Santa with Muscles (1996),4.8607807
863,Mina Tannenbaum (1994),4.8436604
863,Pather Panchali (1955),4.774651
863,Godfather  The (1972),4.7142415
863,Spanish Prisoner  The (1997),4.6671424
864,Saint of Fort Washington  The (1993),5.185047
864,Boys  Les (1997),5.0944247
864,Santa with Muscles (1996),5.083
864,Star Kid (1997),4.888311
864,Pather Panchali (1955),4.865225
864,Angel Baby (1995),4.863336
864,Spanish Prisoner  The (1997),4.8141465
864,Butcher Boy  The (1998),4.8141465
864,Butcher Boy  The (1998),4.8141465
864,Brothers in Trouble (1995),4.8141465
865,Tough and Deadly (1995),5.634779
865,Little City (1998),4.656107
865,Two or Three Things I Know About Her (1966),4.6557317
865,Carried Away (1996),4.6058764
865,Grosse Fatigue (1994),4.5261445
865,Sweet Hereafter  The (1997),4.4959702
865,Nico Icon (1995),4.492142
865,Contempt (M?pris  Le) (1963),4.385355
865,Aiqing wansui (1994),4.378818
865,Boy's Life 2 (1997),4.3430905
866,Angel Baby (1995),4.610672
866,World of Apu  The (Apur Sansar) (1959),4.2635965
866,Boys  Les (1997),4.052763
866,The Deadly Cure (1996),3.8712418
866,In the Bleak Midwinter (1995),3.8183963
866,C'est arriv? pr?s de chez vous (1992),3.7161329
866,Aparajito (1956),3.7088084
866,Pather Panchali (1955),3.57432
866,Top Hat (1935),3.5475733
866,Someone Else's America (1995),3.5266385
867,Santa with Muscles (1996),5.446758
867,Faust (1994),5.266923
867,Boys  Les (1997),5.2599015
867,Wallace & Gromit: The Best of Aardman Animation (1996),5.1748896
867,Pather Panchali (1955),5.1601367
867,Wrong Trousers  The (1993),5.156623
867,Close Shave  A (1995),5.1527963
867,Saint of Fort Washington  The (1993),5.1374626
867,Star Kid (1997),5.130798
867,Spanish Prisoner  The (1997),5.101229
868,Boys  Les (1997),4.921497
868,Mina Tannenbaum (1994),4.660564
868,Aiqing wansui (1994),4.506156
868,Faust (1994),4.504715
868,Boy's Life 2 (1997),4.4846416
868,Kaspar Hauser (1993),4.3216047
868,Santa with Muscles (1996),4.307186
868,Maya Lin: A Strong Clear Vision (1994),4.277062
868,Angel Baby (1995),4.2169056
868,Grosse Fatigue (1994),4.201917
869,Boys  Les (1997),5.336119
869,Mina Tannenbaum (1994),5.1679106
869,In the Line of Duty 2 (1987),4.7240705
869,Paradise Lost: The Child Murders at Robin Hood Hills (1996),4.6935186
869,Braindead (1992),4.670727
869,Faust (1994),4.546284
869,Aiqing wansui (1994),4.4811487
869,Boy's Life 2 (1997),4.4783854
869,Santa with Muscles (1996),4.443581
869,Fear of a Black Hat (1993),4.432552
870,Boys  Les (1997),4.9039135
870,Angel Baby (1995),4.750821
870,Pather Panchali (1955),4.5173407
870,Saint of Fort Washington  The (1993),4.453699
870,Santa with Muscles (1996),4.378643
870,Anna (1996),4.351442
870,Spanish Prisoner  The (1997),4.345718
870,Butcher Boy  The (1998),4.345718
870,Butcher Boy  The (1998),4.345718
870,Brothers in Trouble (1995),4.345718
871,Saint of Fort Washington  The (1993),4.7986774
871,Santa with Muscles (1996),4.456467
871,Golden Earrings (1947),4.44261
871,Winter Guest  The (1997),4.3898215
871,Star Kid (1997),4.33407
871,Boys  Les (1997),4.32962
871,Shawshank Redemption  The (1994),4.2866306
871,Spanish Prisoner  The (1997),4.2724447
871,Butcher Boy  The (1998),4.2724447
871,Butcher Boy  The (1998),4.2724447
872,Ayn Rand: A Sense of Life (1997),4.841351
872,Rough Magic (1995),4.659921
872,Harlem (1993),4.529594
872,Doom Generation  The (1995),4.524782
872,Hurricane Streets (1998),4.439436
872,Titanic (1997),4.381676
872,Visitors  The (Visiteurs  Les) (1993),4.359959
872,Golden Earrings (1947),4.35544
872,Horseman on the Roof  The (Hussard sur le toit  Le) (1995),4.3187065
872,Man in the Iron Mask  The (1998),4.2799916
873,Visitors  The (Visiteurs  Les) (1993),4.60996
873,Golden Earrings (1947),4.426736
873,8 Seconds (1994),4.32685
873,Love in the Afternoon (1957),4.314328
873,Titanic (1997),4.1630774
873,Raiders of the Lost Ark (1981),4.1164727
873,Ayn Rand: A Sense of Life (1997),4.0762506
873,Horseman on the Roof  The (Hussard sur le toit  Le) (1995),4.0163875
873,Braveheart (1995),4.0155554
873,Rough Magic (1995),3.9681482
874,Angel Baby (1995),4.8874316
874,Boys  Les (1997),4.8456182
874,Pather Panchali (1955),4.7512803
874,Anna (1996),4.642074
874,Santa with Muscles (1996),4.6310735
874,Some Mother's Son (1996),4.6086993
874,Spanish Prisoner  The (1997),4.571419
874,Butcher Boy  The (1998),4.571419
874,Butcher Boy  The (1998),4.571419
874,Brothers in Trouble (1995),4.571419
875,Boys  Les (1997),5.697866
875,Angel Baby (1995),5.2380114
875,Pather Panchali (1955),5.1323113
875,Saint of Fort Washington  The (1993),5.0914025
875,Santa with Muscles (1996),5.058468
875,Spanish Prisoner  The (1997),5.001269
875,Butcher Boy  The (1998),5.001269
875,Butcher Boy  The (1998),5.001269
875,Brothers in Trouble (1995),5.001269
875,Mina Tannenbaum (1994),4.97523
876,Angel Baby (1995),5.245377
876,Pather Panchali (1955),5.11207
876,Anna (1996),5.044323
876,Santa with Muscles (1996),5.0433927
876,Some Mother's Son (1996),4.9888515
876,Close Shave  A (1995),4.986332
876,N?nette et Boni (1996),4.9802203
876,Star Kid (1997),4.935067
876,Spanish Prisoner  The (1997),4.9100533
876,Butcher Boy  The (1998),4.9100533
877,Some Mother's Son (1996),4.8608823
877,Pather Panchali (1955),4.840224
877,Spanish Prisoner  The (1997),4.7979426
877,Butcher Boy  The (1998),4.7979426
877,Butcher Boy  The (1998),4.7979426
877,Brothers in Trouble (1995),4.7979426
877,Saint of Fort Washington  The (1993),4.7839446
877,Anna (1996),4.7720704
877,Star Kid (1997),4.745668
877,Santa with Muscles (1996),4.6013303
878,Angel Baby (1995),5.051111
878,Boys  Les (1997),4.5574517
878,Pather Panchali (1955),4.2123246
878,World of Apu  The (Apur Sansar) (1959),4.208533
878,The Deadly Cure (1996),4.130908
878,Someone Else's America (1995),4.0960765
878,In the Bleak Midwinter (1995),4.0324893
878,Anna (1996),4.027808
878,Little Princess  The (1939),4.021373
878,Casablanca (1942),3.9230776
879,Saint of Fort Washington  The (1993),4.697832
879,Hurricane Streets (1998),4.6375875
879,Star Kid (1997),4.633083
879,Spanish Prisoner  The (1997),4.599315
879,Butcher Boy  The (1998),4.599315
879,Butcher Boy  The (1998),4.599315
879,Brothers in Trouble (1995),4.599315
879,Some Mother's Son (1996),4.59801
879,Pather Panchali (1955),4.5675035
879,Anna (1996),4.522773
880,Saint of Fort Washington  The (1993),4.964548
880,Santa with Muscles (1996),4.904228
880,Boys  Les (1997),4.78632
880,Star Kid (1997),4.7561717
880,Spanish Prisoner  The (1997),4.741646
880,Butcher Boy  The (1998),4.741646
880,Butcher Boy  The (1998),4.741646
880,Brothers in Trouble (1995),4.741646
880,Pather Panchali (1955),4.7363048
880,Anna (1996),4.624725
881,Boys  Les (1997),4.6422014
881,Angel Baby (1995),4.6024604
881,Saint of Fort Washington  The (1993),4.5034623
881,Santa with Muscles (1996),4.441088
881,Star Wars (1977),4.315756
881,Raiders of the Lost Ark (1981),4.2936563
881,Golden Earrings (1947),4.293168
881,Shawshank Redemption  The (1994),4.231894
881,Pather Panchali (1955),4.2198796
881,Schindler's List (1993),4.2143164
882,Angel Baby (1995),5.6047983
882,Boys  Les (1997),5.4571247
882,Saint of Fort Washington  The (1993),5.185116
882,Santa with Muscles (1996),5.0849004
882,Golden Earrings (1947),5.0619144
882,Raiders of the Lost Ark (1981),5.001135
882,Star Wars (1977),4.992633
882,Schindler's List (1993),4.9923353
882,Pather Panchali (1955),4.988105
882,Shawshank Redemption  The (1994),4.9605055
883,Santa with Muscles (1996),5.070058
883,Spanish Prisoner  The (1997),4.9165835
883,Butcher Boy  The (1998),4.9165835
883,Butcher Boy  The (1998),4.9165835
883,Brothers in Trouble (1995),4.9165835
883,Saint of Fort Washington  The (1993),4.8887477
883,Pather Panchali (1955),4.8877664
883,Star Kid (1997),4.877686
883,Some Mother's Son (1996),4.8697352
883,Wallace & Gromit: The Best of Aardman Animation (1996),4.848947
884,Angel Baby (1995),5.1593223
884,Boys  Les (1997),4.854164
884,Pather Panchali (1955),4.75524
884,Boy's Life 2 (1997),4.752004
884,Aparajito (1956),4.721908
884,The Deadly Cure (1996),4.6884604
884,Aiqing wansui (1994),4.63474
884,Some Mother's Son (1996),4.6300635
884,Anna (1996),4.626865
884,World of Apu  The (Apur Sansar) (1959),4.626121
885,Golden Earrings (1947),4.2860975
885,Angel Baby (1995),4.1560035
885,Saint of Fort Washington  The (1993),4.112351
885,Schindler's List (1993),4.034656
885,Raiders of the Lost Ark (1981),4.0274897
885,Horseman on the Roof  The (Hussard sur le toit  Le) (1995),4.02077
885,Shawshank Redemption  The (1994),4.019975
885,Titanic (1997),4.008968
885,Santa with Muscles (1996),4.0026383
885,Braveheart (1995),3.9759262
886,Boys  Les (1997),5.021657
886,Saint of Fort Washington  The (1993),4.744517
886,Santa with Muscles (1996),4.544633
886,Angel Baby (1995),4.3280463
886,Star Wars (1977),4.285188
886,Pather Panchali (1955),4.2207227
886,Star Kid (1997),4.219014
886,Usual Suspects  The (1995),4.206811
886,Spanish Prisoner  The (1997),4.202397
886,Butcher Boy  The (1998),4.202397
887,Winter Guest  The (1997),6.1039815
887,Harlem (1993),5.8542743
887,Killer (Bulletproof Heart) (1994),5.514235
887,Ayn Rand: A Sense of Life (1997),5.5006714
887,Saint of Fort Washington  The (1993),5.439033
887,Leading Man  The (1996),5.3951755
887,Wild Things (1998),5.3231387
887,Slingshot  The (1993),5.2394886
887,Santa with Muscles (1996),5.2213054
887,Frisk (1995),5.203614
888,Saint of Fort Washington  The (1993),5.430528
888,Pather Panchali (1955),5.4015913
888,Santa with Muscles (1996),5.366551
888,Star Kid (1997),5.3295608
888,Spanish Prisoner  The (1997),5.3132243
888,Butcher Boy  The (1998),5.3132243
888,Butcher Boy  The (1998),5.3132243
888,Brothers in Trouble (1995),5.3132243
888,Anna (1996),5.2982984
888,Angel Baby (1995),5.2738113
889,Saint of Fort Washington  The (1993),4.5769105
889,Santa with Muscles (1996),4.507116
889,Boys  Les (1997),4.4651117
889,Star Kid (1997),4.363712
889,Pather Panchali (1955),4.3630815
889,Spanish Prisoner  The (1997),4.361686
889,Butcher Boy  The (1998),4.361686
889,Butcher Boy  The (1998),4.361686
889,Brothers in Trouble (1995),4.361686
889,Anna (1996),4.2512617
890,Boys  Les (1997),6.120509
890,Angel Baby (1995),6.016793
890,World of Apu  The (Apur Sansar) (1959),5.069055
890,Pather Panchali (1955),5.0179663
890,The Deadly Cure (1996),4.778946
890,Faust (1994),4.7492356
890,Anna (1996),4.7338
890,Aiqing wansui (1994),4.700292
890,Saint of Fort Washington  The (1993),4.6997066
890,When We Were Kings (1996),4.689192
891,Hurricane Streets (1998),5.8541026
891,Rendezvous in Paris (Rendez-vous de Paris  Les) (1995),5.459459
891,8 Heads in a Duffel Bag (1997),5.3250437
891,N?nette et Boni (1996),5.3072157
891,Some Mother's Son (1996),5.2731614
891,Hugo Pool (1997),5.2134266
891,Anna (1996),5.156646
891,Pather Panchali (1955),5.1551704
891,Sum of Us  The (1994),5.1409106
891,Star Kid (1997),5.096223
892,Boys  Les (1997),5.6207733
892,Angel Baby (1995),5.449669
892,Saint of Fort Washington  The (1993),5.199869
892,Santa with Muscles (1996),5.16327
892,Pather Panchali (1955),5.0520897
892,Star Kid (1997),4.8885326
892,Star Wars (1977),4.866732
892,They Made Me a Criminal (1939),4.86625
892,Spanish Prisoner  The (1997),4.861762
892,Butcher Boy  The (1998),4.861762
893,Saint of Fort Washington  The (1993),4.840586
893,Santa with Muscles (1996),4.652259
893,Star Kid (1997),4.5548167
893,Golden Earrings (1947),4.476758
893,Spanish Prisoner  The (1997),4.4719915
893,Butcher Boy  The (1998),4.4719915
893,Butcher Boy  The (1998),4.4719915
893,Brothers in Trouble (1995),4.4719915
893,Shawshank Redemption  The (1994),4.437108
893,Pather Panchali (1955),4.42516
894,Some Mother's Son (1996),4.835724
894,Pather Panchali (1955),4.8180404
894,Anna (1996),4.729818
894,Spanish Prisoner  The (1997),4.691143
894,Butcher Boy  The (1998),4.691143
894,Butcher Boy  The (1998),4.691143
894,Brothers in Trouble (1995),4.691143
894,Angel Baby (1995),4.6500044
894,Bitter Sugar (Azucar Amargo) (1996),4.5546203
894,Star Kid (1997),4.5351434
895,Angel Baby (1995),5.309955
895,Pather Panchali (1955),5.2527156
895,Anna (1996),5.143081
895,Some Mother's Son (1996),5.1274214
895,Boys  Les (1997),5.120761
895,Spanish Prisoner  The (1997),5.0773168
895,Butcher Boy  The (1998),5.0773168
895,Butcher Boy  The (1998),5.0773168
895,Brothers in Trouble (1995),5.0773168
895,Santa with Muscles (1996),5.04905
896,Boys  Les (1997),4.876925
896,Angel Baby (1995),4.798862
896,Saint of Fort Washington  The (1993),4.1420584
896,Santa with Muscles (1996),4.033869
896,Pather Panchali (1955),4.0145354
896,Star Wars (1977),3.9761438
896,Raiders of the Lost Ark (1981),3.9264786
896,Schindler's List (1993),3.9181573
896,Shawshank Redemption  The (1994),3.8818896
896,Casablanca (1942),3.8734205
897,Saint of Fort Washington  The (1993),5.230871
897,Golden Earrings (1947),5.112815
897,8 Heads in a Duffel Bag (1997),4.9754305
897,Shawshank Redemption  The (1994),4.838251
897,Star Kid (1997),4.818686
897,Santa with Muscles (1996),4.793824
897,Spanish Prisoner  The (1997),4.7721653
897,Butcher Boy  The (1998),4.7721653
897,Butcher Boy  The (1998),4.7721653
897,Brothers in Trouble (1995),4.7721653
898,Winter Guest  The (1997),5.085896
898,Love and Death on Long Island (1997),5.053718
898,Slingshot  The (1993),4.881085
898,Saint of Fort Washington  The (1993),4.673986
898,Spanish Prisoner  The (1997),4.6506314
898,Butcher Boy  The (1998),4.6506314
898,Butcher Boy  The (1998),4.6506314
898,Brothers in Trouble (1995),4.6506314
898,Double vie de V?ronique  La (Double Life of Veronique  The) (1991),4.6309276
898,Frisk (1995),4.619016
899,Angel Baby (1995),4.667223
899,Pather Panchali (1955),4.297438
899,N?nette et Boni (1996),4.2902503
899,Santa with Muscles (1996),4.289496
899,Horseman on the Roof  The (Hussard sur le toit  Le) (1995),4.263931
899,Someone Else's America (1995),4.223968
899,Anna (1996),4.212624
899,Schindler's List (1993),4.211299
899,Close Shave  A (1995),4.2030783
899,Boys  Les (1997),4.201114
900,Santa with Muscles (1996),3.7175422
900,Boys  Les (1997),3.6994092
900,Faust (1994),3.676151
900,Close Shave  A (1995),3.5629358
900,Wrong Trousers  The (1993),3.5426261
900,Angel Baby (1995),3.5283916
900,Wallace & Gromit: The Best of Aardman Animation (1996),3.4596183
900,Great Day in Harlem  A (1994),3.407929
900,Two or Three Things I Know About Her (1966),3.392254
900,Star Wars (1977),3.3790991
901,Golden Earrings (1947),5.4096336
901,Visitors  The (Visiteurs  Les) (1993),5.4091196
901,Selena (1997),5.039739
901,Hurricane Streets (1998),4.9638515
901,8 Heads in a Duffel Bag (1997),4.955667
901,Love in the Afternoon (1957),4.813945
901,It's a Wonderful Life (1946),4.8083744
901,Braveheart (1995),4.8067403
901,Titanic (1997),4.7792373
901,Affair to Remember  An (1957),4.7683473
902,Angel Baby (1995),5.4064302
902,Boys  Les (1997),5.1014953
902,Little Princess  The (1939),4.4527717
902,Golden Earrings (1947),4.4089713
902,It's a Wonderful Life (1946),4.357724
902,Selena (1997),4.354229
902,Little Princess  A (1995),4.317878
902,Love Serenade (1996),4.316793
902,Schindler's List (1993),4.2864275
902,8 Heads in a Duffel Bag (1997),4.2608576
903,Boys  Les (1997),5.6069226
903,Angel Baby (1995),5.0886955
903,Saint of Fort Washington  The (1993),5.0145807
903,Pather Panchali (1955),4.9198246
903,Spanish Prisoner  The (1997),4.789761
903,Butcher Boy  The (1998),4.789761
903,Butcher Boy  The (1998),4.789761
903,Brothers in Trouble (1995),4.789761
903,Santa with Muscles (1996),4.785838
903,Mina Tannenbaum (1994),4.7206936
904,Hurricane Streets (1998),5.835962
904,Rendezvous in Paris (Rendez-vous de Paris  Les) (1995),5.105356
904,Hugo Pool (1997),4.8631325
904,8 Heads in a Duffel Bag (1997),4.8288007
904,Sum of Us  The (1994),4.820071
904,Radioland Murders (1994),4.770934
904,Golden Earrings (1947),4.617365
904,Love & Human Remains (1993),4.5914483
904,N?nette et Boni (1996),4.577428
904,Doom Generation  The (1995),4.5667567
905,Saint of Fort Washington  The (1993),4.4460955
905,Boys  Les (1997),4.4381795
905,Pather Panchali (1955),4.384106
905,Santa with Muscles (1996),4.3799214
905,Angel Baby (1995),4.328021
905,Spanish Prisoner  The (1997),4.313001
905,Butcher Boy  The (1998),4.313001
905,Butcher Boy  The (1998),4.313001
905,Brothers in Trouble (1995),4.313001
905,Star Kid (1997),4.2882986
906,Some Mother's Son (1996),5.023494
906,Pather Panchali (1955),4.9740343
906,Anna (1996),4.911879
906,Spanish Prisoner  The (1997),4.87631
906,Butcher Boy  The (1998),4.87631
906,Butcher Boy  The (1998),4.87631
906,Brothers in Trouble (1995),4.87631
906,Star Kid (1997),4.7881627
906,Saint of Fort Washington  The (1993),4.7474856
906,Angel Baby (1995),4.6988235
907,Hurricane Streets (1998),6.5348167
907,8 Heads in a Duffel Bag (1997),5.947213
907,Golden Earrings (1947),5.9127913
907,Saint of Fort Washington  The (1993),5.6197543
907,Star Kid (1997),5.565232
907,Leading Man  The (1996),5.517344
907,Shawshank Redemption  The (1994),5.4617743
907,Horseman on the Roof  The (Hussard sur le toit  Le) (1995),5.434
907,Rendezvous in Paris (Rendez-vous de Paris  Les) (1995),5.432349
907,Some Mother's Son (1996),5.4315386
908,Angel Baby (1995),4.531766
908,Boys  Les (1997),4.334245
908,Pather Panchali (1955),4.1821404
908,Santa with Muscles (1996),4.124383
908,Saint of Fort Washington  The (1993),4.0958743
908,Anna (1996),4.062953
908,They Made Me a Criminal (1939),4.006807
908,Star Kid (1997),4.001618
908,Spanish Prisoner  The (1997),3.9734364
908,Butcher Boy  The (1998),3.9734364
909,N?nette et Boni (1996),5.457892
909,Angel Baby (1995),5.3912153
909,Pather Panchali (1955),5.3711343
909,Some Mother's Son (1996),5.343336
909,Anna (1996),5.3252335
909,Someone Else's America (1995),5.2238216
909,Star Kid (1997),5.1776037
909,Spanish Prisoner  The (1997),5.1539135
909,Butcher Boy  The (1998),5.1539135
909,Butcher Boy  The (1998),5.1539135
910,Boys  Les (1997),4.6965375
910,Angel Baby (1995),4.590429
910,Saint of Fort Washington  The (1993),4.200099
910,Pather Panchali (1955),4.188502
910,Santa with Muscles (1996),4.1495557
910,Anna (1996),4.0177712
910,Spanish Prisoner  The (1997),3.9902508
910,Butcher Boy  The (1998),3.9902508
910,Butcher Boy  The (1998),3.9902508
910,Brothers in Trouble (1995),3.9902508
911,Angel Baby (1995),4.811812
911,Pather Panchali (1955),4.7083583
911,Anna (1996),4.629697
911,Some Mother's Son (1996),4.599579
911,Santa with Muscles (1996),4.5358586
911,Spanish Prisoner  The (1997),4.524569
911,Butcher Boy  The (1998),4.524569
911,Butcher Boy  The (1998),4.524569
911,Brothers in Trouble (1995),4.524569
911,Star Kid (1997),4.512064
912,Angel Baby (1995),5.4303107
912,8 Heads in a Duffel Bag (1997),4.698264
912,Little Princess  The (1939),4.6114817
912,Someone Else's America (1995),4.6099668
912,World of Apu  The (Apur Sansar) (1959),4.5593863
912,The Deadly Cure (1996),4.556347
912,Pather Panchali (1955),4.542052
912,Boys  Les (1997),4.5069795
912,N?nette et Boni (1996),4.497618
912,In the Bleak Midwinter (1995),4.434511
913,Boys  Les (1997),5.074849
913,Angel Baby (1995),5.0293403
913,Pather Panchali (1955),4.3642325
913,Saint of Fort Washington  The (1993),4.2818365
913,Santa with Muscles (1996),4.2316866
913,Anna (1996),4.157676
913,Faust (1994),4.122925
913,Casablanca (1942),4.0981603
913,They Made Me a Criminal (1939),4.094142
913,Spanish Prisoner  The (1997),4.0728226
914,Angel Baby (1995),4.885548
914,N?nette et Boni (1996),4.5952377
914,In the Bleak Midwinter (1995),4.216491
914,Someone Else's America (1995),4.173781
914,Little Princess  The (1939),4.1676297
914,Best Men (1997),4.0811315
914,C'est arriv? pr?s de chez vous (1992),4.02944
914,House of Yes  The (1997),4.0205965
914,It's a Wonderful Life (1946),3.9822779
914,Everest (1998),3.9422853
915,Angel Baby (1995),5.175226
915,Boys  Les (1997),4.778211
915,Pather Panchali (1955),4.33927
915,8 Heads in a Duffel Bag (1997),4.3072
915,Little Princess  The (1939),4.254298
915,Schindler's List (1993),4.1879086
915,Someone Else's America (1995),4.182594
915,World of Apu  The (Apur Sansar) (1959),4.1705055
915,Anna (1996),4.1227293
915,The Deadly Cure (1996),4.1187215
916,Boys  Les (1997),4.874742
916,Angel Baby (1995),4.7565007
916,Pather Panchali (1955),4.677235
916,Some Mother's Son (1996),4.540222
916,Anna (1996),4.5284595
916,Spanish Prisoner  The (1997),4.5185413
916,Butcher Boy  The (1998),4.5185413
916,Butcher Boy  The (1998),4.5185413
916,Brothers in Trouble (1995),4.5185413
916,Saint of Fort Washington  The (1993),4.47056
917,Bitter Sugar (Azucar Amargo) (1996),5.165446
917,Stalker (1979),5.0718117
917,N?nette et Boni (1996),5.0574636
917,Some Mother's Son (1996),5.0498185
917,American Dream (1990),5.004216
917,Hugo Pool (1997),4.8880367
917,To Live (Huozhe) (1994),4.8498464
917,Whole Wide World  The (1996),4.8020334
917,Anna (1996),4.7965035
917,Slingshot  The (1993),4.7700067
918,Bitter Sugar (Azucar Amargo) (1996),4.4960413
918,Aparajito (1956),4.4210258
918,N?nette et Boni (1996),4.3714128
918,Some Mother's Son (1996),4.367123
918,Boy's Life 2 (1997),4.3646455
918,American Dream (1990),4.343739
918,Year of the Horse (1997),4.2998734
918,The Deadly Cure (1996),4.2919974
918,Before the Rain (Pred dozhdot) (1994),4.216013
918,Pather Panchali (1955),4.2142835
919,Saint of Fort Washington  The (1993),4.681736
919,Pather Panchali (1955),4.5418024
919,Spanish Prisoner  The (1997),4.5269957
919,Butcher Boy  The (1998),4.5269957
919,Butcher Boy  The (1998),4.5269957
919,Brothers in Trouble (1995),4.5269957
919,Star Kid (1997),4.500979
919,Some Mother's Son (1996),4.473019
919,Anna (1996),4.4434037
919,Santa with Muscles (1996),4.436926
920,Saint of Fort Washington  The (1993),4.390834
920,Boys  Les (1997),4.1914682
920,Santa with Muscles (1996),4.1372514
920,Winter Guest  The (1997),4.030218
920,Spanish Prisoner  The (1997),4.0280247
920,Butcher Boy  The (1998),4.0280247
920,Butcher Boy  The (1998),4.0280247
920,Brothers in Trouble (1995),4.0280247
920,Paradise Lost: The Child Murders at Robin Hood Hills (1996),4.005244
920,Mina Tannenbaum (1994),4.0009294
921,Golden Earrings (1947),4.504456
921,Visitors  The (Visiteurs  Les) (1993),4.4791665
921,Hurricane Streets (1998),4.2482715
921,Titanic (1997),4.1894193
921,Horseman on the Roof  The (Hussard sur le toit  Le) (1995),4.1429944
921,Love in the Afternoon (1957),4.106915
921,Ayn Rand: A Sense of Life (1997),4.080573
921,Rough Magic (1995),4.0384064
921,Raiders of the Lost Ark (1981),4.0367637
921,Braveheart (1995),4.0285234
922,Santa with Muscles (1996),4.5894895
922,Horseman on the Roof  The (Hussard sur le toit  Le) (1995),4.514017
922,Wrong Trousers  The (1993),4.391273
922,Close Shave  A (1995),4.348455
922,Whole Wide World  The (1996),4.345629
922,Star Kid (1997),4.341024
922,Saint of Fort Washington  The (1993),4.3348637
922,Titanic (1997),4.3088093
922,Great Day in Harlem  A (1994),4.2836776
922,Star Wars (1977),4.2762165
923,Saint of Fort Washington  The (1993),5.7470393
923,Spanish Prisoner  The (1997),5.5128226
923,Butcher Boy  The (1998),5.5128226
923,Butcher Boy  The (1998),5.5128226
923,Brothers in Trouble (1995),5.5128226
923,Pather Panchali (1955),5.45132
923,Star Kid (1997),5.4315968
923,Some Mother's Son (1996),5.401975
923,Santa with Muscles (1996),5.340476
923,Winter Guest  The (1997),5.332597
924,Angel Baby (1995),4.860891
924,Boys  Les (1997),4.755843
924,Pather Panchali (1955),4.551673
924,Saint of Fort Washington  The (1993),4.5286884
924,Santa with Muscles (1996),4.457898
924,Anna (1996),4.4067416
924,Spanish Prisoner  The (1997),4.354332
924,Butcher Boy  The (1998),4.354332
924,Butcher Boy  The (1998),4.354332
924,Brothers in Trouble (1995),4.354332
925,Winter Guest  The (1997),4.4913826
925,Saint of Fort Washington  The (1993),4.3599386
925,Golden Earrings (1947),4.251015
925,Ayn Rand: A Sense of Life (1997),4.194867
925,Harlem (1993),4.127796
925,Leading Man  The (1996),4.122293
925,Santa with Muscles (1996),4.01658
925,Hurricane Streets (1998),4.0014243
925,Titanic (1997),3.9958444
925,Star Kid (1997),3.9902537
926,Some Mother's Son (1996),4.437861
926,American Dream (1990),4.422163
926,Bitter Sugar (Azucar Amargo) (1996),4.3737054
926,Spanish Prisoner  The (1997),4.308645
926,Butcher Boy  The (1998),4.308645
926,Butcher Boy  The (1998),4.308645
926,Brothers in Trouble (1995),4.308645
926,Pather Panchali (1955),4.30634
926,Anna (1996),4.303748
926,Stalker (1979),4.2629075
927,Ayn Rand: A Sense of Life (1997),5.0253778
927,Titanic (1997),4.8507233
927,Horseman on the Roof  The (Hussard sur le toit  Le) (1995),4.826382
927,Rough Magic (1995),4.810224
927,Saint of Fort Washington  The (1993),4.7932186
927,Santa with Muscles (1996),4.7914877
927,Harlem (1993),4.7821045
927,Golden Earrings (1947),4.7432323
927,Star Kid (1997),4.6574807
927,Hurricane Streets (1998),4.648357
928,Hurricane Streets (1998),6.826112
928,Rendezvous in Paris (Rendez-vous de Paris  Les) (1995),6.3054748
928,Some Mother's Son (1996),6.18066
928,Hugo Pool (1997),6.113264
928,Slingshot  The (1993),6.0190983
928,Year of the Horse (1997),5.998289
928,Bitter Sugar (Azucar Amargo) (1996),5.9806566
928,8 Heads in a Duffel Bag (1997),5.940142
928,Stalker (1979),5.8407893
928,Anna (1996),5.838558
929,Boys  Les (1997),5.529711
929,Angel Baby (1995),5.243954
929,Pather Panchali (1955),4.27328
929,Saint of Fort Washington  The (1993),4.238845
929,World of Apu  The (Apur Sansar) (1959),4.1484566
929,When We Were Kings (1996),4.1387253
929,Faust (1994),4.112967
929,Paths of Glory (1957),4.1047816
929,Santa with Muscles (1996),4.091273
929,Godfather  The (1972),4.0697975
930,Hurricane Streets (1998),4.658458
930,N?nette et Boni (1996),4.419451
930,Rendezvous in Paris (Rendez-vous de Paris  Les) (1995),4.409746
930,Sum of Us  The (1994),4.330771
930,Hugo Pool (1997),4.3279986
930,Love! Valour! Compassion! (1997),4.0567827
930,Whole Wide World  The (1996),3.9110858
930,Dangerous Beauty (1998),3.9080362
930,Some Mother's Son (1996),3.8964696
930,To Live (Huozhe) (1994),3.8792238
931,8 Heads in a Duffel Bag (1997),4.8169017
931,Hurricane Streets (1998),4.742417
931,Angel Baby (1995),4.7215776
931,Pather Panchali (1955),4.700839
931,Some Mother's Son (1996),4.6426578
931,Anna (1996),4.6204805
931,Schindler's List (1993),4.5657663
931,Golden Earrings (1947),4.5643406
931,Someone Else's America (1995),4.5235615
931,Spanish Prisoner  The (1997),4.5186253
932,Angel Baby (1995),5.816945
932,Boys  Les (1997),5.5618567
932,Pather Panchali (1955),5.0750136
932,Faust (1994),4.9555407
932,Anna (1996),4.9070897
932,Close Shave  A (1995),4.8978662
932,Aiqing wansui (1994),4.874447
932,Santa with Muscles (1996),4.8653717
932,In the Bleak Midwinter (1995),4.8118544
932,Someone Else's America (1995),4.7718706
933,Boys  Les (1997),4.7362614
933,Angel Baby (1995),4.5727177
933,Pather Panchali (1955),3.8371553
933,Faust (1994),3.7824583
933,Santa with Muscles (1996),3.7434068
933,Saint of Fort Washington  The (1993),3.741462
933,When We Were Kings (1996),3.6620018
933,Paths of Glory (1957),3.661266
933,Anna (1996),3.625733
933,Casablanca (1942),3.601927
934,Santa with Muscles (1996),4.660808
934,Angel Baby (1995),4.6516166
934,Pather Panchali (1955),4.604186
934,Star Kid (1997),4.563469
934,Saint of Fort Washington  The (1993),4.554001
934,Anna (1996),4.535564
934,Horseman on the Roof  The (Hussard sur le toit  Le) (1995),4.4895463
934,They Made Me a Criminal (1939),4.4815745
934,Spanish Prisoner  The (1997),4.4759164
934,Butcher Boy  The (1998),4.4759164
935,Hurricane Streets (1998),5.7885246
935,Doom Generation  The (1995),5.0314746
935,Golden Earrings (1947),5.024244
935,Visitors  The (Visiteurs  Les) (1993),4.910334
935,Horseman on the Roof  The (Hussard sur le toit  Le) (1995),4.750479
935,Rough Magic (1995),4.7502527
935,Sum of Us  The (1994),4.74324
935,8 Heads in a Duffel Bag (1997),4.724145
935,Radioland Murders (1994),4.707637
935,Ayn Rand: A Sense of Life (1997),4.6904716
936,Some Mother's Son (1996),5.190929
936,American Dream (1990),5.1675763
936,Spanish Prisoner  The (1997),5.117533
936,Butcher Boy  The (1998),5.117533
936,Butcher Boy  The (1998),5.117533
936,Brothers in Trouble (1995),5.117533
936,Bitter Sugar (Azucar Amargo) (1996),5.1129966
936,Pather Panchali (1955),5.0526156
936,Anna (1996),4.996002
936,Love and Death on Long Island (1997),4.9766946
937,Angel Baby (1995),5.152033
937,Boys  Les (1997),4.674709
937,N?nette et Boni (1996),4.4231954
937,Close Shave  A (1995),4.3990874
937,Great Day in Harlem  A (1994),4.385289
937,In the Bleak Midwinter (1995),4.2841263
937,Pather Panchali (1955),4.279606
937,Faust (1994),4.277716
937,Santa with Muscles (1996),4.2741876
937,Someone Else's America (1995),4.267727
938,Saint of Fort Washington  The (1993),4.6311593
938,Golden Earrings (1947),4.494168
938,Santa with Muscles (1996),4.4142056
938,Star Kid (1997),4.319214
938,Titanic (1997),4.285856
938,Shawshank Redemption  The (1994),4.277581
938,Raiders of the Lost Ark (1981),4.224755
938,Star Wars (1977),4.2016163
938,Spanish Prisoner  The (1997),4.179542
938,Butcher Boy  The (1998),4.179542
939,Santa with Muscles (1996),5.9073095
939,Horseman on the Roof  The (Hussard sur le toit  Le) (1995),5.849394
939,Star Kid (1997),5.7890477
939,Saint of Fort Washington  The (1993),5.7852664
939,Titanic (1997),5.6594057
939,Wrong Trousers  The (1993),5.558953
939,Spanish Prisoner  The (1997),5.503267
939,Butcher Boy  The (1998),5.503267
939,Butcher Boy  The (1998),5.503267
939,Brothers in Trouble (1995),5.503267
940,Santa with Muscles (1996),4.336129
940,Saint of Fort Washington  The (1993),4.2983713
940,Star Kid (1997),4.2347374
940,Horseman on the Roof  The (Hussard sur le toit  Le) (1995),4.217426
940,Titanic (1997),4.1006255
940,Spanish Prisoner  The (1997),4.081842
940,Butcher Boy  The (1998),4.081842
940,Butcher Boy  The (1998),4.081842
940,Brothers in Trouble (1995),4.081842
940,Pather Panchali (1955),4.0813727
941,Santa with Muscles (1996),5.2518053
941,Star Kid (1997),5.056969
941,Saint of Fort Washington  The (1993),5.049827
941,Wrong Trousers  The (1993),4.969014
941,Spanish Prisoner  The (1997),4.945546
941,Butcher Boy  The (1998),4.945546
941,Butcher Boy  The (1998),4.945546
941,Brothers in Trouble (1995),4.945546
941,Wallace & Gromit: The Best of Aardman Animation (1996),4.941832
941,Pather Panchali (1955),4.9397984
942,Angel Baby (1995),5.427864
942,8 Heads in a Duffel Bag (1997),5.352747
942,Golden Earrings (1947),5.227279
942,Schindler's List (1993),5.045236
942,Pather Panchali (1955),5.0364466
942,Saint of Fort Washington  The (1993),4.990633
942,Shawshank Redemption  The (1994),4.959274
942,It's a Wonderful Life (1946),4.941274
942,Someone Else's America (1995),4.8945637
942,Selena (1997),4.8925943
943,In the Line of Duty 2 (1987),5.2060256
943,Saint of Fort Washington  The (1993),4.9973
943,Boys  Les (1997),4.912093
943,Winter Guest  The (1997),4.8656564
943,Paradise Lost: The Child Murders at Robin Hood Hills (1996),4.8424263
943,Love and Death on Long Island (1997),4.6091423
943,Mina Tannenbaum (1994),4.562108
943,Bitter Moon (1992),4.4851136
943,Clerks (1994),4.4155273
943,Golden Earrings (1947),4.4085846
